P5_2.5m_DD
  2.5000
3
2946
0
0
      0.0000,      2.5000,    1.000000      46.1270 
      2.5000,      2.5000,    1.000000      44.2220 
      5.0000,      2.5000,    1.000000      43.3130 
      7.5000,      2.5000,    1.000000      44.5460 
     10.0000,      2.5000,    1.000000      44.8690 
     12.5000,      2.5000,    1.000000      45.6450 
     15.0000,      2.5000,    1.000000      43.0630 
     17.5000,      2.5000,    1.000000      43.1470 
     20.0000,      2.5000,    1.000000      44.0480 
     22.5000,      2.5000,    1.000000      43.1130 
     25.0000,      2.5000,    1.000000      43.1520 
     27.5000,      2.5000,    1.000000      42.3280 
     30.0000,      2.5000,    1.000000      39.8070 
     32.5000,      2.5000,    1.000000      37.7310 
     35.0000,      2.5000,    1.000000      37.2900 
     37.5000,      2.5000,    1.000000      35.9610 
     40.0000,      2.5000,    1.000000      35.6060 
     42.5000,      2.5000,    1.000000      38.3700 
     45.0000,      2.5000,    1.000000      39.0120 
     47.5000,      2.5000,    1.000000      41.9180 
     50.0000,      2.5000,    1.000000      42.7760 
     52.5000,      2.5000,    1.000000      45.2430 
     55.0000,      2.5000,    1.000000      46.4600 
     57.5000,      2.5000,    1.000000      47.7290 
     60.0000,      2.5000,    1.000000      53.1770 
     62.5000,      2.5000,    1.000000      59.0820 
     65.0000,      2.5000,    1.000000      57.5400 
     67.5000,      2.5000,    1.000000      60.0780 
     70.0000,      2.5000,    1.000000      62.0400 
     72.5000,      2.5000,    1.000000      64.3810 
     75.0000,      2.5000,    1.000000      71.3100 
     77.5000,      2.5000,    1.000000      69.9340 
     80.0000,      2.5000,    1.000000      71.2600 
     82.5000,      2.5000,    1.000000      72.1710 
     85.0000,      2.5000,    1.000000      77.8670 
     87.5000,      2.5000,    1.000000      71.5310 
     90.0000,      2.5000,    1.000000      77.2210 
     92.5000,      2.5000,    1.000000      76.8770 
     95.0000,      2.5000,    1.000000      77.1230 
     97.5000,      2.5000,    1.000000      78.0350 
    100.0000,      2.5000,    1.000000      86.2340 
    102.5000,      2.5000,    1.000000      91.2320 
    105.0000,      2.5000,    1.000000      90.9550 
    107.5000,      2.5000,    1.000000      87.5250 
    110.0000,      2.5000,    1.000000      89.7400 
    112.5000,      2.5000,    1.000000      89.1860 
    115.0000,      2.5000,    1.000000      81.0660 
    117.5000,      2.5000,    1.000000      75.4500 
    120.0000,      2.5000,    1.000000      66.5990 
    122.5000,      2.5000,    1.000000      54.6520 
    125.0000,      2.5000,    1.000000      56.1200 
    127.5000,      2.5000,    1.000000      55.4710 
    130.0000,      2.5000,    1.000000      59.6830 
    132.5000,      2.5000,    1.000000      62.4730 
    135.0000,      2.5000,    1.000000      64.5530 
    137.5000,      2.5000,    1.000000      62.9590 
    140.0000,      2.5000,    1.000000      64.5360 
    142.5000,      2.5000,    1.000000      58.9630 
    145.0000,      2.5000,    1.000000      60.6190 
    147.5000,      2.5000,    1.000000      57.1630 
    150.0000,      2.5000,    1.000000      60.7570 
    152.5000,      2.5000,    1.000000      60.0890 
    155.0000,      2.5000,    1.000000      62.2730 
    157.5000,      2.5000,    1.000000      64.6530 
    160.0000,      2.5000,    1.000000      66.8500 
    162.5000,      2.5000,    1.000000      60.8440 
    165.0000,      2.5000,    1.000000      57.7770 
    167.5000,      2.5000,    1.000000      60.1290 
    170.0000,      2.5000,    1.000000      62.4020 
    172.5000,      2.5000,    1.000000      61.3280 
    175.0000,      2.5000,    1.000000      55.2740 
    177.5000,      2.5000,    1.000000      53.5580 
    180.0000,      2.5000,    1.000000      65.2040 
    182.5000,      2.5000,    1.000000      65.7080 
    185.0000,      2.5000,    1.000000      74.7960 
    187.5000,      2.5000,    1.000000      65.1100 
    190.0000,      2.5000,    1.000000      59.0050 
    192.5000,      2.5000,    1.000000      50.1330 
    195.0000,      2.5000,    1.000000      51.7450 
    197.5000,      2.5000,    1.000000      47.3740 
    205.0000,      2.5000,    1.000000      56.6560 
    207.5000,      2.5000,    1.000000      46.2390 
    210.0000,      2.5000,    1.000000      45.8240 
    212.5000,      2.5000,    1.000000      44.4460 
    215.0000,      2.5000,    1.000000      54.5230 
    217.5000,      2.5000,    1.000000      68.7370 
    220.0000,      2.5000,    1.000000      79.2130 
    222.5000,      2.5000,    1.000000      76.2900 
    225.0000,      2.5000,    1.000000      57.7690 
    227.5000,      2.5000,    1.000000      50.7860 
    230.0000,      2.5000,    1.000000      69.1720 
    232.5000,      2.5000,    1.000000     101.1280 
    235.0000,      2.5000,    1.000000     110.2060 
    237.5000,      2.5000,    1.000000     105.0820 
    240.0000,      2.5000,    1.000000     108.2200 
    242.5000,      2.5000,    1.000000      90.1450 
    245.0000,      2.5000,    1.000000     102.2040 
    247.5000,      2.5000,    1.000000      93.7860 
    250.0000,      2.5000,    1.000000      79.9280 
    252.5000,      2.5000,    1.000000      87.6870 
    255.0000,      2.5000,    1.000000      92.7360 
    257.5000,      2.5000,    1.000000      94.2520 
    260.0000,      2.5000,    1.000000      87.0640 
    262.5000,      2.5000,    1.000000      87.8070 
    265.0000,      2.5000,    1.000000      87.1040 
    267.5000,      2.5000,    1.000000      74.8320 
    270.0000,      2.5000,    1.000000      61.7350 
    272.5000,      2.5000,    1.000000      82.7490 
    275.0000,      2.5000,    1.000000      89.5760 
    277.5000,      2.5000,    1.000000      97.8150 
    280.0000,      2.5000,    1.000000      86.7790 
    282.5000,      2.5000,    1.000000      86.3830 
    285.0000,      2.5000,    1.000000      84.5640 
    287.5000,      2.5000,    1.000000      76.3930 
    290.0000,      2.5000,    1.000000      73.6860 
    292.5000,      2.5000,    1.000000     100.2210 
    295.0000,      2.5000,    1.000000      99.6610 
    297.5000,      2.5000,    1.000000     111.0760 
    300.0000,      2.5000,    1.000000     109.4000 
    302.5000,      2.5000,    1.000000      98.5410 
    305.0000,      2.5000,    1.000000      75.3590 
    307.5000,      2.5000,    1.000000      75.7810 
    310.0000,      2.5000,    1.000000      69.7880 
    312.5000,      2.5000,    1.000000      73.8550 
    315.0000,      2.5000,    1.000000      81.9100 
    317.5000,      2.5000,    1.000000      86.5070 
    320.0000,      2.5000,    1.000000      90.8950 
    322.5000,      2.5000,    1.000000      82.0940 
    325.0000,      2.5000,    1.000000      80.3430 
    327.5000,      2.5000,    1.000000      65.0200 
    330.0000,      2.5000,    1.000000      56.2190 
    332.5000,      2.5000,    1.000000      56.5910 
    335.0000,      2.5000,    1.000000      60.6410 
    337.5000,      2.5000,    1.000000      58.4420 
    340.0000,      2.5000,    1.000000      59.9780 
    342.5000,      2.5000,    1.000000      40.1010 
    345.0000,      2.5000,    1.000000      35.1070 
    347.5000,      2.5000,    1.000000      39.3580 
    350.0000,      2.5000,    1.000000      43.0330 
    352.5000,      2.5000,    1.000000      59.8230 
    355.0000,      2.5000,    1.000000      75.8270 
    357.5000,      2.5000,    1.000000      80.6670 
    360.0000,      2.5000,    1.000000      87.5370 
    362.5000,      2.5000,    1.000000      94.6190 
    365.0000,      2.5000,    1.000000      95.2420 
    367.5000,      2.5000,    1.000000      80.4850 
    370.0000,      2.5000,    1.000000      75.5690 
    372.5000,      2.5000,    1.000000      88.2020 
    375.0000,      2.5000,    1.000000      92.2060 
    377.5000,      2.5000,    1.000000     100.8180 
    380.0000,      2.5000,    1.000000      86.2690 
    382.5000,      2.5000,    1.000000      72.2430 
    385.0000,      2.5000,    1.000000      68.2860 
    387.5000,      2.5000,    1.000000      90.1290 
    390.0000,      2.5000,    1.000000     109.7880 
      0.0000,      2.5000,    2.000000      62.9530 
      2.5000,      2.5000,    2.000000      61.2360 
      5.0000,      2.5000,    2.000000      64.0150 
      7.5000,      2.5000,    2.000000      65.7350 
     10.0000,      2.5000,    2.000000      65.7910 
     12.5000,      2.5000,    2.000000      65.7590 
     15.0000,      2.5000,    2.000000      64.0090 
     17.5000,      2.5000,    2.000000      65.1220 
     20.0000,      2.5000,    2.000000      64.9190 
     22.5000,      2.5000,    2.000000      64.9780 
     25.0000,      2.5000,    2.000000      63.2960 
     27.5000,      2.5000,    2.000000      60.1390 
     30.0000,      2.5000,    2.000000      58.5820 
     32.5000,      2.5000,    2.000000      55.2310 
     35.0000,      2.5000,    2.000000      53.8230 
     37.5000,      2.5000,    2.000000      52.4290 
     40.0000,      2.5000,    2.000000      52.9860 
     42.5000,      2.5000,    2.000000      52.3510 
     45.0000,      2.5000,    2.000000      53.2820 
     47.5000,      2.5000,    2.000000      60.4280 
     50.0000,      2.5000,    2.000000      61.3700 
     52.5000,      2.5000,    2.000000      56.9350 
     55.0000,      2.5000,    2.000000      57.4760 
     57.5000,      2.5000,    2.000000      63.0680 
     60.0000,      2.5000,    2.000000      72.3610 
     62.5000,      2.5000,    2.000000      75.5510 
     65.0000,      2.5000,    2.000000      75.4650 
     67.5000,      2.5000,    2.000000      80.7270 
     70.0000,      2.5000,    2.000000      84.9620 
     72.5000,      2.5000,    2.000000      88.5900 
     75.0000,      2.5000,    2.000000      91.2290 
     77.5000,      2.5000,    2.000000      92.7360 
     80.0000,      2.5000,    2.000000      93.5340 
     82.5000,      2.5000,    2.000000      96.0480 
     85.0000,      2.5000,    2.000000      95.9110 
     87.5000,      2.5000,    2.000000      98.7030 
     90.0000,      2.5000,    2.000000      98.1140 
     92.5000,      2.5000,    2.000000     100.2400 
     95.0000,      2.5000,    2.000000      95.9520 
     97.5000,      2.5000,    2.000000      98.6550 
    100.0000,      2.5000,    2.000000     112.6470 
    102.5000,      2.5000,    2.000000     110.3670 
    105.0000,      2.5000,    2.000000     115.7470 
    107.5000,      2.5000,    2.000000     118.4480 
    110.0000,      2.5000,    2.000000     115.2840 
    112.5000,      2.5000,    2.000000     107.2910 
    115.0000,      2.5000,    2.000000      95.6480 
    117.5000,      2.5000,    2.000000      83.5610 
    120.0000,      2.5000,    2.000000      66.9520 
    122.5000,      2.5000,    2.000000      64.1300 
    125.0000,      2.5000,    2.000000      58.7480 
    127.5000,      2.5000,    2.000000      62.8710 
    130.0000,      2.5000,    2.000000      81.7260 
    132.5000,      2.5000,    2.000000      71.2820 
    135.0000,      2.5000,    2.000000      63.8080 
    137.5000,      2.5000,    2.000000      71.5630 
    140.0000,      2.5000,    2.000000      67.8230 
    142.5000,      2.5000,    2.000000      64.4180 
    145.0000,      2.5000,    2.000000      65.2200 
    147.5000,      2.5000,    2.000000      62.4590 
    150.0000,      2.5000,    2.000000      66.2900 
    152.5000,      2.5000,    2.000000      65.8280 
    155.0000,      2.5000,    2.000000      58.6250 
    157.5000,      2.5000,    2.000000      68.5360 
    160.0000,      2.5000,    2.000000      75.1470 
    162.5000,      2.5000,    2.000000      70.7360 
    165.0000,      2.5000,    2.000000      72.0600 
    167.5000,      2.5000,    2.000000      71.4900 
    170.0000,      2.5000,    2.000000      65.7250 
    172.5000,      2.5000,    2.000000      73.8990 
    175.0000,      2.5000,    2.000000      71.9230 
    177.5000,      2.5000,    2.000000      62.1950 
    180.0000,      2.5000,    2.000000      69.5090 
    182.5000,      2.5000,    2.000000      83.4170 
    185.0000,      2.5000,    2.000000      97.8790 
    187.5000,      2.5000,    2.000000      81.8110 
    190.0000,      2.5000,    2.000000      66.1800 
    192.5000,      2.5000,    2.000000      68.1170 
    195.0000,      2.5000,    2.000000      64.1880 
    197.5000,      2.5000,    2.000000      43.4350 
    200.0000,      2.5000,    2.000000      49.9220 
    205.0000,      2.5000,    2.000000      57.4240 
    207.5000,      2.5000,    2.000000      50.8660 
    210.0000,      2.5000,    2.000000      57.1340 
    212.5000,      2.5000,    2.000000      63.7570 
    215.0000,      2.5000,    2.000000      66.4120 
    217.5000,      2.5000,    2.000000      79.3670 
    220.0000,      2.5000,    2.000000      75.9830 
    222.5000,      2.5000,    2.000000      59.6460 
    225.0000,      2.5000,    2.000000      57.4170 
    227.5000,      2.5000,    2.000000      56.7150 
    230.0000,      2.5000,    2.000000      81.2100 
    232.5000,      2.5000,    2.000000     114.7870 
    235.0000,      2.5000,    2.000000     114.0640 
    237.5000,      2.5000,    2.000000     112.9120 
    240.0000,      2.5000,    2.000000      95.9330 
    242.5000,      2.5000,    2.000000      94.9720 
    245.0000,      2.5000,    2.000000     104.2850 
    247.5000,      2.5000,    2.000000      94.9520 
    250.0000,      2.5000,    2.000000      90.7340 
    252.5000,      2.5000,    2.000000      99.2180 
    255.0000,      2.5000,    2.000000     113.4150 
    257.5000,      2.5000,    2.000000     103.7860 
    260.0000,      2.5000,    2.000000      93.4460 
    262.5000,      2.5000,    2.000000     105.9820 
    265.0000,      2.5000,    2.000000      89.2830 
    267.5000,      2.5000,    2.000000      75.4910 
    270.0000,      2.5000,    2.000000      84.9770 
    272.5000,      2.5000,    2.000000      92.9040 
    275.0000,      2.5000,    2.000000     102.1070 
    277.5000,      2.5000,    2.000000     118.8180 
    280.0000,      2.5000,    2.000000     107.9180 
    282.5000,      2.5000,    2.000000     109.8310 
    285.0000,      2.5000,    2.000000      96.7820 
    287.5000,      2.5000,    2.000000      84.0940 
    290.0000,      2.5000,    2.000000     112.6900 
    292.5000,      2.5000,    2.000000     119.3920 
    295.0000,      2.5000,    2.000000     113.6720 
    297.5000,      2.5000,    2.000000     146.5710 
    300.0000,      2.5000,    2.000000     136.4310 
    302.5000,      2.5000,    2.000000     109.4030 
    305.0000,      2.5000,    2.000000     100.6090 
    307.5000,      2.5000,    2.000000      94.9130 
    310.0000,      2.5000,    2.000000      95.3330 
    312.5000,      2.5000,    2.000000      98.1570 
    315.0000,      2.5000,    2.000000     106.5350 
    317.5000,      2.5000,    2.000000     115.0560 
    320.0000,      2.5000,    2.000000     113.8190 
    322.5000,      2.5000,    2.000000     102.7840 
    325.0000,      2.5000,    2.000000      93.2320 
    327.5000,      2.5000,    2.000000      84.0390 
    330.0000,      2.5000,    2.000000      81.2160 
    332.5000,      2.5000,    2.000000      61.7810 
    335.0000,      2.5000,    2.000000      57.7960 
    337.5000,      2.5000,    2.000000      47.5070 
    340.0000,      2.5000,    2.000000      42.1840 
    342.5000,      2.5000,    2.000000      33.4070 
    345.0000,      2.5000,    2.000000      30.3080 
    347.5000,      2.5000,    2.000000      42.7750 
    350.0000,      2.5000,    2.000000      47.6680 
    352.5000,      2.5000,    2.000000      70.4800 
    355.0000,      2.5000,    2.000000      93.2650 
    357.5000,      2.5000,    2.000000      93.6780 
    360.0000,      2.5000,    2.000000     102.5070 
    362.5000,      2.5000,    2.000000     102.6820 
    365.0000,      2.5000,    2.000000      89.6190 
    367.5000,      2.5000,    2.000000      77.7370 
    370.0000,      2.5000,    2.000000      78.1930 
    372.5000,      2.5000,    2.000000      84.6970 
    375.0000,      2.5000,    2.000000      97.4620 
    377.5000,      2.5000,    2.000000      95.4970 
    380.0000,      2.5000,    2.000000      79.9430 
    382.5000,      2.5000,    2.000000      68.8030 
    385.0000,      2.5000,    2.000000      73.0430 
    387.5000,      2.5000,    2.000000      84.7850 
      0.0000,      2.5000,    3.000000      76.4990 
      2.5000,      2.5000,    3.000000      78.7620 
      5.0000,      2.5000,    3.000000      81.3970 
      7.5000,      2.5000,    3.000000      83.2550 
     10.0000,      2.5000,    3.000000      82.6200 
     12.5000,      2.5000,    3.000000      83.3650 
     15.0000,      2.5000,    3.000000      83.2740 
     17.5000,      2.5000,    3.000000      82.8130 
     20.0000,      2.5000,    3.000000      84.5240 
     22.5000,      2.5000,    3.000000      82.9320 
     25.0000,      2.5000,    3.000000      79.3700 
     27.5000,      2.5000,    3.000000      76.9870 
     30.0000,      2.5000,    3.000000      75.4450 
     32.5000,      2.5000,    3.000000      70.7080 
     35.0000,      2.5000,    3.000000      71.3580 
     37.5000,      2.5000,    3.000000      72.5140 
     40.0000,      2.5000,    3.000000      66.8840 
     42.5000,      2.5000,    3.000000      65.2240 
     45.0000,      2.5000,    3.000000      71.0390 
     47.5000,      2.5000,    3.000000      75.4020 
     50.0000,      2.5000,    3.000000      65.7240 
     52.5000,      2.5000,    3.000000      60.3120 
     55.0000,      2.5000,    3.000000      64.2820 
     57.5000,      2.5000,    3.000000      72.4430 
     60.0000,      2.5000,    3.000000      77.0510 
     62.5000,      2.5000,    3.000000      81.3800 
     65.0000,      2.5000,    3.000000      85.0370 
     67.5000,      2.5000,    3.000000      90.3200 
     70.0000,      2.5000,    3.000000      94.5180 
     72.5000,      2.5000,    3.000000      92.2710 
     75.0000,      2.5000,    3.000000      98.6080 
     77.5000,      2.5000,    3.000000      98.0400 
     80.0000,      2.5000,    3.000000     100.3960 
     82.5000,      2.5000,    3.000000      96.8110 
     85.0000,      2.5000,    3.000000     106.9320 
     87.5000,      2.5000,    3.000000     103.1030 
     90.0000,      2.5000,    3.000000     104.7590 
     92.5000,      2.5000,    3.000000     102.0380 
     95.0000,      2.5000,    3.000000     100.5000 
     97.5000,      2.5000,    3.000000     107.4970 
    100.0000,      2.5000,    3.000000     111.8550 
    102.5000,      2.5000,    3.000000     113.4930 
    105.0000,      2.5000,    3.000000     124.6800 
    107.5000,      2.5000,    3.000000     119.5100 
    110.0000,      2.5000,    3.000000     110.4240 
    112.5000,      2.5000,    3.000000     101.2490 
    115.0000,      2.5000,    3.000000      88.8780 
    117.5000,      2.5000,    3.000000      76.2660 
    120.0000,      2.5000,    3.000000      72.4780 
    122.5000,      2.5000,    3.000000      60.1640 
    125.0000,      2.5000,    3.000000      61.0730 
    127.5000,      2.5000,    3.000000      74.8090 
    130.0000,      2.5000,    3.000000      78.3870 
    132.5000,      2.5000,    3.000000      59.7870 
    135.0000,      2.5000,    3.000000      60.8860 
    137.5000,      2.5000,    3.000000      63.7560 
    140.0000,      2.5000,    3.000000      63.2380 
    142.5000,      2.5000,    3.000000      59.9380 
    145.0000,      2.5000,    3.000000      60.0580 
    147.5000,      2.5000,    3.000000      58.5480 
    150.0000,      2.5000,    3.000000      64.8930 
    152.5000,      2.5000,    3.000000      59.7630 
    155.0000,      2.5000,    3.000000      59.6070 
    157.5000,      2.5000,    3.000000      69.5950 
    160.0000,      2.5000,    3.000000      78.1180 
    162.5000,      2.5000,    3.000000      77.5170 
    165.0000,      2.5000,    3.000000      75.4200 
    167.5000,      2.5000,    3.000000      65.7150 
    170.0000,      2.5000,    3.000000      73.1310 
    172.5000,      2.5000,    3.000000      83.6580 
    175.0000,      2.5000,    3.000000      77.4560 
    177.5000,      2.5000,    3.000000      63.3200 
    180.0000,      2.5000,    3.000000      77.8920 
    182.5000,      2.5000,    3.000000      95.2670 
    185.0000,      2.5000,    3.000000     107.0580 
    187.5000,      2.5000,    3.000000      80.5180 
    190.0000,      2.5000,    3.000000      78.8470 
    192.5000,      2.5000,    3.000000      82.7180 
    195.0000,      2.5000,    3.000000      66.1360 
    197.5000,      2.5000,    3.000000      63.4870 
    200.0000,      2.5000,    3.000000      57.7470 
    202.5000,      2.5000,    3.000000      83.1470 
    205.0000,      2.5000,    3.000000      61.4670 
    207.5000,      2.5000,    3.000000      62.0330 
    210.0000,      2.5000,    3.000000      75.1150 
    212.5000,      2.5000,    3.000000      71.5330 
    215.0000,      2.5000,    3.000000      72.1330 
    217.5000,      2.5000,    3.000000      70.3420 
    220.0000,      2.5000,    3.000000      64.4160 
    222.5000,      2.5000,    3.000000      69.6360 
    225.0000,      2.5000,    3.000000      72.3430 
    227.5000,      2.5000,    3.000000      70.2500 
    230.0000,      2.5000,    3.000000      84.4140 
    232.5000,      2.5000,    3.000000     105.7940 
    235.0000,      2.5000,    3.000000     109.3830 
    237.5000,      2.5000,    3.000000      99.4990 
    240.0000,      2.5000,    3.000000      98.8020 
    242.5000,      2.5000,    3.000000      95.4360 
    245.0000,      2.5000,    3.000000     100.3920 
    247.5000,      2.5000,    3.000000     103.4210 
    250.0000,      2.5000,    3.000000      99.7000 
    252.5000,      2.5000,    3.000000     109.5420 
    255.0000,      2.5000,    3.000000     109.5480 
    257.5000,      2.5000,    3.000000     102.2010 
    260.0000,      2.5000,    3.000000     105.1410 
    262.5000,      2.5000,    3.000000      99.6950 
    265.0000,      2.5000,    3.000000      92.7790 
    267.5000,      2.5000,    3.000000      96.7530 
    270.0000,      2.5000,    3.000000      93.3930 
    272.5000,      2.5000,    3.000000      94.6270 
    275.0000,      2.5000,    3.000000     108.1630 
    277.5000,      2.5000,    3.000000     125.9830 
    280.0000,      2.5000,    3.000000     117.5600 
    282.5000,      2.5000,    3.000000     111.5950 
    285.0000,      2.5000,    3.000000      95.2030 
    287.5000,      2.5000,    3.000000     110.5150 
    290.0000,      2.5000,    3.000000     114.8270 
    292.5000,      2.5000,    3.000000     117.9860 
    295.0000,      2.5000,    3.000000     124.5870 
    297.5000,      2.5000,    3.000000     145.9660 
    300.0000,      2.5000,    3.000000     126.4660 
    302.5000,      2.5000,    3.000000     122.1100 
    305.0000,      2.5000,    3.000000     108.0250 
    307.5000,      2.5000,    3.000000     109.5670 
    310.0000,      2.5000,    3.000000     107.2990 
    312.5000,      2.5000,    3.000000     102.5150 
    315.0000,      2.5000,    3.000000     112.5540 
    317.5000,      2.5000,    3.000000     114.6330 
    320.0000,      2.5000,    3.000000     114.7250 
    322.5000,      2.5000,    3.000000      96.1800 
    325.0000,      2.5000,    3.000000     101.7540 
    327.5000,      2.5000,    3.000000     101.6410 
    330.0000,      2.5000,    3.000000      77.7050 
    332.5000,      2.5000,    3.000000      55.9760 
    335.0000,      2.5000,    3.000000      46.4990 
    337.5000,      2.5000,    3.000000      37.5160 
    340.0000,      2.5000,    3.000000      35.6470 
    342.5000,      2.5000,    3.000000      32.8840 
    345.0000,      2.5000,    3.000000      34.3430 
    347.5000,      2.5000,    3.000000      44.1370 
    350.0000,      2.5000,    3.000000      49.3270 
    352.5000,      2.5000,    3.000000      69.8070 
    355.0000,      2.5000,    3.000000      87.8890 
    357.5000,      2.5000,    3.000000      90.1050 
    360.0000,      2.5000,    3.000000      91.2970 
    362.5000,      2.5000,    3.000000      81.4500 
    365.0000,      2.5000,    3.000000      76.1620 
    367.5000,      2.5000,    3.000000      75.0080 
    370.0000,      2.5000,    3.000000      70.7180 
    372.5000,      2.5000,    3.000000      82.2020 
    375.0000,      2.5000,    3.000000      84.8200 
    377.5000,      2.5000,    3.000000      84.0550 
    380.0000,      2.5000,    3.000000      76.7380 
    382.5000,      2.5000,    3.000000      82.8820 
    385.0000,      2.5000,    3.000000      76.6110 
      0.0000,      2.5000,    4.000000      90.2670 
      2.5000,      2.5000,    4.000000      91.6540 
      5.0000,      2.5000,    4.000000      94.5540 
      7.5000,      2.5000,    4.000000      95.4410 
     10.0000,      2.5000,    4.000000      95.8170 
     12.5000,      2.5000,    4.000000      98.2810 
     15.0000,      2.5000,    4.000000      96.4970 
     17.5000,      2.5000,    4.000000      98.0650 
     20.0000,      2.5000,    4.000000      97.7710 
     22.5000,      2.5000,    4.000000      94.9480 
     25.0000,      2.5000,    4.000000      92.5220 
     27.5000,      2.5000,    4.000000      89.7300 
     30.0000,      2.5000,    4.000000      86.8240 
     32.5000,      2.5000,    4.000000      84.4070 
     35.0000,      2.5000,    4.000000      89.2910 
     37.5000,      2.5000,    4.000000      82.5240 
     42.5000,      2.5000,    4.000000      78.7730 
     45.0000,      2.5000,    4.000000      80.1820 
     47.5000,      2.5000,    4.000000      72.6930 
     50.0000,      2.5000,    4.000000      63.9190 
     52.5000,      2.5000,    4.000000      61.7740 
     55.0000,      2.5000,    4.000000      67.3560 
     57.5000,      2.5000,    4.000000      70.2530 
     60.0000,      2.5000,    4.000000      75.0580 
     62.5000,      2.5000,    4.000000      82.9380 
     65.0000,      2.5000,    4.000000      86.0850 
     67.5000,      2.5000,    4.000000      90.6480 
     70.0000,      2.5000,    4.000000      88.3100 
     72.5000,      2.5000,    4.000000      89.6630 
     75.0000,      2.5000,    4.000000      93.8310 
     77.5000,      2.5000,    4.000000      94.3270 
     80.0000,      2.5000,    4.000000      91.8240 
     82.5000,      2.5000,    4.000000      97.4740 
     85.0000,      2.5000,    4.000000     101.0100 
     87.5000,      2.5000,    4.000000      99.0780 
     90.0000,      2.5000,    4.000000      96.7760 
     92.5000,      2.5000,    4.000000      97.1720 
     95.0000,      2.5000,    4.000000      99.6000 
     97.5000,      2.5000,    4.000000      98.4290 
    100.0000,      2.5000,    4.000000     105.2220 
    102.5000,      2.5000,    4.000000     109.6730 
    105.0000,      2.5000,    4.000000     112.5810 
    107.5000,      2.5000,    4.000000     103.1640 
    110.0000,      2.5000,    4.000000      94.7010 
    112.5000,      2.5000,    4.000000      87.7940 
    115.0000,      2.5000,    4.000000      77.8680 
    117.5000,      2.5000,    4.000000      78.7280 
    120.0000,      2.5000,    4.000000      64.2830 
    122.5000,      2.5000,    4.000000      61.2970 
    125.0000,      2.5000,    4.000000      72.9560 
    127.5000,      2.5000,    4.000000      72.7630 
    130.0000,      2.5000,    4.000000      66.8650 
    132.5000,      2.5000,    4.000000      56.3270 
    135.0000,      2.5000,    4.000000      53.9320 
    137.5000,      2.5000,    4.000000      59.5540 
    140.0000,      2.5000,    4.000000      59.1640 
    142.5000,      2.5000,    4.000000      54.9160 
    145.0000,      2.5000,    4.000000      56.7050 
    147.5000,      2.5000,    4.000000      58.9910 
    150.0000,      2.5000,    4.000000      61.9190 
    152.5000,      2.5000,    4.000000      64.2540 
    155.0000,      2.5000,    4.000000      63.3720 
    157.5000,      2.5000,    4.000000      73.2260 
    160.0000,      2.5000,    4.000000      84.3360 
    162.5000,      2.5000,    4.000000      79.3570 
    165.0000,      2.5000,    4.000000      70.3930 
    167.5000,      2.5000,    4.000000      74.1510 
    170.0000,      2.5000,    4.000000      81.8920 
    172.5000,      2.5000,    4.000000      90.4080 
    175.0000,      2.5000,    4.000000      78.2770 
    177.5000,      2.5000,    4.000000      72.1870 
    180.0000,      2.5000,    4.000000      87.8040 
    182.5000,      2.5000,    4.000000      99.8740 
    185.0000,      2.5000,    4.000000     101.0950 
    187.5000,      2.5000,    4.000000      90.6300 
    190.0000,      2.5000,    4.000000      95.5780 
    192.5000,      2.5000,    4.000000      85.2210 
    195.0000,      2.5000,    4.000000      90.1720 
    197.5000,      2.5000,    4.000000      70.7430 
    200.0000,      2.5000,    4.000000      59.3680 
    202.5000,      2.5000,    4.000000      84.3270 
    205.0000,      2.5000,    4.000000      72.0350 
    207.5000,      2.5000,    4.000000      78.8890 
    210.0000,      2.5000,    4.000000      81.4930 
    212.5000,      2.5000,    4.000000      78.2860 
    215.0000,      2.5000,    4.000000      66.8450 
    217.5000,      2.5000,    4.000000      65.4500 
    220.0000,      2.5000,    4.000000      82.6730 
    222.5000,      2.5000,    4.000000      86.6420 
    225.0000,      2.5000,    4.000000      89.6450 
    227.5000,      2.5000,    4.000000      78.0650 
    230.0000,      2.5000,    4.000000      81.7710 
    232.5000,      2.5000,    4.000000     103.2910 
    235.0000,      2.5000,    4.000000     101.2870 
    237.5000,      2.5000,    4.000000     102.7720 
    240.0000,      2.5000,    4.000000     101.2340 
    242.5000,      2.5000,    4.000000      96.8500 
    245.0000,      2.5000,    4.000000     107.7400 
    247.5000,      2.5000,    4.000000     112.2900 
    250.0000,      2.5000,    4.000000     109.9270 
    252.5000,      2.5000,    4.000000     107.6760 
    255.0000,      2.5000,    4.000000     106.7040 
    257.5000,      2.5000,    4.000000     112.0580 
    260.0000,      2.5000,    4.000000      97.6980 
    262.5000,      2.5000,    4.000000     103.7200 
    265.0000,      2.5000,    4.000000     113.2840 
    267.5000,      2.5000,    4.000000     102.6560 
    270.0000,      2.5000,    4.000000      97.9360 
    272.5000,      2.5000,    4.000000      99.0130 
    275.0000,      2.5000,    4.000000     109.8600 
    277.5000,      2.5000,    4.000000     130.9840 
    280.0000,      2.5000,    4.000000     118.0680 
    282.5000,      2.5000,    4.000000     105.1440 
    285.0000,      2.5000,    4.000000     117.5950 
    287.5000,      2.5000,    4.000000     107.5770 
    290.0000,      2.5000,    4.000000     111.1540 
    292.5000,      2.5000,    4.000000     121.7040 
    295.0000,      2.5000,    4.000000     115.8170 
    297.5000,      2.5000,    4.000000     127.8080 
    300.0000,      2.5000,    4.000000     129.7710 
    302.5000,      2.5000,    4.000000     119.6420 
    305.0000,      2.5000,    4.000000     116.8040 
    307.5000,      2.5000,    4.000000     115.1280 
    310.0000,      2.5000,    4.000000     103.5140 
    312.5000,      2.5000,    4.000000     103.1110 
    315.0000,      2.5000,    4.000000     104.5980 
    317.5000,      2.5000,    4.000000     107.8240 
    320.0000,      2.5000,    4.000000     100.8870 
    322.5000,      2.5000,    4.000000      97.9130 
    325.0000,      2.5000,    4.000000     111.1770 
    327.5000,      2.5000,    4.000000      90.1010 
    330.0000,      2.5000,    4.000000      69.6520 
    332.5000,      2.5000,    4.000000      47.4180 
    335.0000,      2.5000,    4.000000      43.4350 
    337.5000,      2.5000,    4.000000      36.7270 
    340.0000,      2.5000,    4.000000      37.6440 
    342.5000,      2.5000,    4.000000      43.0200 
    345.0000,      2.5000,    4.000000      39.9280 
    347.5000,      2.5000,    4.000000      48.5670 
    350.0000,      2.5000,    4.000000      50.8850 
    352.5000,      2.5000,    4.000000      63.7200 
    355.0000,      2.5000,    4.000000      80.8620 
    357.5000,      2.5000,    4.000000      77.7470 
    360.0000,      2.5000,    4.000000      71.5600 
    362.5000,      2.5000,    4.000000      70.5900 
    365.0000,      2.5000,    4.000000      75.9760 
    367.5000,      2.5000,    4.000000      73.8170 
    370.0000,      2.5000,    4.000000      77.0820 
    372.5000,      2.5000,    4.000000      77.6410 
    375.0000,      2.5000,    4.000000      78.2100 
    377.5000,      2.5000,    4.000000      81.3020 
    380.0000,      2.5000,    4.000000      90.8910 
    382.5000,      2.5000,    4.000000      90.6540 
      0.0000,      5.0000,    2.000000      97.5490 
      2.5000,      5.0000,    2.000000      99.6720 
      5.0000,      5.0000,    2.000000     101.2510 
      7.5000,      5.0000,    2.000000     102.8590 
     10.0000,      5.0000,    2.000000     104.4600 
     12.5000,      5.0000,    2.000000     104.3490 
     15.0000,      5.0000,    2.000000     104.6030 
     17.5000,      5.0000,    2.000000     103.5830 
     20.0000,      5.0000,    2.000000     101.7160 
     22.5000,      5.0000,    2.000000      99.7910 
     25.0000,      5.0000,    2.000000      96.3080 
     27.5000,      5.0000,    2.000000      93.7520 
     30.0000,      5.0000,    2.000000      93.7940 
     32.5000,      5.0000,    2.000000      93.8790 
     35.0000,      5.0000,    2.000000      88.0370 
     37.5000,      5.0000,    2.000000      83.2490 
     40.0000,      5.0000,    2.000000      82.3480 
     42.5000,      5.0000,    2.000000      77.7530 
     45.0000,      5.0000,    2.000000      69.9920 
     47.5000,      5.0000,    2.000000      64.0250 
     50.0000,      5.0000,    2.000000      61.4620 
     52.5000,      5.0000,    2.000000      62.7950 
     55.0000,      5.0000,    2.000000      65.0060 
     57.5000,      5.0000,    2.000000      69.7820 
     60.0000,      5.0000,    2.000000      77.2120 
     62.5000,      5.0000,    2.000000      81.4070 
     65.0000,      5.0000,    2.000000      83.0770 
     67.5000,      5.0000,    2.000000      82.2820 
     70.0000,      5.0000,    2.000000      82.8300 
     72.5000,      5.0000,    2.000000      85.5220 
     75.0000,      5.0000,    2.000000      86.3120 
     77.5000,      5.0000,    2.000000      86.4680 
     80.0000,      5.0000,    2.000000      90.1590 
     82.5000,      5.0000,    2.000000      92.7240 
     85.0000,      5.0000,    2.000000      91.9670 
     87.5000,      5.0000,    2.000000      89.7970 
     90.0000,      5.0000,    2.000000      91.3730 
     92.5000,      5.0000,    2.000000      91.7460 
     95.0000,      5.0000,    2.000000      90.7200 
     97.5000,      5.0000,    2.000000      95.9460 
    100.0000,      5.0000,    2.000000      99.0440 
    102.5000,      5.0000,    2.000000      98.5360 
    105.0000,      5.0000,    2.000000      92.7460 
    107.5000,      5.0000,    2.000000      86.2570 
    110.0000,      5.0000,    2.000000      80.7370 
    112.5000,      5.0000,    2.000000      76.7160 
    115.0000,      5.0000,    2.000000      73.5210 
    117.5000,      5.0000,    2.000000      64.6130 
    120.0000,      5.0000,    2.000000      65.7440 
    122.5000,      5.0000,    2.000000      72.1540 
    125.0000,      5.0000,    2.000000      69.8020 
    127.5000,      5.0000,    2.000000      65.8100 
    130.0000,      5.0000,    2.000000      58.3660 
    132.5000,      5.0000,    2.000000      53.1550 
    135.0000,      5.0000,    2.000000      56.9500 
    137.5000,      5.0000,    2.000000      58.2300 
    140.0000,      5.0000,    2.000000      55.8540 
    142.5000,      5.0000,    2.000000      57.6580 
    145.0000,      5.0000,    2.000000      59.6420 
    147.5000,      5.0000,    2.000000      62.9530 
    150.0000,      5.0000,    2.000000      67.3220 
    152.5000,      5.0000,    2.000000      67.6750 
    155.0000,      5.0000,    2.000000      73.8180 
    157.5000,      5.0000,    2.000000      82.6530 
    160.0000,      5.0000,    2.000000      79.4220 
    162.5000,      5.0000,    2.000000      75.7460 
    165.0000,      5.0000,    2.000000      79.9050 
    167.5000,      5.0000,    2.000000      85.0150 
    170.0000,      5.0000,    2.000000      89.8690 
    172.5000,      5.0000,    2.000000      86.2020 
    175.0000,      5.0000,    2.000000      81.8460 
    177.5000,      5.0000,    2.000000      86.5250 
    180.0000,      5.0000,    2.000000      93.3400 
    182.5000,      5.0000,    2.000000      99.7010 
    185.0000,      5.0000,    2.000000     103.9150 
    187.5000,      5.0000,    2.000000     100.4010 
    190.0000,      5.0000,    2.000000      98.3270 
    192.5000,      5.0000,    2.000000      99.0210 
    195.0000,      5.0000,    2.000000      80.0610 
    197.5000,      5.0000,    2.000000      63.9170 
    200.0000,      5.0000,    2.000000      78.8140 
    202.5000,      5.0000,    2.000000      86.0440 
    205.0000,      5.0000,    2.000000      83.3100 
    207.5000,      5.0000,    2.000000      84.1540 
    210.0000,      5.0000,    2.000000      79.4630 
    212.5000,      5.0000,    2.000000      68.5900 
    215.0000,      5.0000,    2.000000      72.3910 
    217.5000,      5.0000,    2.000000      88.7480 
    220.0000,      5.0000,    2.000000      96.3560 
    222.5000,      5.0000,    2.000000      96.6740 
    225.0000,      5.0000,    2.000000      85.2130 
    227.5000,      5.0000,    2.000000      80.9120 
    230.0000,      5.0000,    2.000000      94.3240 
    232.5000,      5.0000,    2.000000     101.1310 
    235.0000,      5.0000,    2.000000     103.1850 
    237.5000,      5.0000,    2.000000     102.1780 
    240.0000,      5.0000,    2.000000     100.7330 
    242.5000,      5.0000,    2.000000     107.8620 
    245.0000,      5.0000,    2.000000     115.3540 
    247.5000,      5.0000,    2.000000     112.5220 
    250.0000,      5.0000,    2.000000     106.5580 
    252.5000,      5.0000,    2.000000     108.3760 
    255.0000,      5.0000,    2.000000     108.2010 
    257.5000,      5.0000,    2.000000      99.3560 
    260.0000,      5.0000,    2.000000     107.6660 
    262.5000,      5.0000,    2.000000     116.0190 
    265.0000,      5.0000,    2.000000     107.3680 
    267.5000,      5.0000,    2.000000     101.6480 
    270.0000,      5.0000,    2.000000     100.2770 
    272.5000,      5.0000,    2.000000     106.4440 
    275.0000,      5.0000,    2.000000     123.2690 
    277.5000,      5.0000,    2.000000     118.6160 
    280.0000,      5.0000,    2.000000     113.6640 
    282.5000,      5.0000,    2.000000     116.9360 
    285.0000,      5.0000,    2.000000     106.4200 
    287.5000,      5.0000,    2.000000     107.6460 
    290.0000,      5.0000,    2.000000     113.6780 
    292.5000,      5.0000,    2.000000     107.9770 
    295.0000,      5.0000,    2.000000     116.4980 
    297.5000,      5.0000,    2.000000     123.6880 
    300.0000,      5.0000,    2.000000     119.9230 
    302.5000,      5.0000,    2.000000     118.6590 
    305.0000,      5.0000,    2.000000     112.3740 
    307.5000,      5.0000,    2.000000     103.7150 
    310.0000,      5.0000,    2.000000      99.5600 
    312.5000,      5.0000,    2.000000      98.8350 
    315.0000,      5.0000,    2.000000      98.4490 
    317.5000,      5.0000,    2.000000      98.2270 
    320.0000,      5.0000,    2.000000     100.7850 
    322.5000,      5.0000,    2.000000     102.2860 
    325.0000,      5.0000,    2.000000      88.8810 
    327.5000,      5.0000,    2.000000      69.8280 
    330.0000,      5.0000,    2.000000      51.7840 
    332.5000,      5.0000,    2.000000      45.0630 
    335.0000,      5.0000,    2.000000      41.8460 
    337.5000,      5.0000,    2.000000      44.0130 
    340.0000,      5.0000,    2.000000      48.8020 
    342.5000,      5.0000,    2.000000      47.3000 
    345.0000,      5.0000,    2.000000      49.7660 
    347.5000,      5.0000,    2.000000      52.4290 
    350.0000,      5.0000,    2.000000      58.1310 
    352.5000,      5.0000,    2.000000      69.9460 
    355.0000,      5.0000,    2.000000      70.4990 
    357.5000,      5.0000,    2.000000      67.7240 
    360.0000,      5.0000,    2.000000      71.4840 
    362.5000,      5.0000,    2.000000      76.5160 
    365.0000,      5.0000,    2.000000      80.0860 
    367.5000,      5.0000,    2.000000      81.0140 
    370.0000,      5.0000,    2.000000      77.8260 
    372.5000,      5.0000,    2.000000      77.0040 
    375.0000,      5.0000,    2.000000      84.4410 
    377.5000,      5.0000,    2.000000      92.5300 
      0.0000,      2.5000,    5.000000      99.1710 
      2.5000,      2.5000,    5.000000     100.9870 
      5.0000,      2.5000,    5.000000     102.8400 
      7.5000,      2.5000,    5.000000     104.6650 
     10.0000,      2.5000,    5.000000     106.9620 
     12.5000,      2.5000,    5.000000     107.2070 
     15.0000,      2.5000,    5.000000     107.8030 
     17.5000,      2.5000,    5.000000     106.8490 
     20.0000,      2.5000,    5.000000     105.3440 
     22.5000,      2.5000,    5.000000     104.1130 
     25.0000,      2.5000,    5.000000     101.5450 
     27.5000,      2.5000,    5.000000      96.4580 
     30.0000,      2.5000,    5.000000      96.6640 
     32.5000,      2.5000,    5.000000      98.1240 
     35.0000,      2.5000,    5.000000      94.4800 
     37.5000,      2.5000,    5.000000      86.9500 
     40.0000,      2.5000,    5.000000      85.6110 
     42.5000,      2.5000,    5.000000      82.5870 
     45.0000,      2.5000,    5.000000      72.1740 
     47.5000,      2.5000,    5.000000      66.7090 
     50.0000,      2.5000,    5.000000      62.0490 
     52.5000,      2.5000,    5.000000      61.2000 
     55.0000,      2.5000,    5.000000      61.8190 
     57.5000,      2.5000,    5.000000      64.6380 
     60.0000,      2.5000,    5.000000      72.2050 
     62.5000,      2.5000,    5.000000      78.7270 
     65.0000,      2.5000,    5.000000      81.3170 
     67.5000,      2.5000,    5.000000      79.7360 
     70.0000,      2.5000,    5.000000      80.7340 
     72.5000,      2.5000,    5.000000      80.2530 
     75.0000,      2.5000,    5.000000      85.0120 
     77.5000,      2.5000,    5.000000      81.8120 
     80.0000,      2.5000,    5.000000      87.6750 
     82.5000,      2.5000,    5.000000      87.4600 
     85.0000,      2.5000,    5.000000      91.8800 
     87.5000,      2.5000,    5.000000      86.7980 
     90.0000,      2.5000,    5.000000      87.8970 
     92.5000,      2.5000,    5.000000      91.0960 
     95.0000,      2.5000,    5.000000      87.0850 
     97.5000,      2.5000,    5.000000      88.8150 
    100.0000,      2.5000,    5.000000      96.4310 
    102.5000,      2.5000,    5.000000      93.8220 
    105.0000,      2.5000,    5.000000      92.3100 
    107.5000,      2.5000,    5.000000      85.1580 
    110.0000,      2.5000,    5.000000      80.2550 
    112.5000,      2.5000,    5.000000      75.7240 
    115.0000,      2.5000,    5.000000      77.3030 
    117.5000,      2.5000,    5.000000      66.5270 
    120.0000,      2.5000,    5.000000      63.3820 
    122.5000,      2.5000,    5.000000      71.7070 
    125.0000,      2.5000,    5.000000      72.2070 
    127.5000,      2.5000,    5.000000      65.0410 
    130.0000,      2.5000,    5.000000      65.2840 
    132.5000,      2.5000,    5.000000      52.1890 
    135.0000,      2.5000,    5.000000      52.7650 
    137.5000,      2.5000,    5.000000      58.4670 
    140.0000,      2.5000,    5.000000      56.5230 
    142.5000,      2.5000,    5.000000      54.8550 
    145.0000,      2.5000,    5.000000      60.2530 
    147.5000,      2.5000,    5.000000      58.7350 
    150.0000,      2.5000,    5.000000      67.7180 
    152.5000,      2.5000,    5.000000      69.1610 
    155.0000,      2.5000,    5.000000      68.8860 
    157.5000,      2.5000,    5.000000      79.1600 
    160.0000,      2.5000,    5.000000      85.2590 
    162.5000,      2.5000,    5.000000      73.9600 
    165.0000,      2.5000,    5.000000      81.1030 
    167.5000,      2.5000,    5.000000      82.9310 
    170.0000,      2.5000,    5.000000      89.6410 
    172.5000,      2.5000,    5.000000      90.0730 
    175.0000,      2.5000,    5.000000      87.7860 
    177.5000,      2.5000,    5.000000      82.2360 
    180.0000,      2.5000,    5.000000      90.5540 
    182.5000,      2.5000,    5.000000      91.9570 
    185.0000,      2.5000,    5.000000     108.3940 
    187.5000,      2.5000,    5.000000     108.2950 
    190.0000,      2.5000,    5.000000      96.5800 
    192.5000,      2.5000,    5.000000     110.0370 
    195.0000,      2.5000,    5.000000      95.9820 
    197.5000,      2.5000,    5.000000      71.1560 
    200.0000,      2.5000,    5.000000      60.6020 
    202.5000,      2.5000,    5.000000      93.6560 
    205.0000,      2.5000,    5.000000      87.2450 
    207.5000,      2.5000,    5.000000      83.2820 
    210.0000,      2.5000,    5.000000      87.9700 
    212.5000,      2.5000,    5.000000      72.8560 
    215.0000,      2.5000,    5.000000      65.5020 
    217.5000,      2.5000,    5.000000      84.3470 
    220.0000,      2.5000,    5.000000      98.9210 
    222.5000,      2.5000,    5.000000     101.7870 
    225.0000,      2.5000,    5.000000      97.2700 
    227.5000,      2.5000,    5.000000      78.7120 
    230.0000,      2.5000,    5.000000      82.2520 
    232.5000,      2.5000,    5.000000      98.9800 
    235.0000,      2.5000,    5.000000     103.9240 
    237.5000,      2.5000,    5.000000     103.9350 
    240.0000,      2.5000,    5.000000     101.8870 
    242.5000,      2.5000,    5.000000     102.6190 
    245.0000,      2.5000,    5.000000     113.8230 
    247.5000,      2.5000,    5.000000     120.6770 
    250.0000,      2.5000,    5.000000     107.8750 
    252.5000,      2.5000,    5.000000     105.1900 
    255.0000,      2.5000,    5.000000     113.6540 
    257.5000,      2.5000,    5.000000     100.9680 
    260.0000,      2.5000,    5.000000     100.0960 
    262.5000,      2.5000,    5.000000     120.2770 
    265.0000,      2.5000,    5.000000     115.2580 
    267.5000,      2.5000,    5.000000     104.3960 
    270.0000,      2.5000,    5.000000     102.9570 
    272.5000,      2.5000,    5.000000      98.7010 
    275.0000,      2.5000,    5.000000     111.8090 
    277.5000,      2.5000,    5.000000     129.1700 
    280.0000,      2.5000,    5.000000     109.7900 
    282.5000,      2.5000,    5.000000     124.5360 
    285.0000,      2.5000,    5.000000     109.9040 
    287.5000,      2.5000,    5.000000     102.3930 
    290.0000,      2.5000,    5.000000     111.6660 
    292.5000,      2.5000,    5.000000     110.6590 
    295.0000,      2.5000,    5.000000     100.4000 
    297.5000,      2.5000,    5.000000     124.2280 
    300.0000,      2.5000,    5.000000     119.8500 
    302.5000,      2.5000,    5.000000     122.0870 
    305.0000,      2.5000,    5.000000     118.0730 
    307.5000,      2.5000,    5.000000     106.1420 
    310.0000,      2.5000,    5.000000     101.8650 
    312.5000,      2.5000,    5.000000      95.2110 
    315.0000,      2.5000,    5.000000      97.0330 
    317.5000,      2.5000,    5.000000      92.7790 
    320.0000,      2.5000,    5.000000     101.8390 
    322.5000,      2.5000,    5.000000     102.0980 
    325.0000,      2.5000,    5.000000      96.3250 
    327.5000,      2.5000,    5.000000      80.2640 
    330.0000,      2.5000,    5.000000      59.7240 
    332.5000,      2.5000,    5.000000      47.3500 
    335.0000,      2.5000,    5.000000      44.6780 
    337.5000,      2.5000,    5.000000      41.4050 
    340.0000,      2.5000,    5.000000      49.7820 
    342.5000,      2.5000,    5.000000      52.3530 
    345.0000,      2.5000,    5.000000      47.4550 
    347.5000,      2.5000,    5.000000      53.5780 
    350.0000,      2.5000,    5.000000      50.1440 
    352.5000,      2.5000,    5.000000      60.5350 
    355.0000,      2.5000,    5.000000      70.9210 
    357.5000,      2.5000,    5.000000      63.7410 
    360.0000,      2.5000,    5.000000      66.4770 
    362.5000,      2.5000,    5.000000      74.3320 
    365.0000,      2.5000,    5.000000      78.8090 
    367.5000,      2.5000,    5.000000      85.8670 
    370.0000,      2.5000,    5.000000      78.2990 
    372.5000,      2.5000,    5.000000      75.5580 
    375.0000,      2.5000,    5.000000      75.6250 
    377.5000,      2.5000,    5.000000      94.0370 
    380.0000,      2.5000,    5.000000      96.6340 
      0.0000,      5.0000,    3.000000     107.6920 
      2.5000,      5.0000,    3.000000     110.8880 
      5.0000,      5.0000,    3.000000     113.9510 
      7.5000,      5.0000,    3.000000     115.2580 
     10.0000,      5.0000,    3.000000     116.4560 
     12.5000,      5.0000,    3.000000     114.5970 
     15.0000,      5.0000,    3.000000     112.9030 
     17.5000,      5.0000,    3.000000     112.6450 
     20.0000,      5.0000,    3.000000     110.4100 
     22.5000,      5.0000,    3.000000     107.3530 
     25.0000,      5.0000,    3.000000     107.3970 
     27.5000,      5.0000,    3.000000     106.7810 
     30.0000,      5.0000,    3.000000      99.6670 
     32.5000,      5.0000,    3.000000      96.5870 
     35.0000,      5.0000,    3.000000      94.4440 
     37.5000,      5.0000,    3.000000      82.6590 
     40.0000,      5.0000,    3.000000      68.6320 
     42.5000,      5.0000,    3.000000      61.8030 
     45.0000,      5.0000,    3.000000      60.3450 
     47.5000,      5.0000,    3.000000      57.0790 
     50.0000,      5.0000,    3.000000      51.9050 
     52.5000,      5.0000,    3.000000      52.0820 
     55.0000,      5.0000,    3.000000      56.0270 
     57.5000,      5.0000,    3.000000      60.4550 
     60.0000,      5.0000,    3.000000      63.5560 
     62.5000,      5.0000,    3.000000      63.6780 
     65.0000,      5.0000,    3.000000      64.4670 
     67.5000,      5.0000,    3.000000      64.3370 
     70.0000,      5.0000,    3.000000      63.8880 
     72.5000,      5.0000,    3.000000      66.2670 
     75.0000,      5.0000,    3.000000      69.9690 
     77.5000,      5.0000,    3.000000      71.0550 
     80.0000,      5.0000,    3.000000      71.2170 
     82.5000,      5.0000,    3.000000      71.9400 
     85.0000,      5.0000,    3.000000      73.2430 
     87.5000,      5.0000,    3.000000      73.5530 
     90.0000,      5.0000,    3.000000      72.4220 
     92.5000,      5.0000,    3.000000      72.8100 
     95.0000,      5.0000,    3.000000      73.4550 
     97.5000,      5.0000,    3.000000      72.7340 
    100.0000,      5.0000,    3.000000      70.0130 
    102.5000,      5.0000,    3.000000      70.0570 
    105.0000,      5.0000,    3.000000      69.3380 
    107.5000,      5.0000,    3.000000      68.1170 
    110.0000,      5.0000,    3.000000      66.3840 
    112.5000,      5.0000,    3.000000      60.9740 
    115.0000,      5.0000,    3.000000      65.0650 
    117.5000,      5.0000,    3.000000      70.3760 
    120.0000,      5.0000,    3.000000      66.6270 
    122.5000,      5.0000,    3.000000      64.1330 
    125.0000,      5.0000,    3.000000      64.7750 
    127.5000,      5.0000,    3.000000      64.3230 
    130.0000,      5.0000,    3.000000      58.8450 
    132.5000,      5.0000,    3.000000      54.2390 
    135.0000,      5.0000,    3.000000      57.7930 
    137.5000,      5.0000,    3.000000      63.1020 
    140.0000,      5.0000,    3.000000      63.3710 
    142.5000,      5.0000,    3.000000      63.6620 
    145.0000,      5.0000,    3.000000      66.4710 
    147.5000,      5.0000,    3.000000      71.9880 
    150.0000,      5.0000,    3.000000      77.6980 
    152.5000,      5.0000,    3.000000      76.4130 
    155.0000,      5.0000,    3.000000      74.4230 
    157.5000,      5.0000,    3.000000      80.0950 
    160.0000,      5.0000,    3.000000      89.2580 
    162.5000,      5.0000,    3.000000      92.5220 
    165.0000,      5.0000,    3.000000      90.1390 
    167.5000,      5.0000,    3.000000      89.9370 
    170.0000,      5.0000,    3.000000      99.8420 
    172.5000,      5.0000,    3.000000     100.9480 
    175.0000,      5.0000,    3.000000      84.6660 
    177.5000,      5.0000,    3.000000      78.2090 
    180.0000,      5.0000,    3.000000      94.3200 
    182.5000,      5.0000,    3.000000     116.3240 
    185.0000,      5.0000,    3.000000     120.8130 
    187.5000,      5.0000,    3.000000     119.8250 
    190.0000,      5.0000,    3.000000     110.6390 
    192.5000,      5.0000,    3.000000      97.4210 
    195.0000,      5.0000,    3.000000      80.2710 
    197.5000,      5.0000,    3.000000      74.1930 
    200.0000,      5.0000,    3.000000      95.7680 
    202.5000,      5.0000,    3.000000      97.6410 
    205.0000,      5.0000,    3.000000      84.9760 
    207.5000,      5.0000,    3.000000      77.8620 
    210.0000,      5.0000,    3.000000      80.2290 
    212.5000,      5.0000,    3.000000      88.0660 
    215.0000,      5.0000,    3.000000      96.7840 
    217.5000,      5.0000,    3.000000     107.5170 
    220.0000,      5.0000,    3.000000     105.3280 
    222.5000,      5.0000,    3.000000      97.1540 
    225.0000,      5.0000,    3.000000      85.0630 
    227.5000,      5.0000,    3.000000      78.8710 
    230.0000,      5.0000,    3.000000      89.6530 
    232.5000,      5.0000,    3.000000      97.8090 
    235.0000,      5.0000,    3.000000     100.7400 
    237.5000,      5.0000,    3.000000     104.7090 
    240.0000,      5.0000,    3.000000     106.3560 
    242.5000,      5.0000,    3.000000     110.3660 
    245.0000,      5.0000,    3.000000     109.7360 
    247.5000,      5.0000,    3.000000     105.8690 
    250.0000,      5.0000,    3.000000     101.7320 
    252.5000,      5.0000,    3.000000      95.6970 
    255.0000,      5.0000,    3.000000     101.8460 
    257.5000,      5.0000,    3.000000     107.9740 
    260.0000,      5.0000,    3.000000     110.3110 
    262.5000,      5.0000,    3.000000     110.8660 
    265.0000,      5.0000,    3.000000     104.3680 
    267.5000,      5.0000,    3.000000      99.9390 
    270.0000,      5.0000,    3.000000      97.8170 
    272.5000,      5.0000,    3.000000      98.7700 
    275.0000,      5.0000,    3.000000     113.1900 
    277.5000,      5.0000,    3.000000     121.3860 
    280.0000,      5.0000,    3.000000     109.0250 
    282.5000,      5.0000,    3.000000     101.8610 
    285.0000,      5.0000,    3.000000      94.3770 
    287.5000,      5.0000,    3.000000      88.6690 
    290.0000,      5.0000,    3.000000      88.8390 
    292.5000,      5.0000,    3.000000      88.6090 
    295.0000,      5.0000,    3.000000      98.5850 
    297.5000,      5.0000,    3.000000     110.5050 
    300.0000,      5.0000,    3.000000     108.9310 
    302.5000,      5.0000,    3.000000     101.7470 
    305.0000,      5.0000,    3.000000      98.3320 
    307.5000,      5.0000,    3.000000      91.1140 
    310.0000,      5.0000,    3.000000      82.6310 
    312.5000,      5.0000,    3.000000      81.3260 
    315.0000,      5.0000,    3.000000      89.3630 
    317.5000,      5.0000,    3.000000      94.9280 
    320.0000,      5.0000,    3.000000      85.4260 
    322.5000,      5.0000,    3.000000      77.4750 
    325.0000,      5.0000,    3.000000      69.6940 
    327.5000,      5.0000,    3.000000      63.0370 
    330.0000,      5.0000,    3.000000      54.7640 
    332.5000,      5.0000,    3.000000      57.1130 
    335.0000,      5.0000,    3.000000      62.1060 
    337.5000,      5.0000,    3.000000      65.2280 
    340.0000,      5.0000,    3.000000      67.1460 
    342.5000,      5.0000,    3.000000      61.1440 
    345.0000,      5.0000,    3.000000      56.9930 
    347.5000,      5.0000,    3.000000      52.0860 
    350.0000,      5.0000,    3.000000      50.1570 
    352.5000,      5.0000,    3.000000      56.9950 
    355.0000,      5.0000,    3.000000      66.4080 
    357.5000,      5.0000,    3.000000      74.8040 
    360.0000,      5.0000,    3.000000      85.3020 
    362.5000,      5.0000,    3.000000      94.3720 
    365.0000,      5.0000,    3.000000      91.7710 
    367.5000,      5.0000,    3.000000      81.4820 
    370.0000,      5.0000,    3.000000      77.4540 
    372.5000,      5.0000,    3.000000      82.1900 
      0.0000,      5.0000,    4.000000     110.6270 
      2.5000,      5.0000,    4.000000     113.4850 
      5.0000,      5.0000,    4.000000     115.5440 
      7.5000,      5.0000,    4.000000     114.8880 
     10.0000,      5.0000,    4.000000     114.1820 
     12.5000,      5.0000,    4.000000     113.5570 
     15.0000,      5.0000,    4.000000     110.9900 
     17.5000,      5.0000,    4.000000     109.2200 
     20.0000,      5.0000,    4.000000     110.5470 
     22.5000,      5.0000,    4.000000     109.6850 
     25.0000,      5.0000,    4.000000     102.4620 
     27.5000,      5.0000,    4.000000      99.3010 
     30.0000,      5.0000,    4.000000      96.9640 
     32.5000,      5.0000,    4.000000      87.0240 
     35.0000,      5.0000,    4.000000      73.8510 
     37.5000,      5.0000,    4.000000      64.5110 
     40.0000,      5.0000,    4.000000      58.4930 
     42.5000,      5.0000,    4.000000      54.2340 
     45.0000,      5.0000,    4.000000      50.8870 
     47.5000,      5.0000,    4.000000      48.5020 
     50.0000,      5.0000,    4.000000      46.6680 
     52.5000,      5.0000,    4.000000      47.5260 
     55.0000,      5.0000,    4.000000      49.0260 
     57.5000,      5.0000,    4.000000      49.6650 
     60.0000,      5.0000,    4.000000      51.7670 
     62.5000,      5.0000,    4.000000      52.8720 
     65.0000,      5.0000,    4.000000      53.6450 
     67.5000,      5.0000,    4.000000      54.0660 
     70.0000,      5.0000,    4.000000      55.3980 
     72.5000,      5.0000,    4.000000      57.9890 
     75.0000,      5.0000,    4.000000      59.3920 
     77.5000,      5.0000,    4.000000      60.5930 
     80.0000,      5.0000,    4.000000      61.9480 
     82.5000,      5.0000,    4.000000      63.2380 
     85.0000,      5.0000,    4.000000      62.5660 
     87.5000,      5.0000,    4.000000      63.4500 
     90.0000,      5.0000,    4.000000      64.4780 
     92.5000,      5.0000,    4.000000      63.1890 
     95.0000,      5.0000,    4.000000      61.7250 
     97.5000,      5.0000,    4.000000      63.2620 
    100.0000,      5.0000,    4.000000      63.9070 
    102.5000,      5.0000,    4.000000      64.1830 
    105.0000,      5.0000,    4.000000      61.3540 
    107.5000,      5.0000,    4.000000      54.5830 
    110.0000,      5.0000,    4.000000      57.9180 
    112.5000,      5.0000,    4.000000      63.5570 
    115.0000,      5.0000,    4.000000      62.2410 
    117.5000,      5.0000,    4.000000      59.8190 
    120.0000,      5.0000,    4.000000      60.3890 
    122.5000,      5.0000,    4.000000      63.4470 
    125.0000,      5.0000,    4.000000      67.6060 
    127.5000,      5.0000,    4.000000      68.7390 
    130.0000,      5.0000,    4.000000      62.7570 
    132.5000,      5.0000,    4.000000      61.0720 
    135.0000,      5.0000,    4.000000      67.5890 
    137.5000,      5.0000,    4.000000      70.8400 
    140.0000,      5.0000,    4.000000      69.3040 
    142.5000,      5.0000,    4.000000      69.5900 
    145.0000,      5.0000,    4.000000      72.8020 
    147.5000,      5.0000,    4.000000      76.2190 
    150.0000,      5.0000,    4.000000      74.2890 
    152.5000,      5.0000,    4.000000      71.3960 
    155.0000,      5.0000,    4.000000      80.6060 
    157.5000,      5.0000,    4.000000      91.9260 
    160.0000,      5.0000,    4.000000      92.5340 
    162.5000,      5.0000,    4.000000      90.6080 
    165.0000,      5.0000,    4.000000      93.7130 
    170.0000,      5.0000,    4.000000      93.6030 
    172.5000,      5.0000,    4.000000      84.2080 
    175.0000,      5.0000,    4.000000      80.8750 
    177.5000,      5.0000,    4.000000      84.2000 
    180.0000,      5.0000,    4.000000      93.4110 
    182.5000,      5.0000,    4.000000     124.5600 
    185.0000,      5.0000,    4.000000     117.1950 
    187.5000,      5.0000,    4.000000     106.6920 
    190.0000,      5.0000,    4.000000     101.1660 
    192.5000,      5.0000,    4.000000     101.4860 
    195.0000,      5.0000,    4.000000      89.9870 
    197.5000,      5.0000,    4.000000      76.8040 
    200.0000,      5.0000,    4.000000      87.9370 
    202.5000,      5.0000,    4.000000      82.0670 
    205.0000,      5.0000,    4.000000      79.4820 
    207.5000,      5.0000,    4.000000      91.6260 
    210.0000,      5.0000,    4.000000      96.3130 
    212.5000,      5.0000,    4.000000      95.3010 
    215.0000,      5.0000,    4.000000      93.9060 
    217.5000,      5.0000,    4.000000      96.4580 
    220.0000,      5.0000,    4.000000      94.0900 
    222.5000,      5.0000,    4.000000      88.9110 
    225.0000,      5.0000,    4.000000      78.3520 
    227.5000,      5.0000,    4.000000      71.1460 
    230.0000,      5.0000,    4.000000      80.9150 
    232.5000,      5.0000,    4.000000      91.5170 
    235.0000,      5.0000,    4.000000      97.0640 
    237.5000,      5.0000,    4.000000      98.6570 
    240.0000,      5.0000,    4.000000      92.6030 
    242.5000,      5.0000,    4.000000      94.6810 
    245.0000,      5.0000,    4.000000      95.7480 
    247.5000,      5.0000,    4.000000      86.3600 
    250.0000,      5.0000,    4.000000      89.3580 
    252.5000,      5.0000,    4.000000      95.1780 
    255.0000,      5.0000,    4.000000      93.0020 
    257.5000,      5.0000,    4.000000      92.7890 
    260.0000,      5.0000,    4.000000      96.1320 
    262.5000,      5.0000,    4.000000      98.8110 
    265.0000,      5.0000,    4.000000      94.5640 
    267.5000,      5.0000,    4.000000      86.8590 
    270.0000,      5.0000,    4.000000      84.5190 
    272.5000,      5.0000,    4.000000      93.4840 
    275.0000,      5.0000,    4.000000     100.1950 
    277.5000,      5.0000,    4.000000      98.8240 
    280.0000,      5.0000,    4.000000      89.0960 
    282.5000,      5.0000,    4.000000      78.2060 
    285.0000,      5.0000,    4.000000      72.4950 
    287.5000,      5.0000,    4.000000      69.7630 
    290.0000,      5.0000,    4.000000      72.0160 
    292.5000,      5.0000,    4.000000      73.0920 
    295.0000,      5.0000,    4.000000      81.5800 
    297.5000,      5.0000,    4.000000      88.7740 
    300.0000,      5.0000,    4.000000      90.0440 
    302.5000,      5.0000,    4.000000      85.4470 
    305.0000,      5.0000,    4.000000      76.8410 
    307.5000,      5.0000,    4.000000      73.6690 
    310.0000,      5.0000,    4.000000      77.3920 
    312.5000,      5.0000,    4.000000      77.1550 
    315.0000,      5.0000,    4.000000      74.3100 
    317.5000,      5.0000,    4.000000      71.9540 
    320.0000,      5.0000,    4.000000      66.4920 
    322.5000,      5.0000,    4.000000      67.4810 
    325.0000,      5.0000,    4.000000      69.0650 
    327.5000,      5.0000,    4.000000      70.8870 
    330.0000,      5.0000,    4.000000      74.6710 
    332.5000,      5.0000,    4.000000      74.5380 
    335.0000,      5.0000,    4.000000      77.8130 
    337.5000,      5.0000,    4.000000      78.0010 
    340.0000,      5.0000,    4.000000      73.1880 
    342.5000,      5.0000,    4.000000      58.4350 
    345.0000,      5.0000,    4.000000      49.5960 
    347.5000,      5.0000,    4.000000      47.2190 
    350.0000,      5.0000,    4.000000      54.7700 
    352.5000,      5.0000,    4.000000      67.5210 
    355.0000,      5.0000,    4.000000      79.4430 
    357.5000,      5.0000,    4.000000      88.2230 
    360.0000,      5.0000,    4.000000      93.4650 
    362.5000,      5.0000,    4.000000      90.6790 
    365.0000,      5.0000,    4.000000      87.4310 
    367.5000,      5.0000,    4.000000      80.1680 
      0.0000,      7.5000,    3.000000     109.8320 
      2.5000,      7.5000,    3.000000     110.4170 
      5.0000,      7.5000,    3.000000     110.2630 
      7.5000,      7.5000,    3.000000     109.6890 
     10.0000,      7.5000,    3.000000     107.5140 
     12.5000,      7.5000,    3.000000     106.7950 
     15.0000,      7.5000,    3.000000     106.6590 
     17.5000,      7.5000,    3.000000     105.5170 
     20.0000,      7.5000,    3.000000     101.1370 
     22.5000,      7.5000,    3.000000      97.4900 
     25.0000,      7.5000,    3.000000      93.2150 
     27.5000,      7.5000,    3.000000      83.9160 
     30.0000,      7.5000,    3.000000      74.3700 
     32.5000,      7.5000,    3.000000      67.9360 
     35.0000,      7.5000,    3.000000      62.7200 
     37.5000,      7.5000,    3.000000      56.6710 
     40.0000,      7.5000,    3.000000      52.1440 
     42.5000,      7.5000,    3.000000      50.5640 
     45.0000,      7.5000,    3.000000      49.7430 
     47.5000,      7.5000,    3.000000      47.8320 
     50.0000,      7.5000,    3.000000      47.1220 
     52.5000,      7.5000,    3.000000      47.0480 
     55.0000,      7.5000,    3.000000      48.6560 
     57.5000,      7.5000,    3.000000      49.5600 
     60.0000,      7.5000,    3.000000      51.2550 
     62.5000,      7.5000,    3.000000      53.0080 
     65.0000,      7.5000,    3.000000      54.5710 
     67.5000,      7.5000,    3.000000      54.6730 
     70.0000,      7.5000,    3.000000      56.4540 
     72.5000,      7.5000,    3.000000      58.0110 
     75.0000,      7.5000,    3.000000      60.0520 
     77.5000,      7.5000,    3.000000      60.8850 
     80.0000,      7.5000,    3.000000      61.8390 
     82.5000,      7.5000,    3.000000      62.7310 
     85.0000,      7.5000,    3.000000      63.7570 
     87.5000,      7.5000,    3.000000      63.6450 
     90.0000,      7.5000,    3.000000      65.1880 
     92.5000,      7.5000,    3.000000      66.4670 
     95.0000,      7.5000,    3.000000      67.9170 
     97.5000,      7.5000,    3.000000      63.6470 
    100.0000,      7.5000,    3.000000      59.8900 
    102.5000,      7.5000,    3.000000      55.8250 
    105.0000,      7.5000,    3.000000      56.5550 
    107.5000,      7.5000,    3.000000      57.6350 
    110.0000,      7.5000,    3.000000      56.0680 
    112.5000,      7.5000,    3.000000      54.8810 
    115.0000,      7.5000,    3.000000      56.8300 
    117.5000,      7.5000,    3.000000      59.8470 
    120.0000,      7.5000,    3.000000      64.1180 
    122.5000,      7.5000,    3.000000      67.9960 
    125.0000,      7.5000,    3.000000      72.3550 
    127.5000,      7.5000,    3.000000      71.3800 
    130.0000,      7.5000,    3.000000      69.8110 
    132.5000,      7.5000,    3.000000      68.9020 
    135.0000,      7.5000,    3.000000      71.9850 
    137.5000,      7.5000,    3.000000      72.3470 
    140.0000,      7.5000,    3.000000      71.6920 
    142.5000,      7.5000,    3.000000      68.9410 
    145.0000,      7.5000,    3.000000      69.7050 
    147.5000,      7.5000,    3.000000      72.3340 
    150.0000,      7.5000,    3.000000      77.2500 
    152.5000,      7.5000,    3.000000      79.7010 
    155.0000,      7.5000,    3.000000      83.6110 
    157.5000,      7.5000,    3.000000      87.2720 
    160.0000,      7.5000,    3.000000      91.2420 
    162.5000,      7.5000,    3.000000      87.2020 
    165.0000,      7.5000,    3.000000      81.6860 
    167.5000,      7.5000,    3.000000      81.2630 
    170.0000,      7.5000,    3.000000      83.0810 
    172.5000,      7.5000,    3.000000      81.8820 
    175.0000,      7.5000,    3.000000      83.0740 
    177.5000,      7.5000,    3.000000      92.5250 
    180.0000,      7.5000,    3.000000     104.7100 
    182.5000,      7.5000,    3.000000     102.0770 
    185.0000,      7.5000,    3.000000     103.0560 
    187.5000,      7.5000,    3.000000     103.6410 
    190.0000,      7.5000,    3.000000     101.9460 
    192.5000,      7.5000,    3.000000      86.1800 
    195.0000,      7.5000,    3.000000      71.7850 
    197.5000,      7.5000,    3.000000      74.7820 
    200.0000,      7.5000,    3.000000      79.4080 
    202.5000,      7.5000,    3.000000      90.3440 
    205.0000,      7.5000,    3.000000      90.4200 
    207.5000,      7.5000,    3.000000      90.4890 
    210.0000,      7.5000,    3.000000      84.8070 
    212.5000,      7.5000,    3.000000      80.2050 
    215.0000,      7.5000,    3.000000      83.1780 
    217.5000,      7.5000,    3.000000      83.5200 
    220.0000,      7.5000,    3.000000      80.0980 
    222.5000,      7.5000,    3.000000      71.0440 
    225.0000,      7.5000,    3.000000      67.4570 
    227.5000,      7.5000,    3.000000      72.2140 
    230.0000,      7.5000,    3.000000      78.9340 
    232.5000,      7.5000,    3.000000      83.5540 
    235.0000,      7.5000,    3.000000      82.9500 
    237.5000,      7.5000,    3.000000      79.3540 
    240.0000,      7.5000,    3.000000      79.3610 
    242.5000,      7.5000,    3.000000      78.1310 
    245.0000,      7.5000,    3.000000      81.1940 
    247.5000,      7.5000,    3.000000      81.5560 
    250.0000,      7.5000,    3.000000      79.8720 
    252.5000,      7.5000,    3.000000      80.8110 
    255.0000,      7.5000,    3.000000      80.2060 
    257.5000,      7.5000,    3.000000      81.8190 
    260.0000,      7.5000,    3.000000      83.3490 
    262.5000,      7.5000,    3.000000      82.8460 
    265.0000,      7.5000,    3.000000      78.1850 
    267.5000,      7.5000,    3.000000      77.8500 
    270.0000,      7.5000,    3.000000      76.3400 
    272.5000,      7.5000,    3.000000      79.7380 
    275.0000,      7.5000,    3.000000      78.1340 
    277.5000,      7.5000,    3.000000      72.2180 
    280.0000,      7.5000,    3.000000      64.6620 
    282.5000,      7.5000,    3.000000      60.6630 
    285.0000,      7.5000,    3.000000      60.2810 
    287.5000,      7.5000,    3.000000      60.6520 
    290.0000,      7.5000,    3.000000      60.8320 
    292.5000,      7.5000,    3.000000      66.4120 
    297.5000,      7.5000,    3.000000      72.0610 
    300.0000,      7.5000,    3.000000      72.2830 
    302.5000,      7.5000,    3.000000      68.2100 
    305.0000,      7.5000,    3.000000      69.1590 
    307.5000,      7.5000,    3.000000      68.0920 
    310.0000,      7.5000,    3.000000      62.2590 
    312.5000,      7.5000,    3.000000      60.1980 
    315.0000,      7.5000,    3.000000      60.1640 
    317.5000,      7.5000,    3.000000      62.4180 
    320.0000,      7.5000,    3.000000      68.0650 
    322.5000,      7.5000,    3.000000      76.6970 
    325.0000,      7.5000,    3.000000      85.0700 
    327.5000,      7.5000,    3.000000      83.5020 
    330.0000,      7.5000,    3.000000      83.4170 
    332.5000,      7.5000,    3.000000      78.7450 
    335.0000,      7.5000,    3.000000      74.0130 
    337.5000,      7.5000,    3.000000      65.5250 
    340.0000,      7.5000,    3.000000      54.1600 
    342.5000,      7.5000,    3.000000      55.6520 
    345.0000,      7.5000,    3.000000      53.3500 
    347.5000,      7.5000,    3.000000      57.2900 
    350.0000,      7.5000,    3.000000      69.8890 
    352.5000,      7.5000,    3.000000      82.5600 
    355.0000,      7.5000,    3.000000      82.6090 
    357.5000,      7.5000,    3.000000      82.5450 
    360.0000,      7.5000,    3.000000      83.4170 
      0.0000,      5.0000,    5.000000     108.6210 
      2.5000,      5.0000,    5.000000     109.1640 
      5.0000,      5.0000,    5.000000     109.3270 
      7.5000,      5.0000,    5.000000     109.3200 
     10.0000,      5.0000,    5.000000     107.9440 
     12.5000,      5.0000,    5.000000     105.4870 
     15.0000,      5.0000,    5.000000     106.5000 
     17.5000,      5.0000,    5.000000     106.6720 
     20.0000,      5.0000,    5.000000     101.2090 
     22.5000,      5.0000,    5.000000      98.8050 
     25.0000,      5.0000,    5.000000      96.9160 
     27.5000,      5.0000,    5.000000      88.0650 
     30.0000,      5.0000,    5.000000      76.3850 
     32.5000,      5.0000,    5.000000      69.5970 
     35.0000,      5.0000,    5.000000      65.3020 
     37.5000,      5.0000,    5.000000      59.9490 
     40.0000,      5.0000,    5.000000      52.7790 
     42.5000,      5.0000,    5.000000      49.8080 
     45.0000,      5.0000,    5.000000      50.3990 
     47.5000,      5.0000,    5.000000      49.2490 
     50.0000,      5.0000,    5.000000      46.1800 
     52.5000,      5.0000,    5.000000      45.8070 
     55.0000,      5.0000,    5.000000      47.4260 
     57.5000,      5.0000,    5.000000      47.8760 
     60.0000,      5.0000,    5.000000      49.5400 
     62.5000,      5.0000,    5.000000      51.5470 
     65.0000,      5.0000,    5.000000      54.0850 
     67.5000,      5.0000,    5.000000      54.3820 
     70.0000,      5.0000,    5.000000      54.1300 
     72.5000,      5.0000,    5.000000      56.0060 
     75.0000,      5.0000,    5.000000      59.4500 
     77.5000,      5.0000,    5.000000      60.6520 
     80.0000,      5.0000,    5.000000      59.8630 
     82.5000,      5.0000,    5.000000      61.9840 
     85.0000,      5.0000,    5.000000      63.4910 
     87.5000,      5.0000,    5.000000      62.9630 
     90.0000,      5.0000,    5.000000      63.0390 
     92.5000,      5.0000,    5.000000      65.9480 
     95.0000,      5.0000,    5.000000      68.2520 
     97.5000,      5.0000,    5.000000      67.9040 
    100.0000,      5.0000,    5.000000      62.0500 
    102.5000,      5.0000,    5.000000      54.4560 
    105.0000,      5.0000,    5.000000      56.4260 
    107.5000,      5.0000,    5.000000      58.4170 
    110.0000,      5.0000,    5.000000      55.2990 
    112.5000,      5.0000,    5.000000      53.5360 
    115.0000,      5.0000,    5.000000      55.3980 
    117.5000,      5.0000,    5.000000      57.5490 
    120.0000,      5.0000,    5.000000      60.3720 
    122.5000,      5.0000,    5.000000      66.0370 
    125.0000,      5.0000,    5.000000      69.8100 
    127.5000,      5.0000,    5.000000      75.9210 
    130.0000,      5.0000,    5.000000      72.1280 
    132.5000,      5.0000,    5.000000      66.4750 
    137.5000,      5.0000,    5.000000      73.6980 
    140.0000,      5.0000,    5.000000      72.6370 
    142.5000,      5.0000,    5.000000      70.8930 
    145.0000,      5.0000,    5.000000      66.0810 
    147.5000,      5.0000,    5.000000      68.4490 
    150.0000,      5.0000,    5.000000      78.2590 
    152.5000,      5.0000,    5.000000      79.1860 
    155.0000,      5.0000,    5.000000      77.8920 
    157.5000,      5.0000,    5.000000      84.0590 
    160.0000,      5.0000,    5.000000      91.3000 
    162.5000,      5.0000,    5.000000      91.7790 
    165.0000,      5.0000,    5.000000      82.5460 
    167.5000,      5.0000,    5.000000      75.3100 
    170.0000,      5.0000,    5.000000      84.0770 
    172.5000,      5.0000,    5.000000      86.7500 
    175.0000,      5.0000,    5.000000      74.6830 
    177.5000,      5.0000,    5.000000      87.1510 
    180.0000,      5.0000,    5.000000     100.4360 
    182.5000,      5.0000,    5.000000     102.5220 
    185.0000,      5.0000,    5.000000     102.7950 
    187.5000,      5.0000,    5.000000     102.2920 
    190.0000,      5.0000,    5.000000     105.4480 
    192.5000,      5.0000,    5.000000      98.9450 
    195.0000,      5.0000,    5.000000      79.4040 
    200.0000,      5.0000,    5.000000      75.6410 
    202.5000,      5.0000,    5.000000      90.0360 
    205.0000,      5.0000,    5.000000      89.9700 
    207.5000,      5.0000,    5.000000      91.6160 
    210.0000,      5.0000,    5.000000      86.4780 
    212.5000,      5.0000,    5.000000      80.2460 
    215.0000,      5.0000,    5.000000      79.5080 
    217.5000,      5.0000,    5.000000      82.3100 
    220.0000,      5.0000,    5.000000      82.6290 
    222.5000,      5.0000,    5.000000      75.7640 
    225.0000,      5.0000,    5.000000      68.7790 
    227.5000,      5.0000,    5.000000      64.3880 
    230.0000,      5.0000,    5.000000      72.2960 
    232.5000,      5.0000,    5.000000      81.8840 
    235.0000,      5.0000,    5.000000      82.3760 
    237.5000,      5.0000,    5.000000      81.2400 
    240.0000,      5.0000,    5.000000      75.3390 
    242.5000,      5.0000,    5.000000      73.3320 
    245.0000,      5.0000,    5.000000      81.0110 
    247.5000,      5.0000,    5.000000      81.9960 
    250.0000,      5.0000,    5.000000      77.4870 
    252.5000,      5.0000,    5.000000      79.0210 
    255.0000,      5.0000,    5.000000      78.3280 
    257.5000,      5.0000,    5.000000      78.1820 
    260.0000,      5.0000,    5.000000      82.3870 
    262.5000,      5.0000,    5.000000      81.2720 
    265.0000,      5.0000,    5.000000      80.0110 
    267.5000,      5.0000,    5.000000      78.7800 
    270.0000,      5.0000,    5.000000      74.4450 
    272.5000,      5.0000,    5.000000      73.9200 
    275.0000,      5.0000,    5.000000      77.0750 
    277.5000,      5.0000,    5.000000      74.7620 
    280.0000,      5.0000,    5.000000      68.0210 
    282.5000,      5.0000,    5.000000      58.8590 
    285.0000,      5.0000,    5.000000      57.1160 
    287.5000,      5.0000,    5.000000      59.9210 
    290.0000,      5.0000,    5.000000      59.4550 
    292.5000,      5.0000,    5.000000      57.1220 
    295.0000,      5.0000,    5.000000      67.7360 
    297.5000,      5.0000,    5.000000      71.4870 
    300.0000,      5.0000,    5.000000      69.0130 
    302.5000,      5.0000,    5.000000      67.8600 
    305.0000,      5.0000,    5.000000      70.3720 
    307.5000,      5.0000,    5.000000      68.7690 
    310.0000,      5.0000,    5.000000      63.3060 
    312.5000,      5.0000,    5.000000      57.0550 
    315.0000,      5.0000,    5.000000      58.4550 
    317.5000,      5.0000,    5.000000      60.8240 
    320.0000,      5.0000,    5.000000      61.4510 
    322.5000,      5.0000,    5.000000      72.4480 
    325.0000,      5.0000,    5.000000      85.4940 
    327.5000,      5.0000,    5.000000      88.5190 
    330.0000,      5.0000,    5.000000      83.6080 
    332.5000,      5.0000,    5.000000      80.0570 
    335.0000,      5.0000,    5.000000      79.5140 
    337.5000,      5.0000,    5.000000      71.0920 
    340.0000,      5.0000,    5.000000      61.3760 
    342.5000,      5.0000,    5.000000      51.1150 
    345.0000,      5.0000,    5.000000      56.0720 
    347.5000,      5.0000,    5.000000      54.0110 
    350.0000,      5.0000,    5.000000      57.3970 
    352.5000,      5.0000,    5.000000      83.6580 
    355.0000,      5.0000,    5.000000      85.4220 
    357.5000,      5.0000,    5.000000      75.7060 
    360.0000,      5.0000,    5.000000      83.1820 
    362.5000,      5.0000,    5.000000      84.3380 
      0.0000,      7.5000,    4.000000     102.6730 
      2.5000,      7.5000,    4.000000     101.5030 
      5.0000,      7.5000,    4.000000     100.8980 
      7.5000,      7.5000,    4.000000     100.9280 
     10.0000,      7.5000,    4.000000      99.4820 
     12.5000,      7.5000,    4.000000      96.8410 
     15.0000,      7.5000,    4.000000      94.9330 
     17.5000,      7.5000,    4.000000      92.8790 
     20.0000,      7.5000,    4.000000      86.5820 
     22.5000,      7.5000,    4.000000      79.5900 
     25.0000,      7.5000,    4.000000      76.3370 
     27.5000,      7.5000,    4.000000      73.1140 
     30.0000,      7.5000,    4.000000      69.7410 
     32.5000,      7.5000,    4.000000      65.8950 
     35.0000,      7.5000,    4.000000      63.9440 
     37.5000,      7.5000,    4.000000      61.5750 
     40.0000,      7.5000,    4.000000      58.6730 
     42.5000,      7.5000,    4.000000      57.3030 
     45.0000,      7.5000,    4.000000      55.7710 
     47.5000,      7.5000,    4.000000      55.0120 
     50.0000,      7.5000,    4.000000      53.6900 
     52.5000,      7.5000,    4.000000      54.8930 
     55.0000,      7.5000,    4.000000      56.2620 
     57.5000,      7.5000,    4.000000      58.0060 
     60.0000,      7.5000,    4.000000      58.6220 
     62.5000,      7.5000,    4.000000      59.8950 
     65.0000,      7.5000,    4.000000      61.0660 
     67.5000,      7.5000,    4.000000      60.9840 
     70.0000,      7.5000,    4.000000      62.1810 
     72.5000,      7.5000,    4.000000      64.2190 
     75.0000,      7.5000,    4.000000      67.2170 
     77.5000,      7.5000,    4.000000      68.0860 
     80.0000,      7.5000,    4.000000      69.1440 
     82.5000,      7.5000,    4.000000      72.2150 
     85.0000,      7.5000,    4.000000      75.8330 
     87.5000,      7.5000,    4.000000      77.5430 
     90.0000,      7.5000,    4.000000      73.5590 
     92.5000,      7.5000,    4.000000      68.2110 
     95.0000,      7.5000,    4.000000      62.3480 
     97.5000,      7.5000,    4.000000      60.3460 
    100.0000,      7.5000,    4.000000      58.7640 
    102.5000,      7.5000,    4.000000      54.3640 
    105.0000,      7.5000,    4.000000      50.6450 
    107.5000,      7.5000,    4.000000      50.1820 
    110.0000,      7.5000,    4.000000      51.6040 
    112.5000,      7.5000,    4.000000      54.6870 
    115.0000,      7.5000,    4.000000      58.1240 
    117.5000,      7.5000,    4.000000      63.2660 
    120.0000,      7.5000,    4.000000      69.6590 
    122.5000,      7.5000,    4.000000      76.6650 
    125.0000,      7.5000,    4.000000      78.4760 
    127.5000,      7.5000,    4.000000      75.0520 
    130.0000,      7.5000,    4.000000      71.1590 
    132.5000,      7.5000,    4.000000      70.0290 
    135.0000,      7.5000,    4.000000      67.5050 
    137.5000,      7.5000,    4.000000      65.0220 
    140.0000,      7.5000,    4.000000      63.9850 
    142.5000,      7.5000,    4.000000      66.4940 
    145.0000,      7.5000,    4.000000      69.4470 
    147.5000,      7.5000,    4.000000      70.0120 
    150.0000,      7.5000,    4.000000      69.5590 
    152.5000,      7.5000,    4.000000      72.0890 
    155.0000,      7.5000,    4.000000      74.2480 
    157.5000,      7.5000,    4.000000      71.1000 
    160.0000,      7.5000,    4.000000      70.0940 
    162.5000,      7.5000,    4.000000      68.5030 
    165.0000,      7.5000,    4.000000      72.0550 
    167.5000,      7.5000,    4.000000      76.8920 
    170.0000,      7.5000,    4.000000      79.2920 
    172.5000,      7.5000,    4.000000      76.4250 
    175.0000,      7.5000,    4.000000      65.6980 
    177.5000,      7.5000,    4.000000      71.8870 
    180.0000,      7.5000,    4.000000      86.1720 
    182.5000,      7.5000,    4.000000      93.3910 
    185.0000,      7.5000,    4.000000      89.9220 
    187.5000,      7.5000,    4.000000      85.4890 
    190.0000,      7.5000,    4.000000      74.8240 
    192.5000,      7.5000,    4.000000      70.7450 
    195.0000,      7.5000,    4.000000      68.5120 
    197.5000,      7.5000,    4.000000      75.3020 
    200.0000,      7.5000,    4.000000      78.5260 
    202.5000,      7.5000,    4.000000      75.9070 
    205.0000,      7.5000,    4.000000      68.9840 
    207.5000,      7.5000,    4.000000      67.6790 
    210.0000,      7.5000,    4.000000      63.6620 
    212.5000,      7.5000,    4.000000      62.0120 
    215.0000,      7.5000,    4.000000      62.0370 
    217.5000,      7.5000,    4.000000      64.1950 
    220.0000,      7.5000,    4.000000      66.7280 
    222.5000,      7.5000,    4.000000      60.3080 
    225.0000,      7.5000,    4.000000      54.0930 
    227.5000,      7.5000,    4.000000      56.5370 
    230.0000,      7.5000,    4.000000      58.6450 
    232.5000,      7.5000,    4.000000      60.6480 
    235.0000,      7.5000,    4.000000      59.8330 
    237.5000,      7.5000,    4.000000      60.6080 
    240.0000,      7.5000,    4.000000      64.2820 
    242.5000,      7.5000,    4.000000      64.9100 
    245.0000,      7.5000,    4.000000      62.2860 
    247.5000,      7.5000,    4.000000      61.2550 
    250.0000,      7.5000,    4.000000      61.0040 
    252.5000,      7.5000,    4.000000      60.6050 
    255.0000,      7.5000,    4.000000      62.3390 
    257.5000,      7.5000,    4.000000      62.7850 
    260.0000,      7.5000,    4.000000      67.6830 
    262.5000,      7.5000,    4.000000      66.2310 
    265.0000,      7.5000,    4.000000      59.2660 
    267.5000,      7.5000,    4.000000      51.6960 
    270.0000,      7.5000,    4.000000      51.0320 
    272.5000,      7.5000,    4.000000      55.6710 
    275.0000,      7.5000,    4.000000      53.5800 
    277.5000,      7.5000,    4.000000      52.1110 
    280.0000,      7.5000,    4.000000      48.8430 
    282.5000,      7.5000,    4.000000      46.7200 
    285.0000,      7.5000,    4.000000      46.4910 
    287.5000,      7.5000,    4.000000      45.9690 
    290.0000,      7.5000,    4.000000      43.9750 
    292.5000,      7.5000,    4.000000      49.8150 
    295.0000,      7.5000,    4.000000      50.6360 
    297.5000,      7.5000,    4.000000      56.9130 
    300.0000,      7.5000,    4.000000      53.9660 
    302.5000,      7.5000,    4.000000      51.9400 
    305.0000,      7.5000,    4.000000      53.2950 
    307.5000,      7.5000,    4.000000      46.7750 
    310.0000,      7.5000,    4.000000      44.1110 
    312.5000,      7.5000,    4.000000      51.3510 
    315.0000,      7.5000,    4.000000      66.1670 
    317.5000,      7.5000,    4.000000      73.7420 
    320.0000,      7.5000,    4.000000      79.8180 
    322.5000,      7.5000,    4.000000      86.7710 
    325.0000,      7.5000,    4.000000      88.0700 
    327.5000,      7.5000,    4.000000      79.0700 
    330.0000,      7.5000,    4.000000      67.2360 
    332.5000,      7.5000,    4.000000      59.9430 
    335.0000,      7.5000,    4.000000      61.8110 
    337.5000,      7.5000,    4.000000      59.0410 
    340.0000,      7.5000,    4.000000      62.2700 
    342.5000,      7.5000,    4.000000      57.5080 
    345.0000,      7.5000,    4.000000      58.7400 
    347.5000,      7.5000,    4.000000      66.8990 
    350.0000,      7.5000,    4.000000      61.1800 
    352.5000,      7.5000,    4.000000      57.4470 
      0.0000,      7.5000,    5.000000      99.4980 
      2.5000,      7.5000,    5.000000      97.3540 
      5.0000,      7.5000,    5.000000      95.1670 
      7.5000,      7.5000,    5.000000      94.4490 
     10.0000,      7.5000,    5.000000      92.1290 
     12.5000,      7.5000,    5.000000      87.9030 
     15.0000,      7.5000,    5.000000      84.2560 
     17.5000,      7.5000,    5.000000      83.9640 
     20.0000,      7.5000,    5.000000      82.9730 
     22.5000,      7.5000,    5.000000      81.1160 
     25.0000,      7.5000,    5.000000      80.1360 
     27.5000,      7.5000,    5.000000      79.5690 
     30.0000,      7.5000,    5.000000      80.5020 
     32.5000,      7.5000,    5.000000      78.8680 
     35.0000,      7.5000,    5.000000      77.9760 
     37.5000,      7.5000,    5.000000      74.2370 
     40.0000,      7.5000,    5.000000      72.1830 
     42.5000,      7.5000,    5.000000      70.7580 
     45.0000,      7.5000,    5.000000      70.4740 
     47.5000,      7.5000,    5.000000      70.4580 
     50.0000,      7.5000,    5.000000      69.5030 
     52.5000,      7.5000,    5.000000      67.6440 
     55.0000,      7.5000,    5.000000      67.6690 
     57.5000,      7.5000,    5.000000      68.6590 
     60.0000,      7.5000,    5.000000      69.9420 
     65.0000,      7.5000,    5.000000      69.6140 
     67.5000,      7.5000,    5.000000      70.9380 
     70.0000,      7.5000,    5.000000      72.7510 
     72.5000,      7.5000,    5.000000      74.8700 
     75.0000,      7.5000,    5.000000      79.6760 
     77.5000,      7.5000,    5.000000      82.7130 
     80.0000,      7.5000,    5.000000      86.7220 
     82.5000,      7.5000,    5.000000      81.0710 
     85.0000,      7.5000,    5.000000      75.8400 
     87.5000,      7.5000,    5.000000      70.0160 
     90.0000,      7.5000,    5.000000      68.8990 
     92.5000,      7.5000,    5.000000      66.2870 
     95.0000,      7.5000,    5.000000      60.4890 
     97.5000,      7.5000,    5.000000      55.8270 
    100.0000,      7.5000,    5.000000      52.9060 
    102.5000,      7.5000,    5.000000      51.6620 
    105.0000,      7.5000,    5.000000      51.8190 
    107.5000,      7.5000,    5.000000      51.3320 
    110.0000,      7.5000,    5.000000      55.6830 
    112.5000,      7.5000,    5.000000      60.0840 
    115.0000,      7.5000,    5.000000      63.3960 
    117.5000,      7.5000,    5.000000      67.1050 
    120.0000,      7.5000,    5.000000      72.2850 
    122.5000,      7.5000,    5.000000      75.2390 
    125.0000,      7.5000,    5.000000      76.0770 
    127.5000,      7.5000,    5.000000      68.9140 
    130.0000,      7.5000,    5.000000      62.9980 
    132.5000,      7.5000,    5.000000      61.1160 
    135.0000,      7.5000,    5.000000      64.4360 
    137.5000,      7.5000,    5.000000      63.2240 
    140.0000,      7.5000,    5.000000      59.8640 
    142.5000,      7.5000,    5.000000      58.8830 
    145.0000,      7.5000,    5.000000      61.3870 
    147.5000,      7.5000,    5.000000      60.3150 
    150.0000,      7.5000,    5.000000      56.2090 
    152.5000,      7.5000,    5.000000      55.6960 
    155.0000,      7.5000,    5.000000      58.3980 
    157.5000,      7.5000,    5.000000      60.7400 
    160.0000,      7.5000,    5.000000      62.0530 
    162.5000,      7.5000,    5.000000      64.5470 
    165.0000,      7.5000,    5.000000      64.6800 
    167.5000,      7.5000,    5.000000      59.1480 
    170.0000,      7.5000,    5.000000      59.2100 
    172.5000,      7.5000,    5.000000      59.6320 
    175.0000,      7.5000,    5.000000      61.3440 
    177.5000,      7.5000,    5.000000      60.5870 
    180.0000,      7.5000,    5.000000      62.0130 
    182.5000,      7.5000,    5.000000      66.5800 
    185.0000,      7.5000,    5.000000      71.2150 
    187.5000,      7.5000,    5.000000      75.5640 
    190.0000,      7.5000,    5.000000      73.5880 
    192.5000,      7.5000,    5.000000      73.1070 
    195.0000,      7.5000,    5.000000      53.9560 
    197.5000,      7.5000,    5.000000      56.8300 
    200.0000,      7.5000,    5.000000      55.2100 
    202.5000,      7.5000,    5.000000      58.1920 
    205.0000,      7.5000,    5.000000      50.9380 
    207.5000,      7.5000,    5.000000      53.2010 
    210.0000,      7.5000,    5.000000      51.5190 
    212.5000,      7.5000,    5.000000      47.7070 
    215.0000,      7.5000,    5.000000      51.7180 
    217.5000,      7.5000,    5.000000      52.0600 
    220.0000,      7.5000,    5.000000      50.7850 
    222.5000,      7.5000,    5.000000      47.5780 
    225.0000,      7.5000,    5.000000      42.2070 
    227.5000,      7.5000,    5.000000      41.3010 
    230.0000,      7.5000,    5.000000      46.1070 
    232.5000,      7.5000,    5.000000      51.5860 
    235.0000,      7.5000,    5.000000      50.6120 
    237.5000,      7.5000,    5.000000      49.3940 
    240.0000,      7.5000,    5.000000      50.1400 
    242.5000,      7.5000,    5.000000      50.4140 
    245.0000,      7.5000,    5.000000      48.2070 
    247.5000,      7.5000,    5.000000      51.2320 
    250.0000,      7.5000,    5.000000      49.8300 
    252.5000,      7.5000,    5.000000      52.1170 
    255.0000,      7.5000,    5.000000      48.6080 
    257.5000,      7.5000,    5.000000      49.7470 
    260.0000,      7.5000,    5.000000      53.1810 
    262.5000,      7.5000,    5.000000      50.9960 
    265.0000,      7.5000,    5.000000      41.7530 
    267.5000,      7.5000,    5.000000      40.8620 
    270.0000,      7.5000,    5.000000      41.6990 
    272.5000,      7.5000,    5.000000      47.9120 
    275.0000,      7.5000,    5.000000      48.1870 
    277.5000,      7.5000,    5.000000      43.3380 
    280.0000,      7.5000,    5.000000      39.3850 
    282.5000,      7.5000,    5.000000      29.4230 
    285.0000,      7.5000,    5.000000      31.4300 
    287.5000,      7.5000,    5.000000      33.3050 
    290.0000,      7.5000,    5.000000      44.5120 
    292.5000,      7.5000,    5.000000      43.4040 
    295.0000,      7.5000,    5.000000      36.6580 
    297.5000,      7.5000,    5.000000      37.1460 
    300.0000,      7.5000,    5.000000      38.5420 
    302.5000,      7.5000,    5.000000      37.0820 
    305.0000,      7.5000,    5.000000      45.5350 
    307.5000,      7.5000,    5.000000      47.1820 
    310.0000,      7.5000,    5.000000      49.6450 
    312.5000,      7.5000,    5.000000      59.3550 
    315.0000,      7.5000,    5.000000      58.8240 
    317.5000,      7.5000,    5.000000      72.7750 
    320.0000,      7.5000,    5.000000      81.2680 
    322.5000,      7.5000,    5.000000      73.3010 
    325.0000,      7.5000,    5.000000      62.3340 
    327.5000,      7.5000,    5.000000      52.2310 
    330.0000,      7.5000,    5.000000      58.4720 
    332.5000,      7.5000,    5.000000      69.9830 
    335.0000,      7.5000,    5.000000      66.9000 
    337.5000,      7.5000,    5.000000      79.3940 
    340.0000,      7.5000,    5.000000      63.3310 
    342.5000,      7.5000,    5.000000      47.8940 
    345.0000,      7.5000,    5.000000      51.7360 
      0.0000,     10.0000,    4.000000      96.7010 
      2.5000,     10.0000,    4.000000      93.7550 
      5.0000,     10.0000,    4.000000      93.1250 
      7.5000,     10.0000,    4.000000      90.0390 
     10.0000,     10.0000,    4.000000      88.2860 
     12.5000,     10.0000,    4.000000      87.3640 
     15.0000,     10.0000,    4.000000      87.5070 
     17.5000,     10.0000,    4.000000      88.4570 
     20.0000,     10.0000,    4.000000      88.2040 
     22.5000,     10.0000,    4.000000      89.8920 
     25.0000,     10.0000,    4.000000      90.3370 
     27.5000,     10.0000,    4.000000      91.1260 
     30.0000,     10.0000,    4.000000      90.9620 
     32.5000,     10.0000,    4.000000      88.6780 
     35.0000,     10.0000,    4.000000      86.4630 
     37.5000,     10.0000,    4.000000      84.8640 
     40.0000,     10.0000,    4.000000      84.4040 
     42.5000,     10.0000,    4.000000      82.6020 
     45.0000,     10.0000,    4.000000      79.5880 
     47.5000,     10.0000,    4.000000      78.3890 
     50.0000,     10.0000,    4.000000      76.9210 
     52.5000,     10.0000,    4.000000      76.2050 
     55.0000,     10.0000,    4.000000      74.8750 
     57.5000,     10.0000,    4.000000      75.5970 
     60.0000,     10.0000,    4.000000      76.8060 
     62.5000,     10.0000,    4.000000      77.7790 
     65.0000,     10.0000,    4.000000      77.5570 
     67.5000,     10.0000,    4.000000      79.7120 
     70.0000,     10.0000,    4.000000      83.8990 
     72.5000,     10.0000,    4.000000      87.3830 
     75.0000,     10.0000,    4.000000      85.1860 
     77.5000,     10.0000,    4.000000      81.4190 
     80.0000,     10.0000,    4.000000      78.8150 
     82.5000,     10.0000,    4.000000      73.1270 
     85.0000,     10.0000,    4.000000      69.2920 
     87.5000,     10.0000,    4.000000      67.1240 
     90.0000,     10.0000,    4.000000      63.7200 
     92.5000,     10.0000,    4.000000      58.7010 
     95.0000,     10.0000,    4.000000      55.3300 
     97.5000,     10.0000,    4.000000      54.0240 
    100.0000,     10.0000,    4.000000      54.1220 
    102.5000,     10.0000,    4.000000      54.7810 
    105.0000,     10.0000,    4.000000      55.2390 
    107.5000,     10.0000,    4.000000      58.1380 
    110.0000,     10.0000,    4.000000      60.6800 
    112.5000,     10.0000,    4.000000      62.6370 
    115.0000,     10.0000,    4.000000      65.1240 
    117.5000,     10.0000,    4.000000      67.3470 
    120.0000,     10.0000,    4.000000      70.0220 
    122.5000,     10.0000,    4.000000      69.9640 
    125.0000,     10.0000,    4.000000      64.7070 
    127.5000,     10.0000,    4.000000      61.9320 
    130.0000,     10.0000,    4.000000      64.1540 
    132.5000,     10.0000,    4.000000      61.1110 
    135.0000,     10.0000,    4.000000      57.1480 
    137.5000,     10.0000,    4.000000      56.0330 
    140.0000,     10.0000,    4.000000      55.6300 
    142.5000,     10.0000,    4.000000      53.5580 
    145.0000,     10.0000,    4.000000      52.3180 
    147.5000,     10.0000,    4.000000      49.5090 
    150.0000,     10.0000,    4.000000      51.6570 
    152.5000,     10.0000,    4.000000      56.3060 
    155.0000,     10.0000,    4.000000      56.4250 
    157.5000,     10.0000,    4.000000      57.7990 
    160.0000,     10.0000,    4.000000      56.0590 
    162.5000,     10.0000,    4.000000      54.2130 
    165.0000,     10.0000,    4.000000      55.9050 
    167.5000,     10.0000,    4.000000      56.6860 
    170.0000,     10.0000,    4.000000      55.5470 
    172.5000,     10.0000,    4.000000      47.7660 
    175.0000,     10.0000,    4.000000      50.8560 
    177.5000,     10.0000,    4.000000      57.6430 
    180.0000,     10.0000,    4.000000      63.7730 
    182.5000,     10.0000,    4.000000      67.5910 
    185.0000,     10.0000,    4.000000      78.4960 
    187.5000,     10.0000,    4.000000      67.5050 
    190.0000,     10.0000,    4.000000      56.3410 
    192.5000,     10.0000,    4.000000      54.9630 
    195.0000,     10.0000,    4.000000      50.0070 
    197.5000,     10.0000,    4.000000      47.9860 
    200.0000,     10.0000,    4.000000      48.3740 
    202.5000,     10.0000,    4.000000      46.6510 
    205.0000,     10.0000,    4.000000      47.7010 
    207.5000,     10.0000,    4.000000      44.5850 
    210.0000,     10.0000,    4.000000      44.4070 
    212.5000,     10.0000,    4.000000      48.3570 
    215.0000,     10.0000,    4.000000      48.7860 
    217.5000,     10.0000,    4.000000      42.3360 
    220.0000,     10.0000,    4.000000      41.3280 
    222.5000,     10.0000,    4.000000      41.2290 
    225.0000,     10.0000,    4.000000      44.1910 
    227.5000,     10.0000,    4.000000      42.0680 
    230.0000,     10.0000,    4.000000      40.1550 
    232.5000,     10.0000,    4.000000      44.9160 
    235.0000,     10.0000,    4.000000      46.9930 
    237.5000,     10.0000,    4.000000      47.2820 
    240.0000,     10.0000,    4.000000      46.7740 
    242.5000,     10.0000,    4.000000      45.8980 
    245.0000,     10.0000,    4.000000      42.5250 
    247.5000,     10.0000,    4.000000      50.6840 
    250.0000,     10.0000,    4.000000      50.6170 
    252.5000,     10.0000,    4.000000      45.7150 
    255.0000,     10.0000,    4.000000      36.7110 
    260.0000,     10.0000,    4.000000      44.9270 
    262.5000,     10.0000,    4.000000      45.5920 
    265.0000,     10.0000,    4.000000      38.7030 
    267.5000,     10.0000,    4.000000      37.8090 
    270.0000,     10.0000,    4.000000      35.6600 
    272.5000,     10.0000,    4.000000      44.7090 
    275.0000,     10.0000,    4.000000      43.1250 
    277.5000,     10.0000,    4.000000      36.2870 
    280.0000,     10.0000,    4.000000      34.1100 
    282.5000,     10.0000,    4.000000      35.0500 
    285.0000,     10.0000,    4.000000      39.8350 
    287.5000,     10.0000,    4.000000      35.0890 
    290.0000,     10.0000,    4.000000      32.4570 
    292.5000,     10.0000,    4.000000      26.8640 
    295.0000,     10.0000,    4.000000      33.3750 
    297.5000,     10.0000,    4.000000      44.2310 
    300.0000,     10.0000,    4.000000      45.3360 
    302.5000,     10.0000,    4.000000      45.0960 
    305.0000,     10.0000,    4.000000      42.0320 
    307.5000,     10.0000,    4.000000      55.7930 
    310.0000,     10.0000,    4.000000      66.1440 
    312.5000,     10.0000,    4.000000      63.1430 
    315.0000,     10.0000,    4.000000      57.9160 
    317.5000,     10.0000,    4.000000      51.0210 
    320.0000,     10.0000,    4.000000      61.4190 
    322.5000,     10.0000,    4.000000      64.5490 
    325.0000,     10.0000,    4.000000      61.1150 
    327.5000,     10.0000,    4.000000      62.7100 
    330.0000,     10.0000,    4.000000      75.6980 
    332.5000,     10.0000,    4.000000      55.8170 
    335.0000,     10.0000,    4.000000      65.3240 
    337.5000,     10.0000,    4.000000      67.8230 
      0.0000,     10.0000,    5.000000      94.7910 
      2.5000,     10.0000,    5.000000      96.6600 
      5.0000,     10.0000,    5.000000      97.3040 
      7.5000,     10.0000,    5.000000      97.7880 
     10.0000,     10.0000,    5.000000      99.4090 
     12.5000,     10.0000,    5.000000     105.2010 
     15.0000,     10.0000,    5.000000     108.6450 
     17.5000,     10.0000,    5.000000     112.1130 
     20.0000,     10.0000,    5.000000     114.7520 
     22.5000,     10.0000,    5.000000     116.6850 
     25.0000,     10.0000,    5.000000     118.2470 
     27.5000,     10.0000,    5.000000     119.6340 
     30.0000,     10.0000,    5.000000     119.4690 
     32.5000,     10.0000,    5.000000     118.6430 
     35.0000,     10.0000,    5.000000     115.6280 
     37.5000,     10.0000,    5.000000     110.8200 
     40.0000,     10.0000,    5.000000     106.4090 
     42.5000,     10.0000,    5.000000     101.7510 
     45.0000,     10.0000,    5.000000      98.4130 
     47.5000,     10.0000,    5.000000      95.3470 
     50.0000,     10.0000,    5.000000      91.6000 
     52.5000,     10.0000,    5.000000      90.2940 
     55.0000,     10.0000,    5.000000      89.2710 
     57.5000,     10.0000,    5.000000      90.4390 
     60.0000,     10.0000,    5.000000      92.0840 
     62.5000,     10.0000,    5.000000      94.3180 
     65.0000,     10.0000,    5.000000      91.4460 
     67.5000,     10.0000,    5.000000      85.0220 
     70.0000,     10.0000,    5.000000      81.9960 
     72.5000,     10.0000,    5.000000      74.7940 
     75.0000,     10.0000,    5.000000      74.5960 
     77.5000,     10.0000,    5.000000      71.7110 
     80.0000,     10.0000,    5.000000      64.5200 
     82.5000,     10.0000,    5.000000      62.4400 
     85.0000,     10.0000,    5.000000      62.9300 
     87.5000,     10.0000,    5.000000      62.3050 
     90.0000,     10.0000,    5.000000      61.3360 
     92.5000,     10.0000,    5.000000      59.5980 
     95.0000,     10.0000,    5.000000      60.3150 
     97.5000,     10.0000,    5.000000      61.6830 
    100.0000,     10.0000,    5.000000      61.7400 
    102.5000,     10.0000,    5.000000      60.0450 
    105.0000,     10.0000,    5.000000      59.7920 
    107.5000,     10.0000,    5.000000      58.1980 
    110.0000,     10.0000,    5.000000      58.3890 
    112.5000,     10.0000,    5.000000      57.6240 
    115.0000,     10.0000,    5.000000      59.5900 
    117.5000,     10.0000,    5.000000      59.4330 
    120.0000,     10.0000,    5.000000      62.4440 
    122.5000,     10.0000,    5.000000      67.3720 
    125.0000,     10.0000,    5.000000      64.0850 
    127.5000,     10.0000,    5.000000      55.9260 
    130.0000,     10.0000,    5.000000      50.5120 
    132.5000,     10.0000,    5.000000      49.0050 
    135.0000,     10.0000,    5.000000      49.5220 
    137.5000,     10.0000,    5.000000      43.4300 
    140.0000,     10.0000,    5.000000      42.1970 
    142.5000,     10.0000,    5.000000      43.1250 
    145.0000,     10.0000,    5.000000      44.1980 
    147.5000,     10.0000,    5.000000      46.1090 
    150.0000,     10.0000,    5.000000      45.6010 
    152.5000,     10.0000,    5.000000      43.3340 
    155.0000,     10.0000,    5.000000      45.3170 
    157.5000,     10.0000,    5.000000      47.5300 
    160.0000,     10.0000,    5.000000      46.8300 
    162.5000,     10.0000,    5.000000      43.6420 
    165.0000,     10.0000,    5.000000      38.3700 
    167.5000,     10.0000,    5.000000      46.4520 
    170.0000,     10.0000,    5.000000      46.3110 
    172.5000,     10.0000,    5.000000      55.1870 
    177.5000,     10.0000,    5.000000      48.5390 
    180.0000,     10.0000,    5.000000      53.0960 
    182.5000,     10.0000,    5.000000      58.0940 
    185.0000,     10.0000,    5.000000      39.6900 
    187.5000,     10.0000,    5.000000      47.6700 
    190.0000,     10.0000,    5.000000      46.4810 
    192.5000,     10.0000,    5.000000      42.5880 
    195.0000,     10.0000,    5.000000      41.0220 
    197.5000,     10.0000,    5.000000      44.8660 
    200.0000,     10.0000,    5.000000      40.6930 
    202.5000,     10.0000,    5.000000      46.4080 
    205.0000,     10.0000,    5.000000      41.7480 
    207.5000,     10.0000,    5.000000      36.4750 
    210.0000,     10.0000,    5.000000      35.8310 
    212.5000,     10.0000,    5.000000      30.0400 
    215.0000,     10.0000,    5.000000      40.2200 
    217.5000,     10.0000,    5.000000      42.4850 
    220.0000,     10.0000,    5.000000      40.2600 
    222.5000,     10.0000,    5.000000      31.7070 
    225.0000,     10.0000,    5.000000      35.6570 
    227.5000,     10.0000,    5.000000      32.6660 
    230.0000,     10.0000,    5.000000      35.3240 
    232.5000,     10.0000,    5.000000      44.5440 
    235.0000,     10.0000,    5.000000      40.6000 
    237.5000,     10.0000,    5.000000      41.3700 
    240.0000,     10.0000,    5.000000      41.0110 
    242.5000,     10.0000,    5.000000      39.5540 
    245.0000,     10.0000,    5.000000      40.9250 
    247.5000,     10.0000,    5.000000      41.5880 
    250.0000,     10.0000,    5.000000      40.0970 
    252.5000,     10.0000,    5.000000      43.0270 
    255.0000,     10.0000,    5.000000      41.1060 
    257.5000,     10.0000,    5.000000      41.4790 
    260.0000,     10.0000,    5.000000      40.5520 
    262.5000,     10.0000,    5.000000      36.8670 
    265.0000,     10.0000,    5.000000      33.3200 
    267.5000,     10.0000,    5.000000      33.0740 
    270.0000,     10.0000,    5.000000      35.1980 
    272.5000,     10.0000,    5.000000      32.9780 
    275.0000,     10.0000,    5.000000      36.3710 
    277.5000,     10.0000,    5.000000      33.3030 
    280.0000,     10.0000,    5.000000      29.7850 
    282.5000,     10.0000,    5.000000      31.7900 
    285.0000,     10.0000,    5.000000      25.2900 
    287.5000,     10.0000,    5.000000      25.0250 
    290.0000,     10.0000,    5.000000      29.4690 
    292.5000,     10.0000,    5.000000      36.3900 
    295.0000,     10.0000,    5.000000      43.5670 
    297.5000,     10.0000,    5.000000      45.4570 
    300.0000,     10.0000,    5.000000      51.5440 
    302.5000,     10.0000,    5.000000      61.6020 
    305.0000,     10.0000,    5.000000      49.2500 
    307.5000,     10.0000,    5.000000      59.0790 
    310.0000,     10.0000,    5.000000      40.5830 
    312.5000,     10.0000,    5.000000      44.0250 
    315.0000,     10.0000,    5.000000      48.1780 
    317.5000,     10.0000,    5.000000      54.7040 
    320.0000,     10.0000,    5.000000      74.5940 
    322.5000,     10.0000,    5.000000      58.8140 
    325.0000,     10.0000,    5.000000      69.4170 
    327.5000,     10.0000,    5.000000      60.6940 
      0.0000,     12.5000,    4.000000      97.5620 
      2.5000,     12.5000,    4.000000     100.3870 
      5.0000,     12.5000,    4.000000     103.2390 
      7.5000,     12.5000,    4.000000     104.2320 
     10.0000,     12.5000,    4.000000     109.7010 
     12.5000,     12.5000,    4.000000     116.1290 
     15.0000,     12.5000,    4.000000     116.2970 
     17.5000,     12.5000,    4.000000     119.2250 
     20.0000,     12.5000,    4.000000     122.4630 
     22.5000,     12.5000,    4.000000     124.8940 
     25.0000,     12.5000,    4.000000     126.5660 
     27.5000,     12.5000,    4.000000     127.3100 
     30.0000,     12.5000,    4.000000     125.6140 
     32.5000,     12.5000,    4.000000     122.0380 
     35.0000,     12.5000,    4.000000     119.4090 
     37.5000,     12.5000,    4.000000     112.2840 
     40.0000,     12.5000,    4.000000     107.8570 
     42.5000,     12.5000,    4.000000     105.1670 
     45.0000,     12.5000,    4.000000     101.3870 
     47.5000,     12.5000,    4.000000      96.0830 
     50.0000,     12.5000,    4.000000      92.6960 
     52.5000,     12.5000,    4.000000      93.8690 
     55.0000,     12.5000,    4.000000      96.1820 
     57.5000,     12.5000,    4.000000      96.3400 
     60.0000,     12.5000,    4.000000      92.1270 
     62.5000,     12.5000,    4.000000      88.6460 
     65.0000,     12.5000,    4.000000      85.2600 
     67.5000,     12.5000,    4.000000      81.3670 
     70.0000,     12.5000,    4.000000      74.6250 
     72.5000,     12.5000,    4.000000      71.3680 
     75.0000,     12.5000,    4.000000      70.8450 
     77.5000,     12.5000,    4.000000      65.8320 
     80.0000,     12.5000,    4.000000      64.3730 
     82.5000,     12.5000,    4.000000      61.7210 
     85.0000,     12.5000,    4.000000      60.3560 
     87.5000,     12.5000,    4.000000      60.9120 
     90.0000,     12.5000,    4.000000      62.6650 
     92.5000,     12.5000,    4.000000      64.2770 
     95.0000,     12.5000,    4.000000      63.2170 
     97.5000,     12.5000,    4.000000      60.4980 
    100.0000,     12.5000,    4.000000      60.3970 
    102.5000,     12.5000,    4.000000      59.8880 
    105.0000,     12.5000,    4.000000      60.3580 
    107.5000,     12.5000,    4.000000      57.7520 
    110.0000,     12.5000,    4.000000      59.6450 
    112.5000,     12.5000,    4.000000      57.7430 
    115.0000,     12.5000,    4.000000      57.1130 
    117.5000,     12.5000,    4.000000      61.8670 
    120.0000,     12.5000,    4.000000      65.6520 
    122.5000,     12.5000,    4.000000      61.9870 
    125.0000,     12.5000,    4.000000      55.9360 
    127.5000,     12.5000,    4.000000      52.5680 
    130.0000,     12.5000,    4.000000      50.8580 
    132.5000,     12.5000,    4.000000      45.0080 
    135.0000,     12.5000,    4.000000      43.2060 
    137.5000,     12.5000,    4.000000      44.2310 
    140.0000,     12.5000,    4.000000      45.5060 
    142.5000,     12.5000,    4.000000      42.9830 
    145.0000,     12.5000,    4.000000      43.9790 
    147.5000,     12.5000,    4.000000      43.7810 
    150.0000,     12.5000,    4.000000      42.8180 
    152.5000,     12.5000,    4.000000      44.4140 
    155.0000,     12.5000,    4.000000      40.4430 
    157.5000,     12.5000,    4.000000      46.4140 
    160.0000,     12.5000,    4.000000      43.4200 
    162.5000,     12.5000,    4.000000      44.5050 
    165.0000,     12.5000,    4.000000      40.9470 
    167.5000,     12.5000,    4.000000      38.7170 
    170.0000,     12.5000,    4.000000      39.8650 
    172.5000,     12.5000,    4.000000      48.2630 
    175.0000,     12.5000,    4.000000      51.1360 
    177.5000,     12.5000,    4.000000      52.5490 
    180.0000,     12.5000,    4.000000      47.3890 
    182.5000,     12.5000,    4.000000      37.6250 
    185.0000,     12.5000,    4.000000      51.4000 
    187.5000,     12.5000,    4.000000      47.2830 
    190.0000,     12.5000,    4.000000      41.9620 
    192.5000,     12.5000,    4.000000      42.4780 
    195.0000,     12.5000,    4.000000      41.5290 
    197.5000,     12.5000,    4.000000      41.4800 
    200.0000,     12.5000,    4.000000      42.7190 
    202.5000,     12.5000,    4.000000      39.3330 
    205.0000,     12.5000,    4.000000      39.6280 
    207.5000,     12.5000,    4.000000      36.4170 
    210.0000,     12.5000,    4.000000      34.5690 
    212.5000,     12.5000,    4.000000      43.3560 
    215.0000,     12.5000,    4.000000      41.9370 
    217.5000,     12.5000,    4.000000      32.7700 
    220.0000,     12.5000,    4.000000      30.7630 
    222.5000,     12.5000,    4.000000      37.9360 
    225.0000,     12.5000,    4.000000      36.2130 
    227.5000,     12.5000,    4.000000      37.6300 
    230.0000,     12.5000,    4.000000      38.2250 
    232.5000,     12.5000,    4.000000      43.9840 
    235.0000,     12.5000,    4.000000      41.7240 
    237.5000,     12.5000,    4.000000      48.4860 
    240.0000,     12.5000,    4.000000      46.8350 
    242.5000,     12.5000,    4.000000      35.8550 
    245.0000,     12.5000,    4.000000      39.6380 
    247.5000,     12.5000,    4.000000      34.3190 
    250.0000,     12.5000,    4.000000      38.1330 
    252.5000,     12.5000,    4.000000      44.1790 
    255.0000,     12.5000,    4.000000      36.1500 
    257.5000,     12.5000,    4.000000      39.2690 
    260.0000,     12.5000,    4.000000      30.5520 
    262.5000,     12.5000,    4.000000      39.0330 
    265.0000,     12.5000,    4.000000      34.9100 
    267.5000,     12.5000,    4.000000      34.3760 
    270.0000,     12.5000,    4.000000      32.7740 
    272.5000,     12.5000,    4.000000      33.5260 
    275.0000,     12.5000,    4.000000      32.7810 
    277.5000,     12.5000,    4.000000      33.6180 
    280.0000,     12.5000,    4.000000      34.7630 
    282.5000,     12.5000,    4.000000      28.0810 
    285.0000,     12.5000,    4.000000      26.2610 
    287.5000,     12.5000,    4.000000      35.6700 
    290.0000,     12.5000,    4.000000      33.0920 
    292.5000,     12.5000,    4.000000      39.4970 
    295.0000,     12.5000,    4.000000      45.9420 
    297.5000,     12.5000,    4.000000      51.1630 
    300.0000,     12.5000,    4.000000      50.9060 
    302.5000,     12.5000,    4.000000      43.0710 
    305.0000,     12.5000,    4.000000      38.4220 
    307.5000,     12.5000,    4.000000      39.8700 
    310.0000,     12.5000,    4.000000      51.6930 
    312.5000,     12.5000,    4.000000      53.5520 
    315.0000,     12.5000,    4.000000      62.7240 
    317.5000,     12.5000,    4.000000      65.4350 
    320.0000,     12.5000,    4.000000      54.6080 
    322.5000,     12.5000,    4.000000      53.9920 
      0.0000,     15.0000,    4.000000     129.5660 
      2.5000,     15.0000,    4.000000     133.9940 
      5.0000,     15.0000,    4.000000     138.2460 
      7.5000,     15.0000,    4.000000     144.1910 
     10.0000,     15.0000,    4.000000     152.3650 
     12.5000,     15.0000,    4.000000     155.3450 
     15.0000,     15.0000,    4.000000     158.5980 
     17.5000,     15.0000,    4.000000     162.7560 
     20.0000,     15.0000,    4.000000     163.4710 
     22.5000,     15.0000,    4.000000     162.2340 
     25.0000,     15.0000,    4.000000     159.9480 
     27.5000,     15.0000,    4.000000     156.1910 
     30.0000,     15.0000,    4.000000     150.6980 
     32.5000,     15.0000,    4.000000     144.2780 
     35.0000,     15.0000,    4.000000     138.8270 
     37.5000,     15.0000,    4.000000     134.4010 
     40.0000,     15.0000,    4.000000     127.5760 
     42.5000,     15.0000,    4.000000     123.9230 
     45.0000,     15.0000,    4.000000     115.8080 
     47.5000,     15.0000,    4.000000     106.4740 
     50.0000,     15.0000,    4.000000     100.6790 
     52.5000,     15.0000,    4.000000      93.8290 
     55.0000,     15.0000,    4.000000      85.7200 
     57.5000,     15.0000,    4.000000      76.4440 
     60.0000,     15.0000,    4.000000      71.7230 
     62.5000,     15.0000,    4.000000      69.9320 
     65.0000,     15.0000,    4.000000      67.6150 
     67.5000,     15.0000,    4.000000      65.6360 
     70.0000,     15.0000,    4.000000      61.9550 
     72.5000,     15.0000,    4.000000      63.2500 
     75.0000,     15.0000,    4.000000      64.7760 
     77.5000,     15.0000,    4.000000      67.4290 
     80.0000,     15.0000,    4.000000      66.8250 
     82.5000,     15.0000,    4.000000      67.8190 
     85.0000,     15.0000,    4.000000      68.9100 
     87.5000,     15.0000,    4.000000      67.8240 
     90.0000,     15.0000,    4.000000      65.9430 
     92.5000,     15.0000,    4.000000      63.4700 
     95.0000,     15.0000,    4.000000      62.6200 
     97.5000,     15.0000,    4.000000      60.1190 
    100.0000,     15.0000,    4.000000      56.6900 
    102.5000,     15.0000,    4.000000      56.2000 
    105.0000,     15.0000,    4.000000      59.7790 
    107.5000,     15.0000,    4.000000      56.3430 
    110.0000,     15.0000,    4.000000      55.2310 
    112.5000,     15.0000,    4.000000      57.0460 
    115.0000,     15.0000,    4.000000      58.4510 
    117.5000,     15.0000,    4.000000      54.5220 
    120.0000,     15.0000,    4.000000      50.1460 
    122.5000,     15.0000,    4.000000      43.8010 
    125.0000,     15.0000,    4.000000      46.5470 
    127.5000,     15.0000,    4.000000      49.2110 
    130.0000,     15.0000,    4.000000      42.2400 
    132.5000,     15.0000,    4.000000      40.4450 
    135.0000,     15.0000,    4.000000      36.5640 
    137.5000,     15.0000,    4.000000      37.8670 
    140.0000,     15.0000,    4.000000      38.7180 
    142.5000,     15.0000,    4.000000      34.3630 
    145.0000,     15.0000,    4.000000      39.9610 
    147.5000,     15.0000,    4.000000      35.1510 
    150.0000,     15.0000,    4.000000      41.1050 
    152.5000,     15.0000,    4.000000      40.1800 
    155.0000,     15.0000,    4.000000      40.9660 
    157.5000,     15.0000,    4.000000      46.6660 
    160.0000,     15.0000,    4.000000      44.0430 
    162.5000,     15.0000,    4.000000      42.7960 
    165.0000,     15.0000,    4.000000      43.7550 
    167.5000,     15.0000,    4.000000      37.8140 
    172.5000,     15.0000,    4.000000      44.4510 
    175.0000,     15.0000,    4.000000      46.2650 
    177.5000,     15.0000,    4.000000      46.9390 
    180.0000,     15.0000,    4.000000      44.7000 
    182.5000,     15.0000,    4.000000      49.8160 
    185.0000,     15.0000,    4.000000      41.8820 
    187.5000,     15.0000,    4.000000      38.1650 
    192.5000,     15.0000,    4.000000      34.2870 
    195.0000,     15.0000,    4.000000      34.3440 
    197.5000,     15.0000,    4.000000      39.5860 
    200.0000,     15.0000,    4.000000      45.2970 
    202.5000,     15.0000,    4.000000      44.8170 
    205.0000,     15.0000,    4.000000      35.8240 
    207.5000,     15.0000,    4.000000      32.1310 
    210.0000,     15.0000,    4.000000      34.9950 
    212.5000,     15.0000,    4.000000      33.0570 
    215.0000,     15.0000,    4.000000      39.4430 
    217.5000,     15.0000,    4.000000      34.6420 
    220.0000,     15.0000,    4.000000      45.2880 
    222.5000,     15.0000,    4.000000      38.7790 
    225.0000,     15.0000,    4.000000      36.3270 
    227.5000,     15.0000,    4.000000      41.7860 
    230.0000,     15.0000,    4.000000      48.3020 
    232.5000,     15.0000,    4.000000      47.7200 
    235.0000,     15.0000,    4.000000      36.0060 
    237.5000,     15.0000,    4.000000      39.6220 
    240.0000,     15.0000,    4.000000      44.8110 
    242.5000,     15.0000,    4.000000      48.6320 
    245.0000,     15.0000,    4.000000      52.1550 
    247.5000,     15.0000,    4.000000      38.3840 
    250.0000,     15.0000,    4.000000      39.2960 
    252.5000,     15.0000,    4.000000      42.4270 
    255.0000,     15.0000,    4.000000      46.6660 
    257.5000,     15.0000,    4.000000      39.0130 
    260.0000,     15.0000,    4.000000      38.4300 
    262.5000,     15.0000,    4.000000      29.2830 
    265.0000,     15.0000,    4.000000      34.7210 
    267.5000,     15.0000,    4.000000      34.8770 
    270.0000,     15.0000,    4.000000      32.5450 
    275.0000,     15.0000,    4.000000      37.2400 
    277.5000,     15.0000,    4.000000      39.4110 
    280.0000,     15.0000,    4.000000      40.7400 
    282.5000,     15.0000,    4.000000      37.3530 
    285.0000,     15.0000,    4.000000      36.0720 
    287.5000,     15.0000,    4.000000      39.2690 
    290.0000,     15.0000,    4.000000      41.8090 
    292.5000,     15.0000,    4.000000      44.4610 
    295.0000,     15.0000,    4.000000      42.8710 
    297.5000,     15.0000,    4.000000      50.3250 
      0.0000,     12.5000,    5.000000     128.4120 
      2.5000,     12.5000,    5.000000     133.2140 
      5.0000,     12.5000,    5.000000     136.8950 
      7.5000,     12.5000,    5.000000     142.3020 
     10.0000,     12.5000,    5.000000     146.6750 
     12.5000,     12.5000,    5.000000     154.5870 
     15.0000,     12.5000,    5.000000     157.5470 
     17.5000,     12.5000,    5.000000     160.6320 
     20.0000,     12.5000,    5.000000     163.5870 
     22.5000,     12.5000,    5.000000     165.4390 
     25.0000,     12.5000,    5.000000     162.1850 
     27.5000,     12.5000,    5.000000     161.4100 
     30.0000,     12.5000,    5.000000     155.7080 
     32.5000,     12.5000,    5.000000     148.2480 
     35.0000,     12.5000,    5.000000     144.5950 
     37.5000,     12.5000,    5.000000     134.6570 
     40.0000,     12.5000,    5.000000     129.7780 
     42.5000,     12.5000,    5.000000     125.7340 
     45.0000,     12.5000,    5.000000     122.0480 
     47.5000,     12.5000,    5.000000     115.3410 
     50.0000,     12.5000,    5.000000     103.5590 
     52.5000,     12.5000,    5.000000      95.4550 
     55.0000,     12.5000,    5.000000      88.8060 
     57.5000,     12.5000,    5.000000      81.0240 
     60.0000,     12.5000,    5.000000      75.0970 
     62.5000,     12.5000,    5.000000      70.7950 
     65.0000,     12.5000,    5.000000      67.4330 
     67.5000,     12.5000,    5.000000      63.8160 
     70.0000,     12.5000,    5.000000      61.4410 
     72.5000,     12.5000,    5.000000      63.2110 
     75.0000,     12.5000,    5.000000      63.8180 
     77.5000,     12.5000,    5.000000      64.4260 
     80.0000,     12.5000,    5.000000      68.8210 
     82.5000,     12.5000,    5.000000      66.1050 
     85.0000,     12.5000,    5.000000      68.8050 
     87.5000,     12.5000,    5.000000      67.7300 
     90.0000,     12.5000,    5.000000      66.2810 
     92.5000,     12.5000,    5.000000      64.4290 
     95.0000,     12.5000,    5.000000      63.7500 
     97.5000,     12.5000,    5.000000      60.3300 
    100.0000,     12.5000,    5.000000      57.0970 
    102.5000,     12.5000,    5.000000      57.4680 
    105.0000,     12.5000,    5.000000      55.7810 
    107.5000,     12.5000,    5.000000      56.4130 
    110.0000,     12.5000,    5.000000      54.5550 
    112.5000,     12.5000,    5.000000      52.2950 
    115.0000,     12.5000,    5.000000      55.0080 
    117.5000,     12.5000,    5.000000      59.2690 
    120.0000,     12.5000,    5.000000      53.2100 
    122.5000,     12.5000,    5.000000      43.7840 
    125.0000,     12.5000,    5.000000      45.3160 
    127.5000,     12.5000,    5.000000      52.1470 
    130.0000,     12.5000,    5.000000      44.7140 
    132.5000,     12.5000,    5.000000      40.0200 
    135.0000,     12.5000,    5.000000      39.6450 
    137.5000,     12.5000,    5.000000      38.6780 
    140.0000,     12.5000,    5.000000      38.8250 
    142.5000,     12.5000,    5.000000      43.6800 
    145.0000,     12.5000,    5.000000      39.1110 
    147.5000,     12.5000,    5.000000      35.3960 
    150.0000,     12.5000,    5.000000      31.6290 
    152.5000,     12.5000,    5.000000      36.4080 
    155.0000,     12.5000,    5.000000      42.7920 
    157.5000,     12.5000,    5.000000      41.5410 
    160.0000,     12.5000,    5.000000      50.2030 
    162.5000,     12.5000,    5.000000      44.0920 
    165.0000,     12.5000,    5.000000      46.4220 
    167.5000,     12.5000,    5.000000      43.7240 
    170.0000,     12.5000,    5.000000      61.3000 
    172.5000,     12.5000,    5.000000      46.8880 
    175.0000,     12.5000,    5.000000      40.7230 
    177.5000,     12.5000,    5.000000      42.3470 
    180.0000,     12.5000,    5.000000      42.1760 
    182.5000,     12.5000,    5.000000      45.8790 
    185.0000,     12.5000,    5.000000      43.6060 
    187.5000,     12.5000,    5.000000      40.8020 
    190.0000,     12.5000,    5.000000      41.4620 
    192.5000,     12.5000,    5.000000      40.7360 
    195.0000,     12.5000,    5.000000      37.3810 
    197.5000,     12.5000,    5.000000      35.1180 
    200.0000,     12.5000,    5.000000      38.2670 
    202.5000,     12.5000,    5.000000      38.4130 
    205.0000,     12.5000,    5.000000      36.1420 
    207.5000,     12.5000,    5.000000      35.0240 
    210.0000,     12.5000,    5.000000      36.3760 
    212.5000,     12.5000,    5.000000      31.8470 
    215.0000,     12.5000,    5.000000      35.2590 
    217.5000,     12.5000,    5.000000      38.6670 
    220.0000,     12.5000,    5.000000      38.6150 
    222.5000,     12.5000,    5.000000      42.4240 
    225.0000,     12.5000,    5.000000      40.9870 
    227.5000,     12.5000,    5.000000      43.8390 
    230.0000,     12.5000,    5.000000      37.7310 
    232.5000,     12.5000,    5.000000      36.9880 
    235.0000,     12.5000,    5.000000      44.7660 
    237.5000,     12.5000,    5.000000      48.9610 
    240.0000,     12.5000,    5.000000      48.0380 
    242.5000,     12.5000,    5.000000      49.4350 
    245.0000,     12.5000,    5.000000      40.5130 
    247.5000,     12.5000,    5.000000      45.1350 
    250.0000,     12.5000,    5.000000      47.2250 
    252.5000,     12.5000,    5.000000      44.2890 
    255.0000,     12.5000,    5.000000      42.9720 
    257.5000,     12.5000,    5.000000      39.3830 
    265.0000,     12.5000,    5.000000      34.0950 
    267.5000,     12.5000,    5.000000      33.2490 
    272.5000,     12.5000,    5.000000      35.1830 
    275.0000,     12.5000,    5.000000      36.0050 
    277.5000,     12.5000,    5.000000      33.7000 
    280.0000,     12.5000,    5.000000      36.1120 
    287.5000,     12.5000,    5.000000      41.3190 
    297.5000,     12.5000,    5.000000      42.5390 
    310.0000,     12.5000,    5.000000      60.9130 
      0.0000,     15.0000,    5.000000     177.6240 
      2.5000,     15.0000,    5.000000     182.9640 
      5.0000,     15.0000,    5.000000     186.4080 
      7.5000,     15.0000,    5.000000     190.6730 
     10.0000,     15.0000,    5.000000     191.7250 
     12.5000,     15.0000,    5.000000     195.6710 
     15.0000,     15.0000,    5.000000     197.9860 
     17.5000,     15.0000,    5.000000     193.2130 
     20.0000,     15.0000,    5.000000     192.7940 
     22.5000,     15.0000,    5.000000     193.3520 
     25.0000,     15.0000,    5.000000     190.3270 
     27.5000,     15.0000,    5.000000     184.7420 
     30.0000,     15.0000,    5.000000     175.4200 
     32.5000,     15.0000,    5.000000     160.6880 
     35.0000,     15.0000,    5.000000     149.0830 
     37.5000,     15.0000,    5.000000     132.1410 
     40.0000,     15.0000,    5.000000     112.4190 
     42.5000,     15.0000,    5.000000      97.2090 
     45.0000,     15.0000,    5.000000      89.6740 
     47.5000,     15.0000,    5.000000      85.3530 
     50.0000,     15.0000,    5.000000      77.1820 
     52.5000,     15.0000,    5.000000      67.7180 
     55.0000,     15.0000,    5.000000      63.5590 
     57.5000,     15.0000,    5.000000      65.8320 
     60.0000,     15.0000,    5.000000      65.1000 
     62.5000,     15.0000,    5.000000      67.0460 
     65.0000,     15.0000,    5.000000      60.4380 
     67.5000,     15.0000,    5.000000      66.6330 
     70.0000,     15.0000,    5.000000      66.9600 
     72.5000,     15.0000,    5.000000      66.2800 
     75.0000,     15.0000,    5.000000      68.5560 
     77.5000,     15.0000,    5.000000      68.2560 
     80.0000,     15.0000,    5.000000      68.4840 
     82.5000,     15.0000,    5.000000      66.5380 
     85.0000,     15.0000,    5.000000      63.8030 
     87.5000,     15.0000,    5.000000      64.2580 
     90.0000,     15.0000,    5.000000      63.3810 
     92.5000,     15.0000,    5.000000      62.0050 
     95.0000,     15.0000,    5.000000      59.6630 
     97.5000,     15.0000,    5.000000      59.5100 
    100.0000,     15.0000,    5.000000      48.2600 
    102.5000,     15.0000,    5.000000      51.2840 
    105.0000,     15.0000,    5.000000      55.3190 
    107.5000,     15.0000,    5.000000      54.2400 
    110.0000,     15.0000,    5.000000      48.2400 
    112.5000,     15.0000,    5.000000      51.1450 
    115.0000,     15.0000,    5.000000      48.6550 
    117.5000,     15.0000,    5.000000      49.2460 
    120.0000,     15.0000,    5.000000      49.4670 
    122.5000,     15.0000,    5.000000      41.6060 
    125.0000,     15.0000,    5.000000      43.8340 
    127.5000,     15.0000,    5.000000      42.7610 
    130.0000,     15.0000,    5.000000      39.4880 
    132.5000,     15.0000,    5.000000      37.2120 
    135.0000,     15.0000,    5.000000      35.5050 
    137.5000,     15.0000,    5.000000      42.3880 
    140.0000,     15.0000,    5.000000      37.5440 
    142.5000,     15.0000,    5.000000      54.4210 
    145.0000,     15.0000,    5.000000      41.2560 
    147.5000,     15.0000,    5.000000      39.7690 
    150.0000,     15.0000,    5.000000      40.9040 
    152.5000,     15.0000,    5.000000      41.5620 
    155.0000,     15.0000,    5.000000      46.9600 
    157.5000,     15.0000,    5.000000      39.2210 
    160.0000,     15.0000,    5.000000      49.4040 
    162.5000,     15.0000,    5.000000      42.1340 
    165.0000,     15.0000,    5.000000      34.5600 
    167.5000,     15.0000,    5.000000      45.3140 
    170.0000,     15.0000,    5.000000      36.9350 
    172.5000,     15.0000,    5.000000      43.4470 
    175.0000,     15.0000,    5.000000      48.8680 
    177.5000,     15.0000,    5.000000      43.5080 
    180.0000,     15.0000,    5.000000      40.8840 
    182.5000,     15.0000,    5.000000      40.9500 
    185.0000,     15.0000,    5.000000      41.9810 
    187.5000,     15.0000,    5.000000      38.9900 
    190.0000,     15.0000,    5.000000      39.1490 
    192.5000,     15.0000,    5.000000      36.6240 
    195.0000,     15.0000,    5.000000      39.5540 
    197.5000,     15.0000,    5.000000      32.9210 
    200.0000,     15.0000,    5.000000      33.3690 
    202.5000,     15.0000,    5.000000      39.3430 
    205.0000,     15.0000,    5.000000      36.2490 
    207.5000,     15.0000,    5.000000      39.1400 
    210.0000,     15.0000,    5.000000      36.8230 
    212.5000,     15.0000,    5.000000      39.8760 
    215.0000,     15.0000,    5.000000      41.8580 
    217.5000,     15.0000,    5.000000      40.3910 
    220.0000,     15.0000,    5.000000      46.0430 
    222.5000,     15.0000,    5.000000      37.5220 
    225.0000,     15.0000,    5.000000      43.6810 
    230.0000,     15.0000,    5.000000      48.9520 
    232.5000,     15.0000,    5.000000      47.0240 
    235.0000,     15.0000,    5.000000      43.2700 
    237.5000,     15.0000,    5.000000      41.8750 
    240.0000,     15.0000,    5.000000      42.1310 
    247.5000,     15.0000,    5.000000      42.6650 
    250.0000,     15.0000,    5.000000      40.8590 
    252.5000,     15.0000,    5.000000      37.0690 
    255.0000,     15.0000,    5.000000      35.4080 
    257.5000,     15.0000,    5.000000      35.1340 
    260.0000,     15.0000,    5.000000      38.8320 
    265.0000,     15.0000,    5.000000      32.5450 
    270.0000,     15.0000,    5.000000      43.9660 
      0.0000,     17.5000,    5.000000     209.0100 
      2.5000,     17.5000,    5.000000     209.5410 
      5.0000,     17.5000,    5.000000     212.8080 
      7.5000,     17.5000,    5.000000     211.5730 
     10.0000,     17.5000,    5.000000     218.8000 
     12.5000,     17.5000,    5.000000     216.7140 
     15.0000,     17.5000,    5.000000     210.2450 
     17.5000,     17.5000,    5.000000     200.6200 
     20.0000,     17.5000,    5.000000     190.7340 
     22.5000,     17.5000,    5.000000     172.1110 
     25.0000,     17.5000,    5.000000     156.4630 
     27.5000,     17.5000,    5.000000     135.9510 
     30.0000,     17.5000,    5.000000     121.4500 
     32.5000,     17.5000,    5.000000     116.5890 
     35.0000,     17.5000,    5.000000      98.0590 
     37.5000,     17.5000,    5.000000      93.8910 
     40.0000,     17.5000,    5.000000      88.5110 
     42.5000,     17.5000,    5.000000      79.2780 
     45.0000,     17.5000,    5.000000      74.6720 
     47.5000,     17.5000,    5.000000      75.1910 
     50.0000,     17.5000,    5.000000      77.7430 
     52.5000,     17.5000,    5.000000      69.1140 
     55.0000,     17.5000,    5.000000      69.1970 
     57.5000,     17.5000,    5.000000      59.7280 
     60.0000,     17.5000,    5.000000      63.0380 
     62.5000,     17.5000,    5.000000      67.4190 
     65.0000,     17.5000,    5.000000      74.8870 
     67.5000,     17.5000,    5.000000      66.7250 
     70.0000,     17.5000,    5.000000      61.5600 
     72.5000,     17.5000,    5.000000      59.9670 
     75.0000,     17.5000,    5.000000      57.2300 
     77.5000,     17.5000,    5.000000      67.0590 
     80.0000,     17.5000,    5.000000      62.3470 
     82.5000,     17.5000,    5.000000      56.4800 
     85.0000,     17.5000,    5.000000      58.4200 
     87.5000,     17.5000,    5.000000      55.2470 
     90.0000,     17.5000,    5.000000      67.2020 
     92.5000,     17.5000,    5.000000      51.5040 
     95.0000,     17.5000,    5.000000      59.8130 
     97.5000,     17.5000,    5.000000      61.0900 
    100.0000,     17.5000,    5.000000      50.6570 
    102.5000,     17.5000,    5.000000      47.6040 
    105.0000,     17.5000,    5.000000      49.8680 
    107.5000,     17.5000,    5.000000      45.4310 
    110.0000,     17.5000,    5.000000      57.7000 
    112.5000,     17.5000,    5.000000      61.1140 
    115.0000,     17.5000,    5.000000      48.8680 
    117.5000,     17.5000,    5.000000      44.6770 
    120.0000,     17.5000,    5.000000      49.2290 
    122.5000,     17.5000,    5.000000      50.3610 
    125.0000,     17.5000,    5.000000      41.5130 
    127.5000,     17.5000,    5.000000      50.1510 
    130.0000,     17.5000,    5.000000      46.1280 
    132.5000,     17.5000,    5.000000      40.1140 
    135.0000,     17.5000,    5.000000      35.8910 
    137.5000,     17.5000,    5.000000      35.6540 
    140.0000,     17.5000,    5.000000      40.0910 
    142.5000,     17.5000,    5.000000      42.2960 
    145.0000,     17.5000,    5.000000      44.0300 
    147.5000,     17.5000,    5.000000      42.9870 
    150.0000,     17.5000,    5.000000      43.0330 
    152.5000,     17.5000,    5.000000      38.9350 
    155.0000,     17.5000,    5.000000      35.0920 
    157.5000,     17.5000,    5.000000      40.0620 
    160.0000,     17.5000,    5.000000      41.7190 
    162.5000,     17.5000,    5.000000      46.8630 
    170.0000,     17.5000,    5.000000      56.0100 
    172.5000,     17.5000,    5.000000      51.5460 
    175.0000,     17.5000,    5.000000      40.5940 
    177.5000,     17.5000,    5.000000      49.7410 
    180.0000,     17.5000,    5.000000      45.0650 
    182.5000,     17.5000,    5.000000      32.9970 
    190.0000,     17.5000,    5.000000      39.1080 
    192.5000,     17.5000,    5.000000      38.9290 
    195.0000,     17.5000,    5.000000      41.3590 
    197.5000,     17.5000,    5.000000      40.8440 
    200.0000,     17.5000,    5.000000      43.6650 
    202.5000,     17.5000,    5.000000      40.4090 
    205.0000,     17.5000,    5.000000      42.5140 
    207.5000,     17.5000,    5.000000      42.4200 
    210.0000,     17.5000,    5.000000      43.6700 
    212.5000,     17.5000,    5.000000      43.6150 
    220.0000,     17.5000,    5.000000      46.7380 
    225.0000,     17.5000,    5.000000      35.8600 
    227.5000,     17.5000,    5.000000      37.5420 
    240.0000,     17.5000,    5.000000      38.4440 
    242.5000,     17.5000,    5.000000      38.6330 
    245.0000,     17.5000,    5.000000      47.8400 
    260.0000,     17.5000,    5.000000      39.2790 
    262.5000,     17.5000,    5.000000      40.5050 
    265.0000,     17.5000,    5.000000      39.8120 
    275.0000,     17.5000,    5.000000      44.5360 
      0.0000,     20.0000,    5.000000     211.3090 
      2.5000,     20.0000,    5.000000     207.9220 
      5.0000,     20.0000,    5.000000     198.0000 
      7.5000,     20.0000,    5.000000     182.6240 
     10.0000,     20.0000,    5.000000     167.2740 
     12.5000,     20.0000,    5.000000     157.3160 
     15.0000,     20.0000,    5.000000     149.0650 
     17.5000,     20.0000,    5.000000     138.8390 
     20.0000,     20.0000,    5.000000     129.3790 
     22.5000,     20.0000,    5.000000     123.0940 
     25.0000,     20.0000,    5.000000     117.7670 
     27.5000,     20.0000,    5.000000     105.5050 
     30.0000,     20.0000,    5.000000     106.8330 
     32.5000,     20.0000,    5.000000      97.7200 
     35.0000,     20.0000,    5.000000      98.7140 
     37.5000,     20.0000,    5.000000      94.6240 
     40.0000,     20.0000,    5.000000      83.4830 
     42.5000,     20.0000,    5.000000      73.1340 
     45.0000,     20.0000,    5.000000      73.2130 
     47.5000,     20.0000,    5.000000      80.9010 
     50.0000,     20.0000,    5.000000      74.5240 
     52.5000,     20.0000,    5.000000      64.5130 
     55.0000,     20.0000,    5.000000      65.0370 
     57.5000,     20.0000,    5.000000      61.0650 
     60.0000,     20.0000,    5.000000      61.2890 
     62.5000,     20.0000,    5.000000      62.0500 
     65.0000,     20.0000,    5.000000      63.2160 
     67.5000,     20.0000,    5.000000      68.0230 
     70.0000,     20.0000,    5.000000      68.2910 
     72.5000,     20.0000,    5.000000      55.3620 
     75.0000,     20.0000,    5.000000      57.4850 
     77.5000,     20.0000,    5.000000      61.4190 
     80.0000,     20.0000,    5.000000      73.7720 
     82.5000,     20.0000,    5.000000      65.3530 
     85.0000,     20.0000,    5.000000      53.5660 
     87.5000,     20.0000,    5.000000      51.7410 
     90.0000,     20.0000,    5.000000      51.3580 
     92.5000,     20.0000,    5.000000      54.0980 
     95.0000,     20.0000,    5.000000      60.3790 
     97.5000,     20.0000,    5.000000      52.0910 
    100.0000,     20.0000,    5.000000      55.5760 
    102.5000,     20.0000,    5.000000      41.3300 
    105.0000,     20.0000,    5.000000      50.3840 
    107.5000,     20.0000,    5.000000      49.8630 
    110.0000,     20.0000,    5.000000      46.1310 
    112.5000,     20.0000,    5.000000      52.6820 
    115.0000,     20.0000,    5.000000      53.2230 
    117.5000,     20.0000,    5.000000      54.0940 
    120.0000,     20.0000,    5.000000      53.6720 
    122.5000,     20.0000,    5.000000      43.8550 
    125.0000,     20.0000,    5.000000      42.7070 
    127.5000,     20.0000,    5.000000      48.4200 
    130.0000,     20.0000,    5.000000      44.8600 
    132.5000,     20.0000,    5.000000      40.3010 
    135.0000,     20.0000,    5.000000      42.3310 
    137.5000,     20.0000,    5.000000      36.9780 
    140.0000,     20.0000,    5.000000      34.7000 
    142.5000,     20.0000,    5.000000      30.7630 
    145.0000,     20.0000,    5.000000      41.0820 
    147.5000,     20.0000,    5.000000      32.2850 
    157.5000,     20.0000,    5.000000      50.2920 
    160.0000,     20.0000,    5.000000      50.1750 
    162.5000,     20.0000,    5.000000      43.6500 
    165.0000,     20.0000,    5.000000      41.7060 
    167.5000,     20.0000,    5.000000      39.7730 
    170.0000,     20.0000,    5.000000      45.2360 
    172.5000,     20.0000,    5.000000      45.6780 
    182.5000,     20.0000,    5.000000      40.4110 
    187.5000,     20.0000,    5.000000      46.0690 
    195.0000,     20.0000,    5.000000      56.9020 
    202.5000,     20.0000,    5.000000      44.7830 
    207.5000,     20.0000,    5.000000      43.0390 
    210.0000,     20.0000,    5.000000      37.7940 
    212.5000,     20.0000,    5.000000      34.7500 
    217.5000,     20.0000,    5.000000      29.9390 
    222.5000,     20.0000,    5.000000      38.9050 
    235.0000,     20.0000,    5.000000      32.9630 
    255.0000,     20.0000,    5.000000      43.4880 
    257.5000,     20.0000,    5.000000      47.3580 
      0.0000,     22.5000,    5.000000     147.8760 
      2.5000,     22.5000,    5.000000     140.6910 
      5.0000,     22.5000,    5.000000     138.8160 
      7.5000,     22.5000,    5.000000     136.7630 
     10.0000,     22.5000,    5.000000     145.1890 
     12.5000,     22.5000,    5.000000     129.1630 
     15.0000,     22.5000,    5.000000     125.2880 
     17.5000,     22.5000,    5.000000     130.3400 
     20.0000,     22.5000,    5.000000     115.0610 
     22.5000,     22.5000,    5.000000     117.2680 
     25.0000,     22.5000,    5.000000     115.8650 
     27.5000,     22.5000,    5.000000     105.5710 
     30.0000,     22.5000,    5.000000      98.5150 
     32.5000,     22.5000,    5.000000      81.9390 
     35.0000,     22.5000,    5.000000      86.2240 
     37.5000,     22.5000,    5.000000      79.2520 
     40.0000,     22.5000,    5.000000      85.1400 
     42.5000,     22.5000,    5.000000      79.9200 
     45.0000,     22.5000,    5.000000      63.1320 
     47.5000,     22.5000,    5.000000      63.4140 
     50.0000,     22.5000,    5.000000      51.9290 
     52.5000,     22.5000,    5.000000      56.3780 
     55.0000,     22.5000,    5.000000      62.0630 
     57.5000,     22.5000,    5.000000      52.3130 
     60.0000,     22.5000,    5.000000      49.0450 
     62.5000,     22.5000,    5.000000      48.4210 
     65.0000,     22.5000,    5.000000      52.5180 
     67.5000,     22.5000,    5.000000      55.4700 
     70.0000,     22.5000,    5.000000      57.9240 
     72.5000,     22.5000,    5.000000      56.4270 
     75.0000,     22.5000,    5.000000      56.8500 
     77.5000,     22.5000,    5.000000      55.6380 
     80.0000,     22.5000,    5.000000      55.5910 
     82.5000,     22.5000,    5.000000      56.0980 
     85.0000,     22.5000,    5.000000      58.0430 
     87.5000,     22.5000,    5.000000      58.5200 
     90.0000,     22.5000,    5.000000      60.0660 
     92.5000,     22.5000,    5.000000      66.7490 
     95.0000,     22.5000,    5.000000      63.5870 
     97.5000,     22.5000,    5.000000      54.1260 
    100.0000,     22.5000,    5.000000      62.2360 
    102.5000,     22.5000,    5.000000      50.0540 
    105.0000,     22.5000,    5.000000      54.5670 
    107.5000,     22.5000,    5.000000      54.3190 
    110.0000,     22.5000,    5.000000      58.3300 
    112.5000,     22.5000,    5.000000      56.2660 
    115.0000,     22.5000,    5.000000      47.4540 
    117.5000,     22.5000,    5.000000      56.3260 
    120.0000,     22.5000,    5.000000      49.0790 
    125.0000,     22.5000,    5.000000      42.6590 
    127.5000,     22.5000,    5.000000      45.2170 
    130.0000,     22.5000,    5.000000      48.3840 
    135.0000,     22.5000,    5.000000      46.6030 
    137.5000,     22.5000,    5.000000      43.5840 
    147.5000,     22.5000,    5.000000      32.7980 
    150.0000,     22.5000,    5.000000      33.4340 
    152.5000,     22.5000,    5.000000      37.6320 
    155.0000,     22.5000,    5.000000      53.4330 
    167.5000,     22.5000,    5.000000      46.6420 
    180.0000,     22.5000,    5.000000      37.7380 
    185.0000,     22.5000,    5.000000      48.0500 
    192.5000,     22.5000,    5.000000      45.4130 
    207.5000,     22.5000,    5.000000      48.4560 
    217.5000,     22.5000,    5.000000      52.6150 
    222.5000,     22.5000,    5.000000      44.9750 
    225.0000,     22.5000,    5.000000      46.5630 
    227.5000,     22.5000,    5.000000      48.2450 
    230.0000,     22.5000,    5.000000      44.1310 
    232.5000,     22.5000,    5.000000      45.5290 
    237.5000,     22.5000,    5.000000      47.7330 
    240.0000,     22.5000,    5.000000      50.8090 
      0.0000,     25.0000,    5.000000     131.2600 
      2.5000,     25.0000,    5.000000     127.9340 
      5.0000,     25.0000,    5.000000     126.1910 
      7.5000,     25.0000,    5.000000     129.1980 
     10.0000,     25.0000,    5.000000     137.4010 
     12.5000,     25.0000,    5.000000     123.2050 
     15.0000,     25.0000,    5.000000     117.6640 
     17.5000,     25.0000,    5.000000     116.6250 
     20.0000,     25.0000,    5.000000     106.6430 
     22.5000,     25.0000,    5.000000      97.0690 
     25.0000,     25.0000,    5.000000     105.3930 
     27.5000,     25.0000,    5.000000      93.8060 
     30.0000,     25.0000,    5.000000      90.3780 
     32.5000,     25.0000,    5.000000      83.8790 
     35.0000,     25.0000,    5.000000      71.9060 
     37.5000,     25.0000,    5.000000      67.1470 
     40.0000,     25.0000,    5.000000      67.3420 
     42.5000,     25.0000,    5.000000      67.0400 
     45.0000,     25.0000,    5.000000      64.7670 
     47.5000,     25.0000,    5.000000      65.4840 
     50.0000,     25.0000,    5.000000      55.7120 
     52.5000,     25.0000,    5.000000      54.2380 
     55.0000,     25.0000,    5.000000      58.2410 
     57.5000,     25.0000,    5.000000      65.5830 
     60.0000,     25.0000,    5.000000      47.2480 
     62.5000,     25.0000,    5.000000      46.0580 
     65.0000,     25.0000,    5.000000      53.7710 
     67.5000,     25.0000,    5.000000      57.5780 
     70.0000,     25.0000,    5.000000      53.7440 
     72.5000,     25.0000,    5.000000      58.0950 
     75.0000,     25.0000,    5.000000      56.7370 
     77.5000,     25.0000,    5.000000      54.0190 
     80.0000,     25.0000,    5.000000      53.6750 
     82.5000,     25.0000,    5.000000      51.1950 
     85.0000,     25.0000,    5.000000      60.0960 
     87.5000,     25.0000,    5.000000      56.6880 
     90.0000,     25.0000,    5.000000      57.9110 
     92.5000,     25.0000,    5.000000      57.7160 
    107.5000,     25.0000,    5.000000      47.9020 
    117.5000,     25.0000,    5.000000      38.1460 
    120.0000,     25.0000,    5.000000      50.9340 
    122.5000,     25.0000,    5.000000      46.4290 
    135.0000,     25.0000,    5.000000      44.9030 
    137.5000,     25.0000,    5.000000      46.1290 
    140.0000,     25.0000,    5.000000      42.1410 
    142.5000,     25.0000,    5.000000      44.0210 
    155.0000,     25.0000,    5.000000      51.9790 
    182.5000,     25.0000,    5.000000      36.3060 
    185.0000,     25.0000,    5.000000      31.3210 
    190.0000,     25.0000,    5.000000      43.7400 
    192.5000,     25.0000,    5.000000      33.4950 
    197.5000,     25.0000,    5.000000      44.7550 
    200.0000,     25.0000,    5.000000      49.6260 
    210.0000,     25.0000,    5.000000      33.5260 
      0.0000,     27.5000,    5.000000     127.8270 
      2.5000,     27.5000,    5.000000     116.6030 
      5.0000,     27.5000,    5.000000     118.6230 
      7.5000,     27.5000,    5.000000     117.4560 
     10.0000,     27.5000,    5.000000     107.0130 
     12.5000,     27.5000,    5.000000     104.8400 
     15.0000,     27.5000,    5.000000     106.3040 
     17.5000,     27.5000,    5.000000      94.3840 
     20.0000,     27.5000,    5.000000      92.8390 
     22.5000,     27.5000,    5.000000      90.0120 
     25.0000,     27.5000,    5.000000      95.1770 
     27.5000,     27.5000,    5.000000      81.2250 
     30.0000,     27.5000,    5.000000      76.1600 
     32.5000,     27.5000,    5.000000      69.4730 
     35.0000,     27.5000,    5.000000      69.7190 
     45.0000,     27.5000,    5.000000      66.7590 
     50.0000,     27.5000,    5.000000      63.5900 
     52.5000,     27.5000,    5.000000      56.6810 
     55.0000,     27.5000,    5.000000      52.8830 
     57.5000,     27.5000,    5.000000      55.5710 
     60.0000,     27.5000,    5.000000      49.1790 
     62.5000,     27.5000,    5.000000      61.1830 
     67.5000,     27.5000,    5.000000      59.3310 
     70.0000,     27.5000,    5.000000      61.7120 
     77.5000,     27.5000,    5.000000      66.0090 
     80.0000,     27.5000,    5.000000      68.5910 
     92.5000,     27.5000,    5.000000      67.0010 
     97.5000,     27.5000,    5.000000      55.1080 
    100.0000,     27.5000,    5.000000      45.8590 
    112.5000,     27.5000,    5.000000      60.6030 
    115.0000,     27.5000,    5.000000      43.1520 
    120.0000,     27.5000,    5.000000      39.0130 
    122.5000,     27.5000,    5.000000      39.0430 
    132.5000,     27.5000,    5.000000      42.9770 
    177.5000,     27.5000,    5.000000      35.4630 
    192.5000,     27.5000,    5.000000      44.4620 
      0.0000,     30.0000,    5.000000     102.2210 
      2.5000,     30.0000,    5.000000      85.7720 
      5.0000,     30.0000,    5.000000     102.2520 
      7.5000,     30.0000,    5.000000     100.9000 
     10.0000,     30.0000,    5.000000      88.7280 
     12.5000,     30.0000,    5.000000      93.3390 
     15.0000,     30.0000,    5.000000      93.9570 
     17.5000,     30.0000,    5.000000      86.8800 
     20.0000,     30.0000,    5.000000      79.5380 
     22.5000,     30.0000,    5.000000      73.8470 
     25.0000,     30.0000,    5.000000      75.0940 
     27.5000,     30.0000,    5.000000      77.7460 
     30.0000,     30.0000,    5.000000      81.9260 
     32.5000,     30.0000,    5.000000      90.3040 
     35.0000,     30.0000,    5.000000      86.5970 
     40.0000,     30.0000,    5.000000      67.3390 
     47.5000,     30.0000,    5.000000      63.7240 
     60.0000,     30.0000,    5.000000      44.8690 
     62.5000,     30.0000,    5.000000      47.3260 
     65.0000,     30.0000,    5.000000      54.3190 
     67.5000,     30.0000,    5.000000      58.6570 
     70.0000,     30.0000,    5.000000      54.5270 
     72.5000,     30.0000,    5.000000      61.4770 
     77.5000,     30.0000,    5.000000      54.5300 
     80.0000,     30.0000,    5.000000      77.6140 
     82.5000,     30.0000,    5.000000      49.0450 
     85.0000,     30.0000,    5.000000      49.5360 
     95.0000,     30.0000,    5.000000      63.4040 
     97.5000,     30.0000,    5.000000      53.1650 
    100.0000,     30.0000,    5.000000      50.2880 
    102.5000,     30.0000,    5.000000      54.4910 
    105.0000,     30.0000,    5.000000      51.2420 
    110.0000,     30.0000,    5.000000      47.9130 
    130.0000,     30.0000,    5.000000      50.0010 
    145.0000,     30.0000,    5.000000      46.2440 
    152.5000,     30.0000,    5.000000      37.1790 
      0.0000,     32.5000,    5.000000      84.0220 
      2.5000,     32.5000,    5.000000      90.7720 
      5.0000,     32.5000,    5.000000      93.8450 
      7.5000,     32.5000,    5.000000      96.8470 
     10.0000,     32.5000,    5.000000      96.3220 
     12.5000,     32.5000,    5.000000      85.0080 
     15.0000,     32.5000,    5.000000      87.8740 
     17.5000,     32.5000,    5.000000      67.7440 
     20.0000,     32.5000,    5.000000      78.0570 
     22.5000,     32.5000,    5.000000      76.0990 
     27.5000,     32.5000,    5.000000      74.5450 
     30.0000,     32.5000,    5.000000      65.1500 
     32.5000,     32.5000,    5.000000      60.0640 
     40.0000,     32.5000,    5.000000      72.8180 
     57.5000,     32.5000,    5.000000      68.4230 
     70.0000,     32.5000,    5.000000      55.7230 
     72.5000,     32.5000,    5.000000      62.6730 
     75.0000,     32.5000,    5.000000      52.5350 
     95.0000,     32.5000,    5.000000      64.2810 
     97.5000,     32.5000,    5.000000      54.4970 
    100.0000,     32.5000,    5.000000      54.0040 
    105.0000,     32.5000,    5.000000      54.9330 
    127.5000,     32.5000,    5.000000      49.1580 
    167.5000,     32.5000,    5.000000      40.6280 
      0.0000,     35.0000,    5.000000      87.6990 
      2.5000,     35.0000,    5.000000      86.9140 
      5.0000,     35.0000,    5.000000      83.1270 
      7.5000,     35.0000,    5.000000      95.9540 
     10.0000,     35.0000,    5.000000      70.6810 
     12.5000,     35.0000,    5.000000      92.3940 
     15.0000,     35.0000,    5.000000      86.8670 
     25.0000,     35.0000,    5.000000      66.2170 
     27.5000,     35.0000,    5.000000      76.9960 
     30.0000,     35.0000,    5.000000      73.8290 
     32.5000,     35.0000,    5.000000      74.0600 
     35.0000,     35.0000,    5.000000      62.7220 
     42.5000,     35.0000,    5.000000      50.9110 
     65.0000,     35.0000,    5.000000      57.4040 
     67.5000,     35.0000,    5.000000      49.2720 
     70.0000,     35.0000,    5.000000      50.1720 
    112.5000,     35.0000,    5.000000      51.1770 
    132.5000,     35.0000,    5.000000      41.1280 
    135.0000,     35.0000,    5.000000      31.3340 
      0.0000,     37.5000,    5.000000      82.4790 
      2.5000,     37.5000,    5.000000      74.2860 
      7.5000,     37.5000,    5.000000      75.0370 
     10.0000,     37.5000,    5.000000     102.3740 
     12.5000,     37.5000,    5.000000      88.9650 
     15.0000,     37.5000,    5.000000      78.8180 
     20.0000,     37.5000,    5.000000      85.0520 
     22.5000,     37.5000,    5.000000      74.1620 
     25.0000,     37.5000,    5.000000      67.7340 
     27.5000,     37.5000,    5.000000      65.8540 
     32.5000,     37.5000,    5.000000      52.7000 
     37.5000,     37.5000,    5.000000      48.2600 
     40.0000,     37.5000,    5.000000      47.4390 
     45.0000,     37.5000,    5.000000      46.0580 
     65.0000,     37.5000,    5.000000      54.8200 
     70.0000,     37.5000,    5.000000      72.6120 
    107.5000,     37.5000,    5.000000      52.5070 
1
0
0
0
0
0
0
