# vtk DataFile Version 3.0
d-2__ created by libgimli-v1.5.3-50-g9b352bc4
ASCII
DATASET UNSTRUCTURED_GRID
POINTS 3967 double
21.152087658735	297.24733846466	0
21.375	297.8025	0
21	297.84	0
22.251777168233	297.446504432	0
22.5	297.66	0
22.125	297.7125	0
20.625	297.87375	0
20.663604527084	297.4993156361	0
21.75	297.765	0
21.537672826978	297.50911467197	0
21.874126455214	297.22404461705	0
26.014773499924	297.17069755755	0
25.721714739687	297.17562364091	0
25.858369551756	296.83592896773	0
31.874763698555	296.02554313866	0
31.988927364098	296.54285627121	0
31.612571448454	296.52540579655	0
23.381692939597	296.94818464267	0
23.25	297.54	0
22.9724640258	297.19418549041	0
20.25	297.9075	0
20.379338220256	297.64982418437	0
12.971334602218	297.97766890328	0
13.125	298.2075	0
12.75	298.21	0
22.875	297.6	0
22.508347922414	297.19170860727	0
23.625	297.48	0
23.881075810946	297.02426823001	0
24	297.42	0
55.333038286808	294.80184157661	0
55.5	295.02	0
55.125	295.035	0
40.5	296.08	0
40.698417003795	295.82090685462	0
40.875	296.04875	0
60.923462846548	294.09491545208	0
61.125	294.49125	0
60.75	294.5475	0
47.375254691206	295.11105982929	0
47.727422931546	294.89848446704	0
47.625	295.34625	0
24.211629924366	297.12865845931	0
24.375	297.42375	0
13.983618410545	297.07551344349	0
13.989027556116	297.70144861953	0
13.462813413899	297.33865911109	0
10.387367335238	297.76367340525	0
9.9390535720347	297.86469611833	0
9.9601809309061	297.37323181847	0
18.83535635883	297.44467152837	0
18.75	298.005	0
18.379060396766	297.65602634321	0
16.5	298.15	0
16.125	298.16625	0
16.290966188018	297.61780285319	0
16.720551074402	297.79587011052	0
3.3524706908398	297.5584714303	0
3.0340781763226	298.00593496125	0
2.6939453161279	297.55989610645	0
59.367967018329	294.4318935217	0
59.25	294.7725	0
59.042289349317	294.47905439061	0
6.5459050581771	298.20161088356	0
6.2240413619338	298.22999193991	0
6.3871330955762	297.70463503429	0
16.875	298.12625	0
15.887865295747	297.83677183916	0
15.745511740791	297.39805318436	0
57.575155648326	294.63575141206	0
57.375	294.96875	0
57.205669595307	294.5533702111	0
16.901038316301	297.30013987685	0
18.375	298.0275	0
19.125	297.9825	0
58.568378837233	294.37748931542	0
58.875	294.82625	0
58.5	294.88	0
56.81698765363	294.58274682239	0
56.915390203396	293.97799672184	0
18	298.05	0
18.103983998275	297.81072093851	0
19.5	297.96	0
19.308064303175	297.56792512267	0
19.769769506474	297.4415468127	0
60.375	294.60375	0
60.520968038977	294.28066478904	0
4.125	298.83375	0
3.9124234906705	298.3922832136	0
4.3050525456297	298.49916956003	0
15.532448493413	297.82867763384	0
15.75	298.1825	0
15.375	298.18625	0
17.625	298.07625	0
17.25	298.1025	0
17.457126363957	297.65124783686	0
29.625	297.10875	0
29.324754681622	296.65820620446	0
29.749839148456	296.7296026787	0
44.03850238796	295.26733020019	0
44.25	295.7375	0
43.875	295.77375	0
28.875	297.20375	0
28.5	297.25	0
28.528422828062	296.7271493514	0
29.25	297.1575	0
28.972861603963	296.83952509738	0
32.330091808319	296.42278725909	0
47.200159664036	294.76882191819	0
32.25	296.85	0
31.875	296.8925	0
54	295.08	0
53.749992253498	294.79417151966	0
54.127133965901	294.60990156053	0
31.125	296.9675	0
31.262699541575	296.63174253131	0
31.5	296.935	0
8.25	298.395	0
7.875	298.4275	0
8.0657672435342	298.01561666869	0
28.891541388478	295.32366089276	0
29.493866277915	295.14227530397	0
29.523929371768	295.68666110779	0
34.73322122677	296.2572631769	0
34.859351603774	295.91105781288	0
35.019234532593	296.22662539863	0
30	297.06	0
30.138718425143	296.5571354987	0
30.375	297.03	0
31.167108553804	296.13015374	0
30.903895514208	296.6041390179	0
26.25	297.425	0
25.875	297.43	0
24.75	297.4275	0
24.582052028398	297.00194500581	0
10.577072302084	297.08370168623	0
25.125	297.43125	0
24.958436854524	297.12732222207	0
25.5	297.435	0
25.361052559366	297.01411787802	0
18.270910789281	297.15354870856	0
38.08503990139	296.05956471268	0
38.25	296.2775	0
37.875	296.30375	0
27.827953470718	297.09243808301	0
27.75	297.3275	0
27.551606088578	297.11134187542	0
51.255631276166	294.76427002003	0
51.333653272271	294.20174175664	0
51.745359648537	294.57542002288	0
28.125	297.28875	0
28.088015563208	296.93031334325	0
7.565771155698	297.81752733931	0
7.371505774866	298.19043026962	0
6.9893153330107	298.01214165771	0
12.637671267431	297.80312614647	0
12.375	298.21	0
14.819510388292	297.74224800958	0
15.247553623747	297.49359235389	0
15.194095543988	297.8862558156	0
26.369573520475	296.9973109279	0
26.625	297.4025	0
26.787027135509	297.09928024122	0
27	297.38	0
61.963640573282	293.91987103694	0
61.728468019415	293.24014690212	0
62.288167731838	293.47946338177	0
14.415159052621	297.41591083046	0
14.419168722901	297.84879474823	0
27.180739312081	296.97640312655	0
6.375	298.55	0
6	298.58	0
12.220687803933	297.88193144621	0
32.625	296.79	0
57	294.98	0
9.375	298.27875	0
9.4736996610216	297.7314993859	0
9.75	298.2375	0
3.9069456194987	297.79845749312	0
4.3374364161907	298.09288851844	0
4.5	298.785	0
36.3012848926	295.86784115857	0
35.855980503595	295.58327597163	0
36.542561171584	295.298130678	0
5.0493892043283	298.33770701631	0
5.25	298.685	0
4.875	298.735	0
7.125	298.49	0
6.75	298.52	0
24.975390062829	296.77056278877	0
45.375	295.63625	0
45.018088611616	295.287795293	0
45.506860306678	295.08684549528	0
21.432231113423	296.40204387212	0
62.25	294.39	0
61.875	294.4125	0
5.625	298.6325	0
5.8089302155822	298.12018514487	0
1.280394282765	298.8371246105	0
1.6649009243296	298.78230946646	0
1.5	299.15	0
30.547586656706	296.68126452344	0
27.375	297.35375	0
12.281551564257	297.49805659992	0
11.812408512633	297.69211175035	0
10.5	298.21	0
10.730764142549	297.95937954275	0
10.875	298.21	0
15	298.19	0
3	298.98	0
3.117621642391	298.64384089752	0
3.375	298.93125	0
13.527876123079	297.85145662039	0
13.244546123133	297.98465188657	0
13.102149959132	297.68665602824	0
2.5894206912187	298.11192492521	0
2.8838420511844	298.37502760317	0
12	298.21	0
3.4809184880881	298.10418567165	0
35.894908747212	296.07828560231	0
35.381674871452	296.0008510266	0
8.9969746178699	297.94700646632	0
8.8772547946316	297.41959380889	0
10.883987466184	297.64710954088	0
11.310731597616	297.83245258094	0
11.009760099514	297.97107119866	0
11.289271004918	297.27472831752	0
44.924747091395	294.74737561565	0
20.254772394534	297.32708907005	0
20.105470199917	297.65056444557	0
37.883447771731	295.33442217474	0
38.262582789341	294.60479253034	0
38.543360098071	295.37255512811	0
3.4731069467933	298.54682726288	0
3.75	298.8825	0
4.6465553634257	298.39770664697	0
26.759255031404	296.74816277426	0
26.292954115618	296.32573299781	0
5.408486611952	298.33966668918	0
13.875	298.20125	0
13.5	298.205	0
32.732586005421	296.37956251708	0
33	296.73	0
10.125	298.22375	0
42.162239830006	295.59817759022	0
42	295.95	0
41.736817440592	295.47337166972	0
14.625	298.19375	0
8.1151442994345	297.33863170879	0
51.891829277305	294.90147249228	0
52.239386052278	294.71291530574	0
52.125	295.15125	0
14.25	298.1975	0
61.614886197846	294.16329175225	0
37.728088882435	295.90687090672	0
37.5	296.33	0
54.375	295.065	0
54.566640408937	294.72747439999	0
54.75	295.05	0
7.6758624671499	298.18096619093	0
7.5	298.46	0
11.25	298.21	0
11.625	298.21	0
55.875	295.0075	0
55.873204022511	294.64388631331	0
56.25	294.995	0
38.208632406908	295.76641219056	0
38.647644989449	295.88745597943	0
8.7194675478262	298.1174063336	0
9	298.32	0
8.625	298.3575	0
49.875	295.185	0
49.5	295.2	0
49.624437104176	294.94062079216	0
19.311513149293	297.02017604358	0
20.768202166726	296.66708208648	0
19.875	297.93375	0
17.040107147306	297.79390571344	0
59.149639901428	293.98869197984	0
57.551941696138	294.18112793395	0
57.993045071532	294.52217506039	0
5.3052426164562	297.93016188372	0
56.625	294.9875	0
56.339348566307	294.42088924106	0
54.991853106149	294.64325311134	0
61.421004494873	293.8464661225	0
57.75	294.9575	0
58.125	294.91875	0
8.5359583524172	297.82845419311	0
59.625	294.71625	0
59.772204420929	294.2051659338	0
2.773156085361	298.70180501249	0
2.625	299.025	0
54.058746018777	293.96738179749	0
54.591024535376	294.27858491871	0
55.60488897494	294.79691027164	0
45.945947508678	295.23847352377	0
46.083641741189	294.74538855308	0
46.265570295823	295.21051042736	0
51.375	295.16625	0
51	295.17	0
51.603036005116	294.91289559221	0
51.75	295.1625	0
50.843914251284	294.8520322497	0
50.625	295.17	0
55.444388170307	294.52149100947	0
52.5	295.14	0
52.654974943359	294.82065449071	0
53.625	295.095	0
24.221847385653	296.78566021969	0
24.586479702815	296.378616226	0
39.748061958689	295.38251317041	0
39.585883537489	295.84158441831	0
39.144957865885	295.68923208933	0
30.75	297	0
52.875	295.125	0
35.25	296.47	0
43.636313296453	295.49833167734	0
43.5	295.81	0
50.25	295.17	0
50.444292634998	294.67280215219	0
62.956487742601	294.1379618403	0
63	294.48	0
62.625	294.435	0
62.575946108314	293.91890793437	0
61.5	294.435	0
57.53942257945	293.4862135292	0
58.083627200903	293.91707570846	0
53.25	295.11	0
53.445629008297	294.81152444731	0
63.75	294.5325	0
63.884803900117	294.01052729081	0
64.5	294.585	0
61.316612870689	294.20575263058	0
67.040008895181	292.71890783441	0
66.872732538698	293.54232645722	0
66.197485065311	293.01832424265	0
67.669042787696	293.2882387332	0
67.5	294.05	0
53.554550776809	294.38572395624	0
60.352264193297	293.84059418518	0
60.204120282036	294.31770295348	0
66.072864812434	293.89602548412	0
65.25	294.5625	0
65.363424889473	293.42609298344	0
17.942839457699	297.50988775063	0
64.586240482701	293.79730103749	0
46.125	295.55625	0
46.5	295.51	0
60	294.66	0
17.825428642622	297.8184116538	0
58.296632974616	294.67446934058	0
27.622553730305	296.81320361013	0
37.298839905135	294.83289506905	0
37.259312360253	295.55243425318	0
40.815476014591	295.5025280487	0
41.265895622675	295.64859168372	0
40.981055721777	295.80735613537	0
49.288629275748	294.91624948433	0
49.125	295.2225	0
63.362498245595	294.17030834145	0
43.28100064614	295.50507821122	0
42.997226371643	295.17235625945	0
43.48757540044	295.13626482783	0
32.139819317392	295.11393690335	0
32.504084248698	295.95309017125	0
36.75	296.3725	0
36.375	296.39125	0
36.491531832607	296.14910449053	0
49.51937222914	294.60117691913	0
49.941810839458	294.80659085487	0
39.375	296.17625	0
39	296.21	0
37.286210556175	296.0139253537	0
38.363447594267	296.0450500133	0
38.625	296.24375	0
27.919179345087	296.42561092163	0
40.435632216651	294.97210579938	0
40.319482104469	295.66905272538	0
36.212387332251	296.17892697679	0
37.125	296.35125	0
36.821609711042	295.94190786295	0
39.107328987705	294.97228596332	0
22.241177096961	296.54593104233	0
43.221218162851	294.63659742905	0
31.378064442605	295.49417450329	0
30.563146831674	295.4219464247	0
8.4392871501088	298.14166761435	0
4.805808875084	297.94745023836	0
4.4403141625154	297.53255326582	0
30.564720704737	296.21882402753	0
30.062832513099	295.92364552791	0
33.432274674831	296.25302767532	0
33.75	296.6025	0
33.375	296.66625	0
33.080897054216	296.30140493485	0
33.09298099293	295.69954843629	0
33.79637563682	295.17950584043	0
33.862783825083	295.99602874243	0
35.625	296.44	0
22.848754727928	296.70191049913	0
63.222933628239	293.69645481464	0
34.125	296.56375	0
34.41779783224	296.13242424865	0
42.941250841873	295.5697116448	0
42.553349518096	295.44320628964	0
40.125	296.11125	0
39.906272380843	295.82827551959	0
23.848822684684	296.40017758474	0
46.67428655046	295.00923286366	0
46.875	295.45625	0
45.75	295.6025	0
63.164346301419	292.97454362561	0
63.889965227362	293.29354700534	0
20.574336146547	297.07452987901	0
42.375	295.91625	0
44.731676755703	295.45212008637	0
44.443667229916	295.46045923392	0
44.573652571069	295.14247792813	0
47.25	295.4025	0
48.153445742001	294.97553276861	0
48.55211452929	294.821886218	0
48.375	295.2675	0
48	295.29	0
48.75	295.245	0
39.75	296.1425	0
41.625	295.98375	0
56.170338658879	293.64294785833	0
55.727698935486	294.13828144385	0
20.038528448982	296.65960722897	0
20.645522949799	295.96033130779	0
6.2548966476887	296.7632113677	0
7.1713898880499	297.18264446848	0
45	295.67	0
44.625	295.70375	0
29.655511486652	296.26787547905	0
43.125	295.84625	0
47.074780754514	295.14826073272	0
34.875	296.4975	0
53.050366776294	294.68100611065	0
50.898035812688	294.48810925151	0
52.612099388805	294.45158999016	0
48.94676347444	294.95720152439	0
27.166058442	296.35371041507	0
26.734522236905	295.46858259121	0
41.25	296.0175	0
42.75	295.8825	0
42.145384127009	295.21558441906	0
46.016471616532	294.07038339517	0
45.45549832201	294.37051455679	0
34.434214828485	295.54886901028	0
29.911717418131	295.4093915929	0
36	296.41	0
42.50221690431	294.75557696408	0
42.843354314668	293.97311187129	0
35.172047628728	295.30253472793	0
41.18374063153	295.11629473419	0
49.942537726932	294.27878852902	0
18.70814105248	296.75715493061	0
32.852762754885	296.08318706371	0
28.881579329458	296.45644063061	0
33.079131191026	294.71994931681	0
29.123056387105	296.06335745857	0
3.1985827150044	298.333891158	0
30.367111339015	294.5433952179	0
29.903485928913	294.88963561783	0
29.857699633835	294.40323937752	0
11.968267217313	296.94864590283	0
55.406869127897	293.51252049299	0
55.137486155265	294.11596737126	0
48.113680028323	294.60607294796	0
48.510343512477	294.13398325892	0
60.980868723032	293.4572680096	0
62.444321519657	292.9355071737	0
62.737370559729	293.39768809715	0
34.5	296.525	0
44.124377881215	293.09284862621	0
43.743412479719	294.05033337104	0
43.264457724306	293.31224014449	0
39.7315810381	294.71305788377	0
44.290140208754	294.65065094675	0
35.859273863742	294.97220078865	0
16.168972671368	296.69873160313	0
19.212988914938	296.27198456794	0
25.391864851836	296.35031308793	0
5.7015924482843	297.44382121401	0
5.047816698255	297.40526924219	0
2.4251452861303	298.73110754917	0
2.25	299.07	0
2.0541127489982	298.74532019366	0
1.4354810092064	298.45977773036	0
9.4179675265345	297.02271580588	0
9.9660856325211	296.78777246067	0
12.772933933378	297.16916671095	0
8.718964952771	296.67550330151	0
15.356267868575	296.93117814993	0
17.623715252764	296.97898107012	0
58.6059968781	293.73812415508	0
58.985117197364	293.2076768725	0
59.705697266767	293.48497306199	0
58.2435263088	293.20180004176	0
53.489470418372	293.77298551181	0
52.966391345274	294.08761784687	0
50.618404141568	293.95867329099	0
49.019465898883	294.58491333879	0
44.709861653583	293.96270197999	0
41.075308628053	294.29167636849	0
41.981200671901	294.04231727719	0
23.43645523777	295.61092411049	0
24.191606452468	295.76869152972	0
29.225192103018	294.42711560936	0
1.875	299.11	0
52.153766586758	293.97035545899	0
52.944517824828	293.28571911766	0
0	298.79	0
0.375	299.25625	0
0	299.29	0
3.9004047483094	297.13120375306	0
11.190520841319	296.45911264935	0
17.016967429186	296.58472632752	0
16.759042540727	295.88896104924	0
49.301432734746	294.08530507945	0
22.488534713982	294.55781771683	0
22.759278685191	293.80306954507	0
23.200975902836	294.67028717757	0
14.84501018522	297.18960644853	0
47.627539192328	294.21245398799	0
46.724139714949	294.24753756818	0
29.934978438205	293.77325230357	0
13.413540567768	296.561570952	0
14.188755491456	296.49322610378	0
2.5869794071997	298.46057296374	0
2.2626002369204	298.38763886552	0
3.0812228567469	296.7692607908	0
1.8484602758359	298.39326769279	0
0.75	299.2225	0
0.54158007438642	298.74121719549	0
1.125	299.18625	0
2.0706246301932	297.88959532758	0
2.0234930967691	297.03714178918	0
1.4670080412992	297.64643932129	0
0.94264750734134	298.90530243653	0
0	298.29	0
1.0177065194322	298.53953984492	0
1.6043260703161	298.09903656531	0
0.96595061613116	297.73201650299	0
1.1998556593149	298.10969028792	0
0.707861623337	298.18549162774	0
0.52138991182276	297.70285675804	0
0	297.29	0
0.93066378678132	297.01951438862	0
61.103138368612	292.67737810634	0
66	294.54	0
28.270929445442	294.62952191139	0
23.250856242447	296.33306696167	0
24.899211294236	295.60217696663	0
54.668653174312	293.62664111705	0
49.837370870218	293.5606226026	0
50.543248712002	293.05342986362	0
43.755951722612	294.7477372744	0
25.347900264928	294.03912444877	0
25.556615413952	293.39807537456	0
25.901968604298	294.1938139042	0
50.525423610861	292.13372118095	0
51.430938485587	291.60776601713	0
51.310561898718	292.5881508442	0
39.200727139734	294.09258386439	0
44.137086364662	292.23545442215	0
43.267446269319	292.38786755012	0
43.798592718586	291.50659053517	0
18.144012525176	296.60421222443	0
28.450612041124	296.00726520028	0
27.653143489935	295.75055669352	0
61.913404704894	292.38222332251	0
30.559700989358	293.38213872731	0
30.803403062229	294.00397174895	0
47.810329744408	292.27156588237	0
48.468883440553	291.72686004948	0
48.66715244795	292.54006056633	0
28.152615326188	295.32885731122	0
49.636322995771	292.62031094359	0
49.769295754802	291.70545038576	0
14.444367666416	296.95599385997	0
53.92836150529	293.15627283451	0
44.816916564942	292.512983589	0
63.304797124256	289.31926410077	0
63.12524027373	288.34086024098	0
64.068528332701	288.73008877858	0
22.743843269888	296.03347713236	0
14.799187075183	296.61793669968	0
44.939774112571	293.21086034857	0
45.498733816701	293.63683464954	0
41.77167389377	294.81300635448	0
48.986575930607	293.36740084731	0
34.507803736569	294.77933176605	0
25.775033032767	295.55424317864	0
21.93696765091	293.26184951659	0
21.916241004309	294.14262099088	0
7.8605161527292	296.45477583171	0
7.0149047408294	296.20612633044	0
10.365967698847	296.3028093551	0
10.154971025251	295.53990765683	0
10.799549685028	295.77944876851	0
68.598261170302	288.27787348811	0
69.410501204294	287.66849924659	0
69.457301165755	288.62824035316	0
36.405436451832	294.34559550309	0
37.441011156336	293.86664341783	0
46.32598475449	293.36896620608	0
35.333384762546	294.34474611309	0
35.884641715853	292.99164711088	0
35.058672339643	293.36215407116	0
35.242497219633	292.43784822483	0
4.6244223271612	296.84162558232	0
5.3918083838074	296.7561021122	0
0.89999706078304	296.18055950488	0
0	296.29	0
0.72023776665352	295.55879528218	0
1.5533005665425	296.28976692316	0
40.159140849137	294.15455449235	0
39.876892541367	293.25745544049	0
64.062711986046	287.00840163147	0
64.677287666624	286.51165665248	0
64.778595593878	287.37036387147	0
15.34644100484	296.20695484467	0
54.891047854028	292.73549721444	0
57.658522362619	292.65640992736	0
56.787822011438	292.99411616218	0
41.34563374043	293.36816207934	0
42.34390429886	293.06117144575	0
10.83121166563	294.96304243275	0
11.454783679401	295.63918539719	0
14.630572009303	295.94374709149	0
37.196236476906	292.97630291755	0
38.018250819717	293.11367544783	0
24.673431787757	293.8619431307	0
25.265795396489	294.71517494362	0
24.19302163212	294.87691833343	0
68.053369485632	285.91106737203	0
67.334292609233	286.38012041571	0
67.260253284076	285.52411485972	0
65.553935355086	288.54124250237	0
64.839191381929	288.23219445767	0
65.644501216783	287.73406637368	0
18.481154055007	296.07878394382	0
51.968205820723	292.26860051257	0
52.391970252682	291.69673271144	0
3.5700775167744	293.88929466638	0
3.6979069101448	293.19741167855	0
4.3841305130289	293.51980838199	0
64.629673162493	292.90933183314	0
38.361746696118	293.77433167013	0
66.75	294.295	0
62.843337536224	292.15434023559	0
47.974883212034	293.2705533077	0
27.496476361117	294.93987342675	0
31.143978967434	294.78450993403	0
35.533101336531	291.42964984329	0
36.111076791917	292.243336427	0
51.336007635622	293.46184480351	0
21.158278571226	293.71433904954	0
9.507487483852	296.17099575411	0
4.1298109467683	295.35442417627	0
4.9508722203442	294.96440226744	0
4.9525429222926	295.95332987735	0
5.7519953498898	296.14581934684	0
6.3346364890373	295.93938668617	0
33.824728583209	294.34465841991	0
38.884338894001	293.19702958554	0
38.506625983045	292.487351781	0
30.770628934334	292.81391226547	0
31.510929783953	292.71416715523	0
31.202416514855	293.40796026259	0
36.573817596309	291.56028981925	0
34.497805176466	293.96240296364	0
24.002554742765	293.2500050068	0
23.694975772619	293.94150995927	0
49.13128343397	291.97539574376	0
36.547998377535	293.44146287335	0
13.87630087249	295.81184103089	0
20.561056048041	295.08258699409	0
21.305871784107	295.44996534268	0
58.592485281346	292.21233854727	0
61.234451613561	291.74673155208	0
68.25	293.875	0
35.844819684043	293.69640173405	0
33.942683516645	291.73721276763	0
34.224420674454	292.71408071503	0
33.285153157084	292.24248197491	0
62.143626850364	291.55160674924	0
45.553969125507	292.85920141392	0
63.854235839454	292.38751904395	0
34.368201192326	289.1295970325	0
33.660586720613	289.78920142662	0
33.690710151093	288.84261964758	0
3.9868133590533	296.29603918592	0
1.2888706898029	295.75068850581	0
22.04773219137	295.76370959295	0
52.061051810826	293.0035957136	0
52.656286821389	292.44945033151	0
59.616356107813	292.6225544064	0
60.40784943095	292.1913869547	0
60.360469801921	293.04578205765	0
47.147082885394	293.57879372787	0
45.387234914871	291.14705881932	0
44.681745004139	291.68376574118	0
44.473436835845	290.68221037761	0
17.643715640004	296.07397369051	0
19.781300078907	295.56800191602	0
13.585151701359	295.026344189	0
13.06586114975	295.68730666131	0
12.556880193633	296.35793514541	0
12.242877236503	295.58605707255	0
8.5237586988162	295.66999163245	0
69.653382578634	285.20675230188	0
69.571828592674	286.15766449729	0
68.810856029712	285.54487113625	0
32.440113024226	294.11167868278	0
33.195122299921	293.87278695412	0
25.304671208095	291.46041809322	0
25.570839762684	292.31033425368	0
24.611247559718	291.86304207755	0
62.389029931137	290.65848642761	0
61.64715782482	291.03648661205	0
61.52110460464	290.29939982727	0
69	293.7	0
68.467282465049	293.09546310141	0
26.072706714814	294.8849437382	0
50.677719193835	289.57676641447	0
51.478327964366	289.5864269713	0
51.210566386149	290.46632194946	0
64.261648541426	291.69909598659	0
64.642924856959	292.17453712552	0
24.669446467408	292.84014732692	0
39.325258422854	292.4685486964	0
53.464912828503	290.45202588927	0
52.998996822685	289.69310630808	0
53.797205767292	289.83372398687	0
60.183339655957	290.84385912627	0
59.516620895802	290.77915153396	0
59.84960063635	290.15151427842	0
22.639978625226	295.25554274391	0
66.44406060117	285.98436547642	0
57.052963754761	292.11253987244	0
15.958166394071	295.68425590244	0
22.727600715724	292.14421801961	0
22.238089062427	291.58548630705	0
23.039841228208	291.52522249761	0
49.74313754548	290.9849925129	0
49.116402685711	291.280616745	0
18.219160850297	295.2086894496	0
18.961202675784	295.56448437898	0
53.364908317172	292.5799436069	0
54.090703302237	292.15123801798	0
42.970779756967	289.84178284793	0
43.384846003851	290.63448124054	0
42.340973212938	290.53718567007	0
16.501014250998	295.10010733828	0
36.53171616458	292.78321154907	0
12.727161321315	294.77661395849	0
10.021646841776	294.81934462863	0
69.54588076419	289.61808746591	0
68.586103989877	290.09338968203	0
68.606576477689	289.1763336206	0
50.472991274388	291.21043737323	0
52.140132637934	290.88822114251	0
59.652487306972	291.59319143698	0
65.441383809699	292.39748815711	0
66.566344194476	291.25517235793	0
67.374054383736	291.15974800261	0
67.226799552025	291.8744698609	0
66.597394891987	289.82714938619	0
66.320086029366	290.51802637153	0
65.618495028212	290.05680207196	0
69.939527468344	293.0244308718	0
69.75	293.675	0
69.263752282359	292.98704733212	0
14.390529467791	295.15874398561	0
17.282144222683	295.20521031683	0
16.918641547246	294.51519710495	0
17.670839933806	294.45702813078	0
60.95381484142	290.92334103007	0
57.74029888867	291.93985550626	0
42.35212095582	292.10862786103	0
11.781116067218	294.85428872382	0
14.085954757768	294.36844788258	0
15.005821268258	294.42060045739	0
9.3935306006149	295.22109087958	0
12.137530822151	294.06085018565	0
6.8315391441756	295.25916479537	0
7.6100727252444	295.66786237152	0
5.8076594855792	295.33416458798	0
11.298009221585	291.85649255175	0
10.579890317998	292.39409139037	0
10.640536946374	291.49720077063	0
46.986315049609	291.90234336378	0
47.084415185839	292.79895656597	0
46.268794244843	292.41286416742	0
45.479331807568	292.02122338814	0
29.062487738089	293.48524095001	0
52.123991950466	290.01874650508	0
52.734428884	290.43323943118	0
15.186751922651	295.37568350135	0
15.806517810607	294.84015715338	0
16.329793123139	294.48857488311	0
21.933419601634	294.94396269745	0
55.849152409405	292.82828657002	0
55.516484193684	291.85191732575	0
56.334990058587	292.26404242362	0
66.424918228497	285.01400752366	0
65.413738840828	285.06730692426	0
65.803008881505	284.1417700124	0
53.809566842382	291.23812335926	0
52.957859765382	291.0965491336	0
12.891235447065	293.86362457885	0
13.38925036435	294.3359300458	0
15.878237369224	293.9710166849	0
11.882177493633	296.19766993948	0
10.306240435524	294.01897935964	0
70.5	288.8875	0
70.5	289.65	0
34.412203488921	293.39851075138	0
65.443730073983	286.89746728063	0
65.502047507184	286.02296434098	0
66.016454562902	286.57475057808	0
68.103043609903	291.52230509152	0
66.386443721089	292.14796993921	0
36.92632423869	292.26878892411	0
42.850380413908	291.42913540324	0
68.939561037619	283.76814584505	0
69.697074591955	284.31566919468	0
68.841130443171	284.66543242256	0
43.86709448213	289.81568075841	0
10.928832313971	293.27828129423	0
10.186867508757	293.14945165346	0
9.4110360272783	294.35951109447	0
7.8144863978297	294.75509925873	0
3.2266628019722	295.73126055014	0
6.2362056184402	294.53921914382	0
56.472877595528	291.53973695118	0
53.210262032465	291.86697226579	0
67.875944526707	292.45953687393	0
68.737680381312	292.27240710734	0
2.4056643118202	295.11195356933	0
2.3528315990596	296.09828538941	0
6.5119454150052	293.75975071953	0
6.9802640950155	294.39203004456	0
11.287890083648	294.09295002987	0
70.5	293.65	0
65.833961931638	291.64294543404	0
64.00494299637	287.81250147754	0
65.028664901004	291.49029493343	0
70.5	292.65	0
69.683464562977	292.16063848893	0
65.739622994338	290.93857390861	0
44.256670899705	289.0115698068	0
43.317655456271	289.02075200434	0
8.5203849103479	293.87030595458	0
8.6552300765961	292.81827233627	0
9.4570949462677	293.46688145071	0
8.7336522315848	294.77445767699	0
62.844283710111	291.33339611298	0
67.067035990893	290.5179816576	0
64.228599802846	290.90828521188	0
65.050584642817	290.69270286528	0
67.801039417507	288.72191335789	0
67.886131168527	287.99348925868	0
67.895177053463	290.63903944978	0
67.640854468514	289.71108133427	0
68.573447277402	290.84665900543	0
60.485590569401	291.46028161455	0
70.07367087216	288.13451616787	0
66.915885057941	288.99541722249	0
69.247066532903	290.56908790284	0
69.813554891277	291.12775544994	0
69.027125533838	291.41568864393	0
70.5	290.65	0
69.921505027282	290.32285684337	0
70.5	291.65	0
35.921750921473	289.66108826986	0
35.108427791466	289.32460740495	0
35.76217903607	288.79996049892	0
46.892742096605	291.01926728367	0
46.18576305883	291.53001422675	0
46.114260008206	290.68218914203	0
68.028272486437	285.08020278129	0
63.29731965662	290.76893753555	0
63.005564115745	290.07831031277	0
63.770483517243	290.10530156677	0
31.614186263134	294.13607096767	0
22.008659015044	292.3797003674	0
47.694912155511	291.38872734519	0
48.402056110291	290.89140342785	0
14.884732450618	291.90491235758	0
14.447760642522	291.14185922163	0
15.28593944004	290.76850036991	0
67.290906407389	284.75731081153	0
27.47840638199	293.96801974542	0
27.886849659983	293.28367675576	0
28.392351548492	293.82320073502	0
63.554487829067	291.53991219441	0
60.654632117583	290.15087891517	0
61.224966786873	289.48048792215	0
62.266855853203	289.53902285793	0
58.079877743667	291.44084784766	0
52.18935187331	289.03161934232	0
53.025592990315	288.90593461999	0
58.773267841248	291.04293351854	0
64.982530794856	289.1859119725	0
70.5	285.71875	0
20.48761405819	294.24861965896	0
21.224747236403	294.58804721428	0
69.016066254676	286.86319397756	0
69.799742044294	286.93101453188	0
19.712607563491	294.00845900111	0
19.482426130336	293.11082038571	0
20.346247444488	293.40437439488	0
31.973095475429	293.40612434562	0
68.723432679359	286.23688990422	0
37.715818372877	292.38733687226	0
38.214113921656	291.82008287179	0
23.621116133596	292.37899055466	0
23.35853531406	293.2372628627	0
22.732394721231	292.85870225647	0
28.87975725829	292.70896627364	0
29.508409619728	293.02674706554	0
21.061192561373	292.71863361144	0
33.902518202206	293.56127042543	0
68.166156857714	286.69635242337	0
11.735107215779	293.37088159873	0
68.422461863499	287.47249141013	0
70.5	287.3625	0
64.1529725775	289.48413736771	0
67.149488541011	288.16642864287	0
60.198565957941	289.20764630968	0
61.04034438665	288.77802571752	0
59.419611451988	289.66414595213	0
61.668461697105	288.90869688658	0
59.130643734927	290.26811973975	0
65.995565482978	289.16352898262	0
57.330310445683	291.28981652526	0
58.484184554315	290.29411269576	0
13.954027484476	291.7154749116	0
21.362106059989	291.73329027837	0
40.630975385237	293.60476527902	0
64.63420731362	290.0722029475	0
32.661680988984	293.42288684906	0
40.044676948234	290.80054004167	0
39.214790215058	290.78215225531	0
39.58008148019	289.99553571142	0
41.342161371211	292.26174478949	0
69.122718788139	283.02405162132	0
69.750872303823	283.45970307565	0
45.405466422084	290.29028072843	0
46.041323096195	290.0167136832	0
9.6441814755036	292.58767319079	0
12.399916958504	293.39679200163	0
11.444576607064	292.62919383956	0
9.0555032630178	291.93827344853	0
9.88669504398	291.75870997502	0
15.730567866545	293.11731763637	0
15.216577265479	293.60558889719	0
14.986621161195	292.89635824458	0
13.364974275444	289.94102016495	0
12.597405024105	289.55537814698	0
13.578262229106	289.08401917674	0
13.036529044562	292.93769224078	0
7.4738826652239	293.67029613591	0
8.0683253504595	293.25784857328	0
10.082274055693	290.97369148936	0
10.723672560691	290.86671213011	0
54.652329776981	291.44955723115	0
54.786631893356	292.04587859309	0
40.228673022288	292.34101858084	0
67.448222644489	287.30762582706	0
66.638849652076	286.83188698382	0
36.787942626633	289.59997177086	0
36.515913906221	290.26860817901	0
34.69315668	291.89799562729	0
54.260716757496	288.67540241414	0
53.664816450352	289.15897184735	0
53.53917671094	288.40253301099	0
19.930110924245	294.71736620987	0
19.126909664144	294.74836074867	0
67.207483666362	283.10175830622	0
66.827272664144	284.08911670701	0
66.327305991761	283.43885566623	0
50.165429198356	290.34626905195	0
70.5	288.125	0
70.5	286.6	0
16.892039148234	292.59248244783	0
17.520305628159	292.21984229465	0
17.387782101954	293.05096037555	0
66.300215575376	288.36726078558	0
33.275454942036	293.07673372701	0
39.570660926519	291.59572014459	0
46.776606856549	290.09004252986	0
5.5486085475886	294.57803428899	0
54.494609220743	290.41304608974	0
52.74069648228	288.2223093917	0
41.952333335582	291.41120720217	0
26.694811694435	294.51379289636	0
63.154520340911	287.17800253428	0
66.539933763706	287.59250979897	0
66.055848027089	287.13175727418	0
61.53040250886	288.13596891316	0
18.906061784537	293.83172098121	0
18.393981710466	294.37414293923	0
17.183618503489	293.82593759772	0
16.553311590898	293.29637952609	0
34.573804811666	287.91319826576	0
33.794615603376	288.08846854273	0
34.034205979767	287.43873603155	0
30.10977228914	292.93334969411	0
46.901854916456	289.22207357165	0
47.590115426185	289.66206113135	0
49.699455894264	289.44533305736	0
65.514461991017	282.32826425326	0
65.518016736024	283.19300117885	0
64.955054341758	282.69385197674	0
47.61198310907	290.51910380926	0
49.194581262278	290.3715419659	0
44.793911890187	289.69897881662	0
46.296734858252	289.50602689446	0
48.33330747342	290.04692672862	0
45.632058623766	289.51325793313	0
51.193081189103	288.83202880047	0
47.622119742658	288.84913077214	0
48.2971427298	289.23851435907	0
70.5	284.8375	0
62.276187389162	288.60772461147	0
62.743425729403	288.95224723822	0
32.431113137923	292.6470252549	0
32.604408270664	291.7492366845	0
32.543506138766	289.79282668727	0
32.444346451624	290.54008466977	0
31.738990352906	290.34159083197	0
37.204195773255	290.10168248817	0
37.583851835761	289.53090970799	0
38.012377492196	291.11208959926	0
38.740641894479	291.33201439278	0
57.815066500425	289.767862098	0
57.325683404289	290.51089996817	0
56.84109498568	290.01321729799	0
51.767482257718	287.95283317142	0
42.26483671084	289.74325386396	0
42.630447104447	289.29378859174	0
44.580730355993	288.25882263741	0
43.84593028139	288.38135841498	0
45.128575773866	288.87714862712	0
46.134515351893	288.68779166974	0
43.042999071406	288.0462129534	0
42.592236932976	288.73880563286	0
41.958864159221	288.20223794351	0
46.998645962843	288.53779623869	0
47.613367977373	288.00928056082	0
48.330092671206	288.42972138978	0
63.700249253217	286.16177768692	0
65.043958359866	284.3732353268	0
67.920620309434	284.07587445826	0
54.368327644347	289.43533776616	0
54.17111049906	287.90494413171	0
53.370746108106	287.53281864132	0
54.164873711752	287.11380052164	0
38.874562660573	291.93970610177	0
52.549656313244	287.49819111275	0
49.000491261907	288.84698409888	0
49.629908438406	288.59879600597	0
48.905203795423	289.59071752979	0
65.945433453182	285.52304009962	0
64.587401368979	285.5815164632	0
70.5	283.95625	0
62.317607037264	287.76663695373	0
62.063760883413	286.84353881843	0
62.804271973461	286.30190615311	0
38.551631338384	290.74484646646	0
45.374641457268	288.08814555882	0
46.028083994504	287.83526964946	0
50.336261194446	285.7761894395	0
50.734526427593	286.24994357645	0
49.852011095668	286.58420189117	0
47.189836987672	287.25010181447	0
46.723293071823	287.92284294759	0
48.300940671397	287.86073446908	0
48.121513684093	287.22868631384	0
68.313901293678	283.07045378153	0
40.686181929627	292.96492350598	0
40.554872679341	291.51549309208	0
37.986788652241	290.27580746366	0
38.611379665685	289.37944559692	0
38.789488718589	290.2349289601	0
40.365236252709	289.43002392606	0
40.449144286533	290.18067512707	0
37.431412763952	291.6646759902	0
46.028608413507	286.67606526572	0
46.376715359234	287.23491454237	0
45.534456934482	287.2451458754	0
37.146258259747	290.84280385244	0
49.136406459372	287.77720413007	0
50.728548658384	288.05304150764	0
50.320327182193	288.77602464874	0
42.34883808243	287.34815689674	0
41.612806479948	287.42991834538	0
46.760020920182	286.48615020727	0
48.031354961153	284.45350321779	0
47.314288594538	285.01798226338	0
47.188072908871	284.10259270928	0
35.74418200541	290.50557894409	0
47.544390780629	286.63174634396	0
52.858241421733	286.82401046147	0
53.564950160281	286.75691789842	0
54.965450467406	288.18786274533	0
52.004877992498	286.9499862758	0
51.496478284394	286.23343767371	0
52.39148491228	286.11025124603	0
46.357857981857	284.66942677983	0
46.626371548793	285.6103664129	0
52.86905795653	285.12837657712	0
53.263087542308	286.09338206923	0
59.636130423875	288.2671086382	0
59.182480399077	289.02555748145	0
47.447232616425	285.90500819895	0
48.239754421481	285.37710527036	0
49.990194558084	288.14676562164	0
44.589106042956	286.25077587841	0
44.723796593328	286.94116142113	0
43.974764387769	286.6390614519	0
46.11241812776	286.11443569676	0
42.470885488923	286.50253697475	0
41.661536277762	286.10471124431	0
42.527304004919	285.49133668852	0
45.369969395642	286.316376261	0
45.77934242098	285.48641973795	0
64.602180628412	284.79785019622	0
66.280634295477	282.6679728495	0
44.151245092471	285.19518334613	0
44.837873257139	285.49937194089	0
44.050353422973	285.84573431468	0
65.072248159301	283.80730553812	0
64.292673928983	282.62163455533	0
64.670066925675	283.26906408253	0
67.830076097114	282.25209194133	0
68.863314302047	282.20340443344	0
70.5	281.3125	0
70.5	282.19375	0
69.756077999268	281.77084434501	0
46.985161389887	283.21898784768	0
47.985526313392	283.45181837581	0
69.379800949932	280.45657281921	0
69.843446515798	281.04438370661	0
69.081660963128	281.25235050759	0
66.625368272306	280.59935169	0
66.780923842348	281.31379387407	0
66.013280800859	280.99742430126	0
68.453867043895	280.60088529087	0
67.47573988286	280.77080098294	0
67.853247474365	279.92302926085	0
36.302126096581	290.92094515651	0
34.556128357838	291.17124041466	0
43.192083871371	287.04577543858	0
44.030133899595	287.56548918873	0
43.475787073829	285.32908666762	0
43.280838892009	286.14737849898	0
37.406379055952	288.28214841692	0
37.814155399907	288.89087279748	0
37.089573393914	288.96535166522	0
44.575596061898	284.66787731802	0
45.004965674425	284.00782608505	0
45.385188846313	284.71466289525	0
45.764888578127	283.9533880517	0
44.848487088106	287.62018387504	0
36.415782797013	289.08354822044	0
36.527510807355	288.41339716219	0
46.463146314591	283.80660166064	0
34.954267929902	288.57178685605	0
34.273421001991	288.50993719968	0
35.658560623042	287.75373705405	0
31.765646870642	291.91140762589	0
35.135543770389	290.05403569708	0
34.539842575785	289.73709198755	0
45.241575774858	282.75939607836	0
44.715906489609	283.32064343867	0
44.483150534492	282.56332084429	0
48.197227307701	286.3136167564	0
29.466221384456	289.12349932044	0
30.12843222374	288.79407226768	0
30.169709843958	289.38512659775	0
36.833466129757	287.60822147057	0
41.542690130541	285.14657349887	0
30.322564967246	292.35406108209	0
30.73158508787	290.01125136984	0
29.74216402867	289.93317501862	0
32.861321117462	286.43122296998	0
32.362667081213	287.1158766394	0
31.93290167858	286.52792617082	0
43.161450053718	283.16044703931	0
43.954050579819	283.20938438964	0
43.49400567328	283.90827984002	0
33.165884359361	287.43719773811	0
34.432497173687	290.38810337116	0
35.078015982688	290.70921918046	0
33.67059574235	290.86641425073	0
30.936028513651	292.09766351275	0
31.067382517275	291.13299932972	0
28.966575544986	288.62470181763	0
29.602263619958	288.21371248004	0
30.109716077026	287.42579737224	0
29.220317481748	287.32038823541	0
45.352479100259	283.42742180177	0
46.040185036479	283.09606003545	0
46.670906666552	282.34282511743	0
42.221852276416	284.54703250315	0
43.042561718732	284.63101241986	0
38.378013155623	288.30088867733	0
43.831137488575	284.61766039807	0
44.261330651442	283.95635438327	0
48.769504240923	284.03391456356	0
45.819503653385	282.17078495272	0
28.755017459624	285.37874985998	0
28.107822545166	285.00403549947	0
28.689101009352	284.39706938649	0
41.813482580076	286.85619795074	0
40.965555626563	286.85620323273	0
54.080417300565	275.82570851118	0
54.584737393434	276.4209306753	0
53.664951965604	276.56207600839	0
45.052055216893	281.98924369732	0
66.61002433507	279.04881598089	0
65.881504852067	279.97507947985	0
65.62153729222	278.89635006199	0
47.572360221704	282.516182309	0
48.972466633992	285.96867043823	0
63.604153852775	278.40132291102	0
64.02057538193	279.32661051806	0
63.269080022994	279.09626460165	0
60.185567596179	281.14391022898	0
60.768206382765	280.74035147064	0
61.090079621574	281.55246357133	0
64.949179543146	279.45663193495	0
64.477926318228	279.91809169824	0
49.467836351049	284.61821880273	0
50.137271847086	284.18864610302	0
50.398368608711	284.94699047236	0
30.6207101061	283.51393211766	0
31.296809627894	282.8305281112	0
31.508856650144	283.79153125586	0
42.715769088126	283.8694931158	0
39.964687453332	286.51340446228	0
40.649545510977	285.74857552604	0
42.049849056147	283.84233702539	0
42.330144621701	283.11036476935	0
44.320249083539	281.77044946475	0
41.375835449987	289.92323606079	0
41.997188550677	289.12372927737	0
41.127488501592	288.83735103271	0
40.972404237563	287.87562452838	0
41.561844078336	290.79396740161	0
40.876208427678	290.75776446711	0
39.564725197727	289.18305605984	0
39.177538659476	288.64623358483	0
40.078262877201	288.47262363717	0
37.791438659147	287.53470609305	0
38.275399728308	286.69936850393	0
38.582371914474	287.4937643011	0
39.76059310784	285.78809530571	0
2.5071527728995	292.56615764749	0
2.0565511867758	291.82385885127	0
2.8936996704738	291.78075549572	0
16.569464784882	294.01940960499	0
18.051547359657	293.63164114661	0
16.239156510146	292.49677583913	0
19.742401190691	291.40241928756	0
19.742888493104	290.50190788525	0
20.698380569186	290.91790194073	0
15.551202491671	292.41694885901	0
14.500527975275	293.60786475976	0
13.659264391908	293.63941934148	0
18.89784422238	292.49056975078	0
19.090720001983	291.80931199038	0
19.639839881607	292.23150457671	0
14.056672194172	292.70494468116	0
12.197558749927	292.74540905494	0
12.647590039477	292.00157740469	0
13.395505297092	292.1860892875	0
16.125721633182	290.90914895075	0
15.927134635372	291.66219413141	0
11.909631682297	292.12000180668	0
55.13861024223	289.58362830829	0
56.06720107196	289.5619282005	0
55.509885600607	290.3072441146	0
5.0062641307233	294.14494493044	0
5.727624000771	293.91930727863	0
4.2403531371877	294.43836153796	0
5.8646367757202	293.05224612633	0
5.1730536570589	293.46600495243	0
6.7805943580235	292.99344096336	0
6.3257369367539	292.46676973751	0
8.19553894804	291.93699551721	0
8.6306519803486	291.36718895538	0
6.8855980715968	292.34198560108	0
4.8801705326307	292.70532565982	0
2.9923455725331	293.28438303151	0
5.2882417232156	290.09855072903	0
4.5460481326031	290.57202542945	0
4.3412352074234	289.86015284252	0
4.1100287448041	292.81647005898	0
3.384910410365	294.77286453271	0
2.7134938499791	294.1341762477	0
0.73650859599288	293.98569531342	0
0.6883789038869	294.76772004394	0
0	294.29	0
1.8089429822363	295.66501807013	0
1.4319775995526	295.08470622282	0
1.3960632101816	293.88711360466	0
1.1018625912385	293.2742658885	0
0	295.29	0
2.0344627271969	293.43397647818	0
1.8703155952235	294.34152720283	0
0	293.29	0
1.2300465566616	294.40798789071	0
11.947562480282	291.36103809344	0
14.089033194479	289.91322217275	0
13.65729055455	290.78278567184	0
12.757165484901	291.09042393607	0
9.2999612060625	291.16354567864	0
14.458352289576	290.52597003866	0
13.283610627858	291.55983552758	0
4.1688832266931	292.16121676491	0
4.8202707809715	291.87363147239	0
12.101090976508	290.47068013757	0
12.896066606474	290.36803935594	0
11.247882989898	291.14091341367	0
11.634712623172	290.84741580091	0
8.6433849628779	290.67821275086	0
7.8821785229882	290.31785787491	0
8.5884989582324	289.83851829852	0
7.6179570567654	292.67401061377	0
14.66156241967	289.13755320096	0
18.836076701604	291.02770683165	0
10.828615361679	289.69289743459	0
11.230749571831	290.42198012754	0
10.410809369827	290.30292966034	0
30.788470475579	289.06381939462	0
30.627004607407	288.18490463754	0
9.4917535539689	290.26943784507	0
7.0795247810873	290.7245180833	0
7.9469891935685	291.12145023707	0
7.2510062583029	291.70575505638	0
3.423113243424	292.5082010891	0
8.9106324540076	286.67877741109	0
8.9781360971799	287.30141056367	0
8.2216201965216	287.17116236062	0
11.624027636915	289.66213380334	0
10.502489500085	289.1605252878	0
11.097625921849	289.02007880208	0
9.9586209457956	288.91317871499	0
10.085481364388	289.61101833768	0
9.313023543418	289.33558479108	0
12.015171684853	287.92005978437	0
11.877760867597	288.82176727767	0
11.192370914736	288.23746919952	0
9.9684354794131	288.31302153814	0
9.3261294547761	288.51299249005	0
9.5807237225363	287.71310806323	0
10.527454182969	288.58225366434	0
12.730720712878	288.54469342996	0
12.883818828772	287.67034644062	0
8.4208721183414	288.87994979113	0
8.7049567480344	287.94021838463	0
6.2644184877751	287.2335866863	0
5.4804939736759	286.97117212229	0
5.8882993742494	286.27736005441	0
21.4123769895	287.47939216408	0
22.026031539231	288.2313930296	0
21.263428602683	288.3284253734	0
10.440563720353	287.85504728163	0
11.182817542205	287.23879708359	0
10.632283906675	286.35690763358	0
10.16564648642	287.07804284461	0
25.5431520409	284.62673878587	0
25.676289030018	285.52312404702	0
25.114021850037	285.28036328466	0
12.221473839684	287.0065508988	0
6.0979079553866	290.66183534107	0
6.5638419806337	290.00017551251	0
6.5741265743578	291.2741049091	0
6.4468292148214	291.8759609946	0
11.601274868335	286.22285023719	0
9.4637116404926	287.013969248	0
9.6797664131494	286.30264075963	0
26.033904780806	288.08533624136	0
25.08693501398	287.76057211904	0
25.888482189956	287.1767612229	0
21.631163857541	289.23064159899	0
22.589116227096	288.86027399995	0
22.510782257634	289.54751814917	0
7.6903360877993	288.08427643367	0
12.466149335088	286.18072823946	0
12.068110313245	285.79203479502	0
12.504824180661	285.36213211608	0
5.2226800432358	291.13832236842	0
4.1925581724798	291.30060524436	0
6.8330370453042	287.86430061567	0
7.2569037494469	287.22749312815	0
26.499102103485	293.65284240543	0
29.585822458683	292.26410332931	0
32.314861134714	288.87664461257	0
33.047686158325	289.13812489536	0
30.223379788564	291.66622929927	0
29.408907754194	291.37486325531	0
29.066033468585	290.5600266427	0
29.003442568139	289.7440661145	0
30.033033979693	290.77851850005	0
32.073030793427	291.120335274	0
31.595788517209	289.44344294211	0
32.844307439459	291.03618388003	0
33.259299852619	291.52875253219	0
33.028433576056	290.40664735477	0
28.108329211292	289.93615281845	0
31.48199701388	288.56124359654	0
23.251910678859	290.87208910385	0
22.568443610247	290.86025995867	0
23.016537009826	290.15382824393	0
27.129068655336	292.95625134071	0
26.53329651819	292.21606724479	0
26.254810278966	292.9053140858	0
28.660822342038	289.17066655917	0
28.408235875786	288.59208975361	0
28.863809430593	291.17727016335	0
28.326200163703	290.981668216	0
23.832749428031	291.33020381705	0
27.463041796162	290.78979715049	0
27.145188370597	290.06009841918	0
26.074268641321	291.48503848963	0
27.210207905648	289.17259258585	0
26.792949562398	288.38172936742	0
27.707320499429	288.134560353	0
27.937949376397	285.77731335498	0
28.799327809404	286.38174949576	0
27.984343957063	286.5625853374	0
26.262651949728	288.92821956104	0
28.312526777028	287.25014525275	0
28.702619604008	288.02271377161	0
31.373537742962	287.86168860363	0
32.197480220141	287.9291624628	0
30.504379443414	286.8331033945	0
30.905047527512	287.37359660311	0
33.033320911388	288.38670497615	0
27.774108158446	291.62264395002	0
27.271556289828	292.16013020522	0
24.669830768839	290.85401692454	0
26.934555223107	291.48751807697	0
28.688211167859	291.80583527395	0
28.00586626458	292.52511657191	0
22.134899270339	290.14149217423	0
21.724657324908	290.90195242601	0
23.80091959859	290.4936979698	0
24.358375402365	289.94264710225	0
26.506084647761	290.64510785781	0
26.445441583371	289.74625877937	0
28.43854576057	293.15821982873	0
25.176188646793	290.08995854946	0
25.601312304118	290.78548247847	0
26.2746694128	285.84414964202	0
26.289423198801	285.16434635781	0
25.420271900908	288.67602264699	0
28.018406232807	289.00155487974	0
25.675480284713	289.48520629637	0
24.866804491164	289.30055965314	0
25.881022956722	290.15269300371	0
23.964783584014	289.10342273836	0
23.664192048135	289.811145506	0
26.754764225312	287.57446815312	0
27.468027014559	287.07134451022	0
26.649618648477	286.56696582469	0
24.594976107192	288.47781446049	0
25.767131784733	286.30011298394	0
27.40540166735	286.33051176929	0
20.448745966003	291.94403325509	0
23.172132897463	289.36397308095	0
21.342341434102	290.19292134447	0
23.80258190017	288.12139603259	0
24.422109224026	287.89869560692	0
25.046605985857	286.75850701294	0
27.000103220845	285.65965739332	0
19.257606362654	287.95199785437	0
19.795739848919	287.40953440058	0
19.823580744648	288.38122129879	0
20.520224694689	289.77865403547	0
23.284432645995	288.7100311983	0
24.25936407103	286.15590265698	0
24.203179480348	287.23278490174	0
25.077293003714	285.92021920174	0
22.887776829893	288.10548821385	0
22.362020617792	287.3984806397	0
23.251721006011	287.32547154942	0
20.194209290273	292.67831864192	0
18.148471550084	292.74214413459	0
18.342231288972	291.9028653659	0
19.580608036483	289.69892066934	0
19.059392871698	290.20589931754	0
16.73303574645	290.55454038418	0
16.060714389349	290.31506172045	0
19.983379038198	289.13162647378	0
20.639153953064	288.79380684579	0
18.695508167939	293.1597341506	0
24.615849622738	285.49016522867	0
29.413107553236	284.95550809888	0
29.590737602259	285.7519465116	0
23.552647199118	286.60761962992	0
23.974926485595	285.25213723821	0
23.351688648647	285.83048248878	0
26.931979203533	284.81120327178	0
27.522603393911	285.11977913389	0
23.009625903584	284.82836445957	0
24.767797039532	284.02417617153	0
24.66003404654	284.84051123208	0
23.957289143399	284.37050357346	0
20.596293128229	287.92024699794	0
22.688917715908	283.42962435568	0
23.27432952281	282.86205880576	0
23.266144243524	283.82933350277	0
27.641124893222	284.34633926747	0
31.158445614481	286.68254114095	0
31.655456674795	287.25011467886	0
21.888697831674	286.77003422143	0
22.69640546183	286.49618230403	0
22.622704600943	285.64893025183	0
22.777324110345	282.18762330984	0
22.355807297565	282.81614236103	0
23.569135077693	281.77798610017	0
24.067006799689	283.45591855582	0
26.084974579768	283.90867681566	0
26.331639081498	284.51429276687	0
27.323583812285	283.495300091	0
26.576858652442	283.31928151391	0
27.090609655186	282.75563565642	0
35.300264184368	285.24951336507	0
36.001396384608	285.94817569511	0
34.851359706388	286.13859363918	0
25.43157337633	283.76450239428	0
28.994489730931	283.41544912919	0
28.118515468023	283.54196015345	0
28.365588587198	282.64769543687	0
26.813008471104	284.06359360917	0
20.141418230042	286.40982103093	0
20.615367967255	287.15574023079	0
21.498786531404	285.04942685375	0
20.861763055426	285.68717581502	0
20.661461505522	284.79489862355	0
18.297239573044	290.23313216307	0
19.335955956634	289.01063623807	0
18.825718616946	289.56454961934	0
18.623426826773	288.83338081286	0
18.046206563871	289.40307284248	0
19.137369871067	288.45719125685	0
17.571294369029	291.14040099517	0
17.429975810137	290.04922885049	0
17.747976734595	288.45369510677	0
16.965072697703	288.0935536812	0
17.416508926422	287.55477363267	0
14.813830879701	290.00224769546	0
18.890951209253	287.40309722459	0
18.125892486972	287.56235458663	0
18.289127723565	286.73154801184	0
30.230630095532	285.1081590661	0
29.801921270413	284.13466521158	0
30.858185427561	284.42527743993	0
29.796084097199	286.62799524614	0
25.514729491122	282.40736572759	0
25.815592622145	283.16840364871	0
24.946860312662	283.09689165616	0
22.213340525975	285.18309408803	0
22.097695437244	284.49033924264	0
16.647032883987	287.4526602578	0
17.235201710711	286.64306029233	0
21.947076921898	283.61222575804	0
22.601387096827	284.03699127771	0
19.230751991946	286.65844621045	0
30.550159070226	286.05456730895	0
24.185393696134	282.56500306421	0
18.635689772468	288.11021451184	0
18.804627584016	286.01098928847	0
19.200497403333	285.55335421925	0
19.455464421819	286.00640902753	0
27.486439492074	279.80551703396	0
28.145219662194	279.03286436155	0
28.516226044539	279.82288475253	0
21.415296795521	282.76842875467	0
22.029706335526	282.04344445171	0
29.985259199595	276.01378326712	0
30.803942362382	276.70285642588	0
30.174385342861	276.7484787878	0
21.844035482077	285.91212848257	0
21.317428433155	284.23447884355	0
21.15713824733	283.53243415871	0
32.641092517835	274.24222395675	0
31.999089151183	274.7957490934	0
31.932318560901	274.08664121057	0
29.814054950194	283.11346288146	0
24.835453115086	282.3131032609	0
19.902115694982	285.40641394223	0
19.843856930972	284.45962277888	0
29.185038357469	282.66226818001	0
37.274440082706	286.82940216357	0
31.168809730205	285.32027399603	0
25.111979783337	281.60901508683	0
24.410060738101	281.89753286632	0
24.325239311073	281.25182321019	0
23.827121452619	277.15148408461	0
23.727490933745	278.02792738655	0
23.0022593448	277.49114867356	0
18.942775067575	283.20366448426	0
18.83662680859	282.45164243434	0
19.764204687153	282.46336895068	0
30.319963208667	281.43110667772	0
29.840215528303	282.18981086287	0
29.480737597535	281.30211015438	0
13.422080884395	288.2200538693	0
20.551606506827	283.94478491676	0
31.39474421995	286.04401722738	0
32.161224419804	285.62738282106	0
17.766949239627	287.12268674627	0
17.328366078098	289.27436227878	0
13.177931758559	286.79164302005	0
13.750916147948	286.34425835385	0
13.966357653155	286.88317752434	0
14.182174922005	288.26711185781	0
13.735969787841	287.53069513271	0
14.786896696216	287.33140146726	0
28.932365150904	281.94354125751	0
30.45560564132	282.75575031527	0
30.716162775252	282.12017898527	0
41.51380441715	283.42382842712	0
40.79143176155	282.87830750287	0
41.679524989904	282.59866183497	0
27.70506504604	282.96211876215	0
28.00701552766	281.65112061354	0
28.727299849898	281.21581874211	0
27.628507800891	282.37381557088	0
28.172980461053	280.65126878056	0
29.05128550248	280.53624356524	0
30.048619207604	280.50169648703	0
44.904977062406	281.21451096464	0
32.164785888473	281.48713422646	0
32.147267021717	282.39400899314	0
31.451342541834	281.94855799511	0
40.728438664989	284.72454916069	0
37.57135775474	286.04990243806	0
38.373872315862	285.75373181859	0
31.817130173558	284.65811917223	0
36.352046909871	286.85582930104	0
33.88895727423	286.64073884538	0
26.333966829344	282.54144386191	0
29.749287897611	274.95855244261	0
29.025939773218	275.40069954912	0
41.260526045672	291.34406135367	0
60.578661792449	288.15825256911	0
61.077598135009	287.24225186801	0
47.262221440318	281.69841985515	0
48.024241376559	281.8444178399	0
61.74789123056	287.49675219568	0
63.853089758903	283.24531794153	0
64.332990070362	284.04588906514	0
63.464954055293	283.89441952642	0
63.635063592378	284.91815177249	0
58.744071957486	289.68232038831	0
58.661730863736	288.25913060891	0
57.840375635585	287.80271956044	0
58.550747411012	287.34968216851	0
70.5	283.075	0
66.951226778791	282.12304059166	0
69.748677027743	282.6209229763	0
66.156259813685	281.82692065331	0
70.5	280.43125	0
68.19265012753	281.44198558778	0
69.662346220753	279.64929032607	0
67.447130514888	281.5792072118	0
66.972273160575	279.94233722004	0
65.387724051202	281.53638295781	0
64.778164497876	282.05385144829	0
64.614048409269	281.27780556626	0
65.240547221693	280.73802382546	0
51.854748662665	285.43040469617	0
63.854296602089	280.94586767656	0
63.903602920554	281.86497533541	0
68.738721590616	279.7637455575	0
68.091633314854	279.12353708147	0
68.994070024766	278.82612117463	0
70.5	279.55	0
67.387697407899	279.33692909475	0
67.413966289528	278.64472068551	0
69.719861640687	277.55071151939	0
69.505153600102	278.26885459429	0
68.934021998239	277.86519178806	0
70.017481743697	278.22886497303	0
69.863110930674	278.86544566	0
70.5	276.90625	0
70.5	277.7875	0
69.998179701223	275.90951714098	0
70.5	276.025	0
64.515664842098	280.52666243666	0
63.17074077858	282.18797762729	0
63.020343506134	281.37081170494	0
68.166644719528	278.24095201899	0
70.5	278.66875	0
69.042164946688	277.15496190719	0
68.176835224637	277.14779104551	0
68.839207255065	276.56290875558	0
69.539698129432	276.63928471473	0
67.39345547095	277.83168688467	0
65.013692315269	280.12306494104	0
68.30176711644	276.12079051389	0
69.13226638996	275.74893487755	0
66.159619355722	278.25908291485	0
65.838575125818	277.54568003291	0
66.615426890658	277.6294762932	0
65.45033464909	278.1379923311	0
67.756474064568	275.72251432512	0
68.316766766068	275.17309026224	0
70.5	275.14375	0
54.717533512599	287.49428115662	0
60.483096062969	284.10883976037	0
60.420163804782	284.9111585141	0
59.712310594674	284.42045854632	0
50.961016382582	287.07912259505	0
48.519607569927	282.54386005288	0
48.844561565481	283.29411957492	0
54.163025392052	286.21677964434	0
52.04181094284	284.72071861831	0
51.306409732096	284.81144498298	0
51.021798100598	285.57520593521	0
50.847926834274	284.12831808114	0
51.675845091354	284.0638062347	0
54.462972032012	285.35436327978	0
53.722867685892	285.51765002654	0
53.864512245281	281.95089066217	0
54.305804727964	282.54824987609	0
53.522768515527	282.81646455142	0
62.766780486989	283.0405631635	0
49.673037511328	285.5234240071	0
61.912194045911	279.78155119135	0
62.39486535599	280.62314810876	0
61.509279704013	280.67603378046	0
64.76520153922	275.11565861519	0
65.52416675095	275.14562163631	0
65.161176347705	275.77927561771	0
48.856641220586	286.77350172283	0
48.703666787764	284.74572891688	0
49.011066828736	285.24643075213	0
50.134318081992	287.52820082397	0
62.741772872837	284.2160640603	0
59.983642083854	287.33311470139	0
60.400805977474	286.53211299949	0
63.597062891842	282.59263677994	0
62.652795663238	276.72495360953	0
63.099792020334	276.32630270711	0
63.302192280993	276.86139407287	0
62.985013737923	285.62137163613	0
62.669769688397	285.01937434976	0
62.071229755241	281.42847428383	0
62.577135378859	282.06086847355	0
61.859456752033	282.27461768713	0
63.283229405615	279.73737539603	0
62.664323136226	279.35682075522	0
63.184893369295	280.47474449027	0
63.88906804402	280.15591944837	0
61.870310767177	284.63832544652	0
64.952662350511	276.55510781361	0
65.547341662722	276.93830731307	0
64.959025925293	277.48430899514	0
62.783759261887	278.64493311972	0
62.067052099215	278.87210273133	0
61.231342155566	279.01918046191	0
66.768224653668	274.48625948235	0
67.429969402392	275.14646479955	0
66.79136557614	275.30882134697	0
49.362571337722	282.79997483244	0
49.21258104641	282.08092626944	0
49.842420880293	282.30754369346	0
62.685170429493	279.99704346925	0
60.393103999716	279.06990821748	0
59.936033068022	279.72744423926	0
59.676506150639	278.93343639446	0
66.911268160895	270.87004610989	0
67.673135445926	270.47989349139	0
67.808134032273	271.23421223577	0
60.230164726023	280.40909990609	0
46.368929794286	281.36750347651	0
60.461925323797	285.72674426123	0
59.618087190056	285.36351708285	0
57.840540261022	286.98670763048	0
57.739366891386	286.15494247881	0
58.529462454837	286.51850868325	0
59.432544983916	281.50105016947	0
58.70750781845	281.08346191505	0
59.418932187913	280.52023129691	0
63.620404676298	276.34695842048	0
64.105024500976	276.92415821272	0
64.680099758543	278.49836191134	0
62.264231488247	278.21343049548	0
61.557414308651	278.2111509546	0
66.838051515022	278.28312300765	0
65.941033714693	274.64668712111	0
66.20361173387	275.19449833696	0
66.310971297215	276.81955381732	0
65.692151543343	276.28008618604	0
66.407797953292	275.92271110909	0
49.589209041838	283.64002817036	0
64.258315948	275.9196379485	0
60.84958573589	279.91777122595	0
48.646755056365	281.81954659521	0
53.627884525136	283.55495144229	0
54.092294326268	284.01823727679	0
53.318349736651	284.19178344456	0
63.480794547256	277.5294658094	0
62.846679400821	277.91610486342	0
55.694364768533	282.18545821157	0
55.861944569753	282.88043096344	0
55.061532594136	282.86472324467	0
62.049368582428	283.77979310372	0
61.062678270543	282.45446316569	0
61.271472555448	283.89857891948	0
60.614592310178	278.26101444495	0
62.086552306407	277.39948234574	0
63.344596427399	275.69457209991	0
47.188356067557	280.88362046699	0
47.98301191148	280.54391415892	0
47.766831710897	281.24309106665	0
67.577663067541	276.36979895346	0
64.164736267759	277.76896513854	0
48.388608991739	281.24794297257	0
49.093150546787	281.38106518939	0
61.1176035435	277.48366383988	0
60.356701651857	277.47471127045	0
48.846226291116	280.66122651503	0
58.374082434325	280.2622079357	0
59.073277120209	279.53317473432	0
59.61176843732	278.00944102534	0
59.775866900737	276.93360690223	0
49.822766800089	281.6322392705	0
62.872675018193	277.28805233397	0
60.186632336473	282.1462799084	0
59.355940139241	282.23374806714	0
67.164218403019	277.03164939177	0
67.14725229969	275.8097742996	0
65.793532833892	275.6624894511	0
60.072632219412	278.56773982083	0
66.920483230032	276.38998727263	0
68.671538927854	274.24899262879	0
67.789800004231	274.38828853422	0
54.669388298687	284.55429229616	0
55.365395282862	284.2761718248	0
55.397078562593	285.12398915835	0
46.512247698127	280.37546540646	0
49.652979090721	280.84510901373	0
43.615075606789	282.34176215575	0
49.150866039803	279.24315573689	0
48.566878752319	279.89194568807	0
48.154094398692	279.04951022893	0
56.276371272352	284.36524588629	0
55.640375957362	283.57829425638	0
56.433806431237	283.32889448773	0
49.41243158445	280.05855003393	0
47.28130688381	280.08837782022	0
58.989941063158	278.71764809282	0
58.046076948963	279.06050401055	0
57.127018103931	275.10924154266	0
57.401896601538	276.07978370462	0
56.422636285069	275.96028072516	0
50.494135933777	281.08691740836	0
50.648393725389	282.09066981244	0
47.878755830737	279.7963906649	0
52.187595134279	276.46238478463	0
51.550877131969	275.93466688498	0
52.543074100522	275.46417926714	0
45.546238305813	281.47228659158	0
45.601650187634	280.6426183425	0
44.179305750484	281.0072125756	0
43.683506329772	281.52256284978	0
43.448233117589	280.86643429904	0
60.368490541399	274.74303509594	0
59.790702250946	275.41918674091	0
59.435403009587	274.56385737393	0
60.677535290649	276.69283738545	0
50.16865635949	282.93280246038	0
55.117445576907	277.05143292658	0
55.457903513469	276.2614667694	0
56.100382621903	277.01685685415	0
54.241565360745	283.25847280366	0
51.6470748728	282.18892444706	0
51.19131008164	283.1481523301	0
50.386144511628	283.60776588362	0
42.857509161223	282.52105093499	0
42.329719360702	282.34385988537	0
41.469170837556	284.25590505649	0
40.026918253453	284.25002833677	0
39.926264915561	285.07605908163	0
39.253471858337	284.55637748686	0
39.140065132316	285.37677044946	0
38.40554292044	284.87863123145	0
34.303833809778	282.54839403715	0
33.616637616523	282.29681221673	0
34.379185739027	281.52302210813	0
35.529225475085	283.169084393	0
34.691296381551	283.2100496676	0
35.04692014249	282.44135966889	0
48.420533576993	275.88767195694	0
48.684492601102	276.63353058475	0
47.959026331894	276.45352177579	0
40.075581721819	287.44336010512	0
39.25210271728	287.89840031163	0
39.21217254538	287.04092362751	0
36.828946519786	286.23182130973	0
39.121408918951	286.19699715681	0
40.763444721278	283.83236965125	0
34.754059397207	287.10865055242	0
35.522560577725	286.76167163036	0
33.01921791804	285.63743010823	0
32.926272313647	284.72873662103	0
33.649347037901	285.38866306273	0
36.210630942705	284.91335700212	0
36.948867288871	285.47130666207	0
37.729887202419	285.30898451403	0
32.276210353478	284.02963068846	0
37.351628967071	284.37308483787	0
32.922827789043	282.81911193857	0
32.945175108621	283.69792564417	0
32.183037693949	283.26450181691	0
33.49694494351	286.00426644316	0
38.584421645352	283.8816500938	0
33.771257669107	283.23249792112	0
30.960911705909	281.54670568311	0
31.434657405367	281.30696382537	0
39.277898942669	283.08927658708	0
39.439382315324	283.84702054266	0
16.794679448153	291.89175988741	0
55.93383630691	290.96469257053	0
56.684514640061	290.77315572575	0
57.967679917121	290.7239708113	0
56.285920342053	288.72984791945	0
55.538994303601	288.82909229244	0
56.205439277563	290.32269696211	0
54.85441751394	288.94368414367	0
55.220844655639	290.99722548684	0
3.1135629853506	290.66675755438	0
3.326584408036	291.14676457696	0
2.4634062287265	290.89971144936	0
0	292.29	0
0	291.29	0
0.68445608993477	291.53778647528	0
3.5991527451729	291.77733021797	0
1.6392796175785	292.58095216411	0
5.6503125047885	292.07244488316	0
0.68933339938019	289.53486048665	0
0	289.06	0
0.68625658263651	288.58301871905	0
3.7114743521339	290.47054685333	0
5.2352229363088	288.4331873807	0
5.445251556633	287.63596876468	0
6.097997559929	288.16927910457	0
0	290.7325	0
0.36900802358998	291.02963347467	0
2.199053782827	289.96415270814	0
2.7607730564654	289.33872143469	0
2.9649199343197	290.15880198003	0
5.9973036545152	291.4038366001	0
1.2452938146463	289.04800446326	0
1.9357556300972	289.13406020071	0
1.4206699721652	289.78604908141	0
7.780469589815	289.55225311886	0
0.79376052021706	292.48197053831	0
1.5005267258598	291.20259551501	0
1.335797941427	291.92122694264	0
0.79155323405857	290.55909740854	0
0	290.175	0
1.6746154366176	290.48173510847	0
0	287.945	0
0.68323246435279	287.70618179569	0
3.8285120744581	287.84859404622	0
4.6705457589226	287.79715984706	0
4.3521380423823	288.53133862154	0
1.2286397322854	286.96916178367	0
2.2823919884618	287.50567409054	0
1.5030770614773	288.20277356593	0
2.4900353461	288.46550047977	0
0	286.83	0
6.8565739599782	288.60674096734	0
16.824853091084	288.78779354162	0
16.58429433931	289.66820822903	0
5.9834995832609	289.23907415242	0
6.9936043817926	289.38214228887	0
13.223932848205	285.89596372222	0
14.38162883398	286.40728455619	0
15.435821515324	287.99978216982	0
14.909926254914	288.29215651985	0
20.556578558452	283.11037404525	0
10.223463805727	285.73319061962	0
24.472680143855	277.67603434298	0
24.495727989711	277.10035794954	0
5.6981219345877	284.54935023974	0
5.9799103608082	285.26646293303	0
5.148100541324	284.92847548926	0
20.672661049397	282.40761123576	0
7.5470488774715	288.90101526141	0
4.8797710806595	289.22425798135	0
21.127603614572	286.56775638613	0
21.181944780983	281.87103332889	0
20.738672913019	280.99677530674	0
21.781166530187	281.18826866545	0
33.101346846444	276.68546510806	0
32.744385852347	276.02758787186	0
33.464059441833	275.96219928648	0
23.93022862772	279.77744024774	0
23.426632094004	280.39622804684	0
22.97920193401	279.56001996517	0
31.042138948459	275.85533170316	0
31.538919361473	276.39611762713	0
23.750898715779	278.9251088839	0
22.807436528104	278.46434903689	0
14.006928823244	285.723006191	0
16.266928057033	286.77689992076	0
15.835000035483	286.17865824242	0
16.511640529354	286.14190810434	0
22.147186638786	279.74467834561	0
22.53008065963	280.51794726444	0
21.532320626439	280.26532416003	0
33.446543753626	281.64026233623	0
19.778421037466	283.54813008683	0
32.256089386173	276.58052768786	0
31.978506856702	275.7172085221	0
15.101495121322	286.34184829339	0
15.366189711748	285.52516571868	0
17.970907594778	285.72984478952	0
15.483520935533	288.72261138149	0
15.574512853452	289.66258880231	0
16.131009847883	289.01267901612	0
16.186100338319	288.21556889734	0
15.813589758514	287.43178872549	0
15.559850732182	286.8131832938	0
14.683535748627	285.78930636679	0
14.565253962767	284.93958387281	0
17.017741535618	285.63957537275	0
16.628459856272	291.23361439343	0
26.027807232518	281.74234563967	0
29.379847880967	279.73186798986	0
32.869533620483	282.00623869893	0
34.326006813051	283.95693144191	0
33.584254479084	284.06153941449	0
33.951139197979	284.68356454914	0
34.064218745041	285.90352863299	0
34.433774074094	285.33256499589	0
34.783470875373	284.60975477491	0
35.520549514713	284.51699738613	0
30.896443284337	280.92486749177	0
30.930472761443	280.13676671687	0
31.703431045489	280.62679657003	0
36.674080070868	282.49045675198	0
37.470948889894	282.58281888658	0
36.952800395797	283.29049569879	0
32.914825785244	281.3764467398	0
35.165736465599	283.89660652218	0
39.268958999129	280.02651882489	0
39.965432789544	280.56305253371	0
39.058402469831	280.97282062295	0
38.040400984317	282.01086336128	0
38.762856399405	282.35587794626	0
38.130362242747	282.674514025	0
36.139018034468	283.8928042558	0
36.23665915455	283.06411245974	0
28.870055313795	279.18436472925	0
29.531368025109	278.89779934723	0
30.300482209919	279.4510704776	0
32.640272191636	280.7491069233	0
26.975628879368	281.86631041741	0
27.255827947669	280.88332607304	0
23.739359505944	280.99140234034	0
23.18721265421	281.02238330411	0
27.906392063842	278.15792181331	0
28.78770021894	278.43576723213	0
27.301260238818	278.7921842715	0
26.598571014277	279.24420700369	0
24.176876547354	280.52237744186	0
30.202716420661	278.62693334173	0
62.115853736603	285.70422250723	0
61.190893863036	285.29247665381	0
61.219463042493	286.22194668515	0
61.597958983505	283.10674431762	0
60.581386453329	283.1916545142	0
61.048103773192	284.56804299233	0
59.901877871727	286.07537822022	0
54.993919728615	286.76708778718	0
55.840132370136	287.04009971715	0
55.288132857017	287.4908997177	0
57.775375292434	288.70008362793	0
57.571212231236	285.28311439184	0
56.836068421304	285.06384637489	0
57.285541155068	284.47189678687	0
59.857526088324	283.68095776445	0
59.614310762751	282.94797240067	0
55.922444856756	287.96315433182	0
70.5	274.2625	0
69.810504615761	274.9939012357	0
69.110197830574	274.843972222	0
54.966270017488	285.91209982634	0
55.811897065057	286.09416611987	0
56.587573667837	287.31258334148	0
53.855444687942	284.79416936371	0
56.947212640081	288.14779444542	0
57.266064563199	287.39244684845	0
56.954251008608	289.15069620963	0
52.505321888546	284.16706431303	0
56.434754928867	286.61185233696	0
56.819400195564	285.89094268196	0
54.845013013849	283.75795267474	0
50.255044109349	280.25019520651	0
58.742671867562	281.88022397615	0
58.090687955205	281.46238562239	0
57.320124443384	282.92852254945	0
57.816088325873	283.76309222662	0
57.02625421795	283.77142103601	0
52.165688173358	283.4075657974	0
51.384971935733	281.33579400873	0
52.337691164151	281.51580782987	0
59.217915638325	286.92568553102	0
57.597105561263	280.81331836058	0
57.241210763488	281.79945499073	0
56.904992890332	276.66913902622	0
56.315774774812	281.61015026849	0
56.478621903361	282.45164694548	0
54.839311603389	281.85948721549	0
58.435552608241	289.08610926045	0
59.210936951735	287.62358328493	0
53.001113636586	282.1084916493	0
52.661781425705	282.81042956027	0
52.327903624286	282.27761648528	0
55.489757846944	277.68594394021	0
56.203806679407	278.0281908908	0
56.87446577496	280.29460413806	0
57.578576111347	279.96817850157	0
55.603058784853	281.46319765584	0
56.194204283251	279.80735441809	0
55.407111087408	280.09657424718	0
55.599910587334	279.37546981581	0
58.06390275766	282.30653522387	0
57.114629605069	286.72206080542	0
58.994790919402	284.72963189544	0
58.896627937484	283.73818785807	0
56.228149413729	285.30773017057	0
59.264963969908	286.16788123025	0
58.181085881944	283.08676963747	0
56.816703444945	281.04939139242	0
58.808948549605	282.69857096538	0
58.558296976437	285.54222993696	0
58.187406843019	284.5869665668	0
59.75440006124	286.60552657973	0
53.627620226072	280.37439606145	0
54.567627397602	280.2657165563	0
54.219733699278	281.10754549286	0
58.192400126528	280.90381035662	0
67.365534279175	273.78797475678	0
65.845967528216	272.86787886207	0
66.576946944442	272.19250084267	0
66.763935885179	272.80333940689	0
69.67490898065	273.11806165827	0
69.612108591084	274.05610403723	0
69.005515566816	273.54508341847	0
66.682475307151	273.49332944302	0
67.394919580342	273.08712980612	0
65.284313215857	274.48038401698	0
65.93007203232	273.94144263433	0
68.175609789469	273.49039843836	0
65.057245937956	273.67683444686	0
69.541228393295	272.41291573148	0
70.5	272.5	0
68.884837230512	272.81245498649	0
68.07091865242	272.57098026848	0
69.760839042601	271.21257914182	0
69.762147010323	270.43567178322	0
70.5	270.7375	0
70.5	273.38125	0
68.815887434014	271.73566369473	0
67.833472315943	271.92206670103	0
69.823836210637	271.89609164936	0
70.5	271.61875	0
69.161400956324	270.84904733855	0
69.02786481784	270.15542599406	0
63.942152537642	272.16253446407	0
64.634140603917	271.99875955552	0
64.643478835255	272.78112089835	0
67.158994305312	271.68965892926	0
66.184294559637	270.25261129418	0
67.050613746554	269.82369947972	0
70.5	269.85625	0
64.148132644092	273.63358924582	0
68.440002120459	270.70366779138	0
69.623752188599	269.80269122932	0
69.805070591114	269.19193749675	0
63.883699543817	275.01202429827	0
63.801365147792	274.2741185932	0
64.489580866674	274.3647399116	0
61.974480768759	276.47224517957	0
60.737717712156	275.67270895463	0
61.316178372587	276.25830881219	0
61.432865538061	276.86227507449	0
59.135303044725	276.12452339382	0
60.021782311001	276.16697614382	0
61.781524848003	275.58566803089	0
58.19324210942	276.49195337817	0
58.875902818531	277.15657315936	0
57.993851634218	277.34260957384	0
58.231469771202	275.46052842403	0
58.69882252654	274.77619450838	0
58.770785752069	274.19801386792	0
62.683231338545	275.14381773097	0
62.5802596416	274.30334349479	0
63.246390384669	274.6015275214	0
62.586283114886	275.99446113397	0
61.218089924441	274.84650981296	0
61.964292249693	274.70909863921	0
63.286966191195	275.11458656988	0
63.245950151161	273.76078626871	0
61.1651370179	272.13028667131	0
60.313488340845	272.39979668662	0
60.300848796558	271.59254232161	0
60.930192868082	274.09337807043	0
62.938448080468	273.05711765061	0
62.430586455181	272.78446861319	0
63.01510344849	272.28804144947	0
67.305361464538	272.37776726384	0
61.531571493049	274.28161646268	0
61.997254888128	274.0944613779	0
59.058588191198	275.26651084829	0
59.257524694219	273.6883813757	0
60.102095906362	273.87224320721	0
63.655318630418	272.94706140879	0
57.51831282202	276.80671511366	0
63.811796290721	270.29553229995	0
63.843222363846	270.95901691888	0
63.195057317637	270.78843235665	0
66.505183602839	271.54030624007	0
55.794740060233	274.69036499225	0
56.294673449921	275.1598467196	0
55.643992384529	275.44763402319	0
57.997245792883	274.39590210233	0
57.07706858016	277.48767996982	0
54.447262283999	279.01178133761	0
54.294765546256	278.38087527189	0
55.243263959897	278.58282975426	0
58.543835445902	278.05833491446	0
57.049738382659	278.50201155068	0
57.743825127757	278.08646304495	0
54.763259549236	277.76814914427	0
56.998423647002	279.41995343973	0
56.048104509592	280.74594384564	0
56.217056661658	278.94918834356	0
54.297496166883	277.1633164619	0
52.84433398309	276.98880695706	0
52.923152961609	276.2677029932	0
54.092875872732	277.77631142508	0
55.115183998957	280.92102648159	0
53.544599996319	277.41163636835	0
56.18426181065	273.06502343662	0
55.367730051971	273.19990487933	0
55.867311571512	272.50961507915	0
54.897839707232	279.49294742331	0
54.111004822374	279.63433912172	0
53.662469458377	278.98468455261	0
52.867467737365	278.62883540999	0
53.549531086531	278.16545833657	0
54.859810199938	275.68445506755	0
55.016518790419	274.93625874601	0
53.370326645148	275.86406220609	0
53.62489835939	275.21084565635	0
53.151679977443	274.44776647513	0
54.365308746253	275.21969284879	0
52.808663759749	277.81969430274	0
53.458616997684	279.67940894479	0
52.893076278725	279.39411502765	0
51.974713300508	280.76706715814	0
50.025291911509	279.45919851986	0
51.439992061239	279.4640520122	0
52.178425616567	279.09166173181	0
52.202963271308	279.96448656924	0
50.764864365695	278.8872001097	0
51.301652511594	278.14491642777	0
51.557397840869	278.78105923353	0
52.107896001385	278.31341111902	0
51.936236283231	277.41028807485	0
51.323063995343	276.71079534153	0
54.235865501864	274.44484372383	0
53.684804846141	273.52948777506	0
54.58949415887	273.63898914311	0
49.839011527733	278.62949296595	0
50.475310939183	278.04165416953	0
55.192755062271	274.13160442594	0
57.783514877791	270.56825479981	0
57.516993062086	271.27002057222	0
56.833856497419	270.7720208373	0
62.08340589655	270.09522090769	0
61.885642496792	270.84943471591	0
61.243619229453	270.28609430013	0
49.868400398514	275.75871757937	0
50.624700941054	275.27317237465	0
50.682674678037	276.1382196298	0
50.985949309327	277.42947774627	0
50.737179019974	279.68558463891	0
51.211297650331	280.36535756394	0
50.292286528248	277.37998697683	0
52.738553649028	280.65258618154	0
52.985024957245	280.01274040586	0
50.598997585879	276.88601060148	0
49.725571520799	276.76344969799	0
53.298344982456	281.28376932136	0
48.952215989543	278.36746867128	0
49.687616411606	277.77394179466	0
48.846318300436	277.46001664197	0
49.90357655494	275.05531974302	0
49.110766378716	275.24372376488	0
47.425526638153	279.40992937716	0
54.455116021589	272.88549296886	0
53.642124493395	272.59124926294	0
54.296609319242	272.06157686958	0
51.085973173387	275.63648596981	0
51.480545669189	275.19229383088	0
52.965852437356	283.49086054095	0
51.996064414843	282.76570547416	0
49.160210341391	276.06200430094	0
48.053529030432	278.0439829305	0
50.316530684438	274.61661198788	0
42.840154015854	281.6490634684	0
43.270921901064	280.10697052554	0
43.983820683881	280.25439991952	0
41.938540402132	281.84014471911	0
42.102835365941	281.10010353687	0
42.727150235899	280.66809805332	0
36.296581375064	281.79265283215	0
37.18247482239	281.69989050265	0
47.246761933779	274.88359329488	0
46.995725890489	273.92127162353	0
47.886149024273	274.27569347905	0
46.733064848231	279.52642170259	0
35.880428898365	282.45089691629	0
37.836277070466	283.31497123663	0
35.487951114796	281.72388597295	0
38.518888386638	283.06457250127	0
34.691384358745	280.50750731845	0
35.340058369726	280.92455483966	0
36.175268664515	280.36314990408	0
37.156814506521	280.73384432485	0
36.559433372898	281.16021979583	0
35.976950327873	281.20027974838	0
37.148996852218	279.75280723336	0
38.056500913135	279.6208596362	0
37.785045849468	280.29577115098	0
38.619654392492	281.6364772803	0
33.450794698553	280.99610347577	0
35.322024281963	280.22343067935	0
35.520461521803	279.45886430629	0
40.051910274701	283.44707780768	0
39.564429754773	282.25169860634	0
40.007430738255	282.75236534818	0
3.5474476916687	289.61673546893	0
4.10959663527	289.186021277	0
7.2582993944383	289.9952365011	0
3.444485421544	288.69967894082	0
3.0519741875945	287.91000118908	0
4.936972960439	287.20715718987	0
3.0767763490961	285.97210731428	0
2.1381047726527	285.32067414857	0
3.1316420416582	285.09544148172	0
4.8696472992664	286.50036371721	0
5.9817470891551	289.99967308008	0
4.244788092268	287.12222263338	0
3.2273609734082	287.02579116173	0
4.4568673622728	285.87734820775	0
5.1417820510212	285.68918680147	0
7.6753483042068	286.52707698011	0
8.0305249574226	285.98614464411	0
8.3232269932767	286.44410236907	0
6.8475665613611	286.4841875218	0
3.9491298509183	286.34668968199	0
3.8310584652277	285.57406767532	0
4.5020824156762	285.26764066636	0
2.5368447794494	284.46017644527	0
2.2083151738996	286.45063207435	0
3.9012681308059	284.85948715387	0
3.3280330244349	284.36813952453	0
4.3059342011003	283.31265092633	0
3.3588123831363	282.94233180619	0
4.0581107026558	282.30263755739	0
1.1812960795918	283.59520288125	0
1.6422054248927	283.04226611719	0
2.1580691398062	283.65618995713	0
1.3124339876684	285.89698130659	0
4.0898544093788	284.17010810898	0
0.62802210109396	286.17794752235	0
0.87693352261178	282.79962567714	0
3.4635482617273	283.68753632835	0
5.0142571311161	284.11323389272	0
5.3057691321318	283.27508230052	0
13.439422960705	284.94473743109	0
11.700340341857	285.38940438976	0
11.975671868354	284.6962914198	0
12.664059578084	284.57210946305	0
10.930362353445	285.5706882585	0
10.295218372589	285.02894779113	0
10.309627885111	284.19095192456	0
11.120322034715	284.68169818683	0
32.91038774025	275.18941576282	0
21.842759568261	278.49072313039	0
21.431176626036	279.28352535797	0
21.051542492687	278.48190219369	0
19.0178090019	284.12098295613	0
15.809540765975	284.42177617166	0
16.207503529131	285.4724805045	0
12.25048676	284.00218709959	0
13.15163641211	283.82759833863	0
20.439489346899	281.83238754883	0
16.718003234453	284.92042967602	0
17.088392727369	284.13564044614	0
19.157945024343	284.9496215433	0
17.469266787872	284.93201008965	0
18.301660743294	284.76227898122	0
16.437807203576	283.29314852984	0
18.685994154378	285.39942176173	0
17.736114254553	284.40858919658	0
18.087977216853	283.80486303451	0
19.836413400527	281.42554919198	0
24.501552262777	278.46655083833	0
22.680218703823	275.94914801996	0
23.686100981384	276.34003699051	0
23.125246854509	276.76196531313	0
28.619916740714	277.38136615392	0
27.537293881668	277.31177278897	0
30.303892589562	277.30865355601	0
29.606533432672	276.95915875671	0
22.244724094007	279.10691265334	0
33.823532037616	276.58251270727	0
33.742627672484	277.42652507188	0
21.212264030993	276.61065406829	0
21.943902641593	276.4543835194	0
21.802961061551	276.99234405703	0
24.917098124625	276.7004186427	0
24.479474902044	276.04156571455	0
25.55981605879	275.98000211569	0
25.143999819247	279.55174351923	0
25.796034754171	279.45647961825	0
25.451175421125	280.14881847631	0
28.892758819582	276.32568778004	0
24.977223944865	277.31731865433	0
25.704379266168	277.10431460608	0
25.293919093585	278.00765736532	0
44.734552026635	280.42541966144	0
24.281056039153	276.66642304533	0
26.64661017121	277.24432117999	0
27.041525277494	277.99119000333	0
20.644856838379	279.02996098745	0
24.539011734197	279.27030191699	0
25.95940481645	278.67454342269	0
26.21290356039	277.92385400458	0
31.532384296043	273.4255232929	0
31.182556278995	274.36840960297	0
30.625910485806	273.63241103936	0
26.404442662976	280.22426429398	0
31.613830850061	277.1220811029	0
27.937880400141	276.5170383073	0
34.638757873183	277.68292724166	0
34.196115338012	278.37651651663	0
18.174088338216	282.83293843974	0
19.189862612909	280.99219970861	0
19.823471063279	280.53949705479	0
22.439453971326	276.88444557288	0
11.613866616765	284.12540700851	0
22.092302618417	277.66117731774	0
17.368053382219	283.16731197219	0
17.664648271591	281.63949972321	0
18.324193100612	281.09572485286	0
18.264579657022	282.01830539921	0
24.694738141266	280.00102075907	0
17.548354726981	282.34923550586	0
25.208110173514	278.90298694274	0
21.023664085786	275.11807902684	0
21.271071716628	274.0733031359	0
21.979105759568	274.99285554658	0
19.037356293612	281.74054778249	0
30.974221131583	277.45017024146	0
31.102928065074	279.46785112985	0
32.302324276975	279.93253347691	0
33.305572231641	280.07848130632	0
22.647126360535	281.45495277268	0
31.567329814244	279.85350201571	0
33.728248393943	279.18297261228	0
33.235488579561	278.35727624812	0
31.551937967935	278.069730841	0
30.926143782549	278.79331588567	0
30.603500872848	278.03369472133	0
31.802529966519	279.10630851577	0
32.794643434185	279.18338628879	0
32.388860192594	278.44874263856	0
29.664455937224	277.95091893235	0
24.917504546092	280.74238413289	0
26.626945046507	278.52293127542	0
32.55620929636	277.52722053795	0
26.481327055773	281.12713860011	0
27.05185928637	276.57012900183	0
13.964391244147	284.24406440549	0
33.504871147005	274.3629945799	0
34.031366527392	275.22238296367	0
25.734891240171	280.92996092041	0
26.300994652736	276.56756414666	0
18.916515568836	280.16421279795	0
24.707453019442	275.0894815874	0
21.958950563606	273.49628102329	0
21.387915272037	273.10391271925	0
20.550762809281	279.86673853583	0
34.165727497334	276.06434630947	0
12.930469902702	282.9663711093	0
13.606973887389	282.96018895225	0
26.53822643989	275.93934055186	0
28.175811901635	275.66911261621	0
33.180016189418	273.41372917291	0
33.581033159418	272.67009875972	0
34.150748754737	273.13048563757	0
38.493537006735	280.26863036288	0
14.695232071714	283.89667806269	0
14.451467179382	282.99612646384	0
15.411316117494	283.16964866158	0
19.244024436568	275.60712115216	0
19.716262292546	274.84834604392	0
20.187422284661	275.33861310967	0
23.727681521962	275.47602460757	0
23.849935105807	274.58172476127	0
32.325605013203	272.92317673827	0
32.443568589428	272.08885266987	0
32.983442968531	272.59780225832	0
27.529193427822	275.06056041142	0
28.317054933827	274.84616159727	0
31.357474918008	275.17191041696	0
32.321899363116	273.61746826264	0
47.478053936589	275.82388910314	0
30.594333658339	275.12037409407	0
29.039796612144	274.57452231042	0
19.697632402944	279.79535818718	0
27.695514056784	274.27899306369	0
27.337832838433	275.83747486673	0
25.655522778275	274.98778330078	0
26.167853367874	275.41066756602	0
26.787865050935	275.26474318711	0
26.853594430437	274.45575709754	0
29.120879460689	273.86271852633	0
29.239228904124	273.06730109711	0
29.823269161927	273.70055653766	0
11.875547879079	282.86756796913	0
12.387003377522	283.29289755886	0
11.710313826016	283.47679757456	0
21.333599665847	277.35403949275	0
21.418407543332	277.95224761127	0
20.769389794631	277.77562801157	0
28.436769078807	274.07975243273	0
26.295619228053	274.88091910324	0
31.668748055353	269.68773268197	0
32.478561768961	269.33568169335	0
32.457523034209	270.158439932	0
30.259294116635	274.34647992416	0
30.12499178421	272.99652158518	0
28.610899020586	273.45224380329	0
29.681179821418	272.31188259363	0
30.53777161287	272.31101976807	0
30.863326308692	272.95496419849	0
65.223658127218	272.18451895698	0
62.354524118758	273.50976078458	0
61.558518343396	273.67067523666	0
60.803742324083	273.15271285589	0
58.458772776786	273.58840115978	0
58.954470969218	272.8999781114	0
63.466674691529	271.50747516787	0
65.113713042074	271.40520354392	0
65.876414354167	271.87687565434	0
62.113054850503	272.17109991934	0
65.561326008986	269.72022666801	0
65.330329550946	270.50523068187	0
64.636104837752	269.84250385045	0
65.987976899927	271.07399227186	0
64.49647500007	270.74391725295	0
64.520145565728	267.51670448301	0
65.319435154027	267.64957167623	0
64.647174070188	268.32525308739	0
65.116258773775	269.08714003224	0
65.62977015078	268.45637066718	0
64.248262904415	271.46172570898	0
62.987976297651	269.06347186055	0
63.76356818738	268.66682105894	0
63.7558552324	269.48499148294	0
69.028795471178	269.37547292581	0
62.957414675679	269.96752271297	0
62.339342794419	269.43429131544	0
61.768707718869	271.54029571836	0
62.565982223082	271.39212394211	0
62.536477373951	270.61754838176	0
61.736390089133	272.90049940585	0
59.818557441742	273.01959938015	0
59.475714904817	272.11791990169	0
61.117742301491	271.16802034371	0
60.34558300952	270.63286429174	0
58.119219696834	272.84165309926	0
57.662017538378	272.06574962405	0
58.589833178134	272.15263909012	0
59.382433605972	271.11730796955	0
60.478184393247	269.54790331086	0
61.554094619991	269.43233156576	0
59.54601618187	270.095469881	0
57.395567449402	272.83187437078	0
56.851440998629	273.30888522656	0
57.644531900061	273.51648434351	0
58.046144684712	269.63947427939	0
58.671568630815	270.40084004077	0
57.923796890936	268.68545320919	0
58.536938811668	268.30283211294	0
58.690983839796	268.98925737721	0
58.367664020329	271.32055078728	0
58.892700016955	269.66705622123	0
59.494519518885	269.21361235436	0
55.889790519578	270.4902363095	0
56.509458177434	269.88129747565	0
66.255606770613	269.5334157796	0
61.064025754183	268.61829969302	0
66.638252463374	268.76735590404	0
56.931191108244	271.62047006049	0
55.943033195571	271.56509543595	0
61.545314146536	267.77313411154	0
62.10500227465	266.95769269733	0
62.359046155616	267.78640736507	0
58.954583470651	271.67625554701	0
56.692777756344	272.42518027377	0
65.840444083121	269.11227458539	0
57.039927754176	274.13332522075	0
56.132183846916	273.8753213409	0
55.141996270016	272.28885359407	0
54.900075545597	271.50118037436	0
57.092159038203	269.16117469866	0
56.254998564821	269.19340726401	0
56.394847837459	268.4004894493	0
60.095505060601	268.5625566438	0
56.478329602215	274.59353701133	0
59.706936894714	267.78853186999	0
59.238371418599	268.42850469045	0
58.891599343858	267.71621028082	0
62.121581193167	268.61801417455	0
63.00793693694	268.2211001682	0
63.807265864821	267.83178637588	0
64.38358773867	269.0808294102	0
70.5	267.2125	0
69.615686919473	267.7986042088	0
69.552674322403	266.77297207292	0
66.218718980329	267.81499933544	0
65.967691391973	266.91264254934	0
67.068394761378	267.86380856476	0
66.69146278592	267.25088938712	0
62.936662828676	266.4809055465	0
63.01740607752	267.36302878759	0
63.594248389516	266.08723192341	0
63.895591035207	266.90180835384	0
64.461174165277	266.15425827676	0
64.935890246944	266.88029158523	0
62.7890625	265.45	0
63.890625	265.45	0
62.227213174035	266.12675421944	0
61.6875	265.45	0
69.248180127103	268.61161122474	0
67.364982559184	267.12941667418	0
67.988237782273	267.77633888719	0
64.9921875	265.45	0
65.460133592847	266.15790873612	0
66.09375	265.45	0
66.311441017801	266.10269579078	0
70.5	268.975	0
67.1953125	265.45	0
66.841862459996	266.54669208169	0
67.522305001811	266.43930635668	0
47.096554290688	278.5916886	0
47.284763476957	277.62609673514	0
41.16462668368	281.99311901038	0
48.004811084772	277.16376943838	0
45.932428489883	279.75926439277	0
45.225388933331	279.90244653798	0
46.362486222013	274.67812149101	0
46.626776869487	275.49221830742	0
48.137787089016	275.09716881154	0
49.591640012945	274.37444327381	0
49.025353900016	273.7985802886	0
49.660261835815	273.57703281206	0
41.487886623111	281.3585339211	0
45.596153568285	278.34225322361	0
46.31093302662	278.26482553106	0
46.168889963045	278.94106821403	0
34.007202372256	280.60213626188	0
34.873491036529	279.85882991044	0
34.206426528994	279.90493207523	0
34.629707772249	276.7705477666	0
34.876272985309	275.78321029459	0
35.733726367742	276.42044398281	0
38.052768877247	281.09154214196	0
39.164664353642	281.73840274061	0
40.727629005511	281.18950373404	0
39.806681214269	281.46848661284	0
35.202098054534	278.40940869074	0
34.623973801509	279.1987514393	0
39.265653231268	279.22004802021	0
38.721147988248	279.59803376459	0
38.512794003352	278.85318635412	0
36.356937271466	279.43370567427	0
36.858129096626	278.87310405869	0
36.079447096893	278.71821777614	0
37.645556719407	278.94154448286	0
40.087359364526	279.53170491369	0
40.568573743448	278.57218350236	0
40.936492820609	279.37914675711	0
34.320459389305	274.33129708206	0
38.709793148807	277.77039912565	0
37.983312481782	278.29378590716	0
39.773207684023	278.77825007167	0
39.200416464013	278.53166557564	0
43.149353351831	279.359198912	0
42.559980075713	279.88607781956	0
42.391006064351	279.00282135893	0
40.817924997442	280.18348269717	0
36.372124006655	277.29451977228	0
35.418786916439	277.42998447776	0
48.693028363851	274.44678744866	0
40.34517873693	282.08947840796	0
41.496041454315	280.66901555452	0
4.531364856934	284.67161786219	0
0.60298415049723	285.47461261042	0
6.6184004630209	285.78716872622	0
5.9982897801567	283.86591092659	0
6.3336036012088	284.56488230448	0
11.451892050374	279.92035172639	0
12.234363553917	280.35318736169	0
11.520608050115	280.57802102298	0
2.8660497361144	283.91531400569	0
11.011752128069	283.75674349774	0
11.120155987851	282.80084768302	0
7.3036881743826	283.37094796494	0
7.924248879449	283.83960631509	0
6.9781427499268	284.08143363976	0
6.9927515496743	285.05301954954	0
7.3610819571127	285.8488839456	0
8.7687268696418	285.85960337154	0
9.5707740063813	285.40850080227	0
12.402992783115	282.56487012264	0
13.103299414781	282.17250775935	0
13.973668870167	283.58815683414	0
7.986615300549	285.25394336315	0
7.8543765272914	279.93670316459	0
8.2748861788105	279.32724618428	0
8.8477215684204	280.03675353727	0
9.5915284871241	284.58033456673	0
4.8453056882917	282.67693754443	0
17.236704232963	280.89073669461	0
16.952049915849	281.84084218312	0
12.364208890172	281.8890956002	0
11.75473498722	282.18729538985	0
11.816984186455	281.27683780735	0
10.944200740377	281.71726628766	0
21.305205241731	271.71177093691	0
21.545435788152	272.40812213731	0
20.714320696528	272.48738979402	0
17.957366623693	280.22721938515	0
16.082828460645	282.26990461146	0
16.309516297303	281.30168783493	0
19.97284925575	279.16195211591	0
23.481780633916	273.20227300416	0
23.990791306494	273.80366248535	0
23.218048494917	273.99069707453	0
24.490092809428	274.27613770106	0
25.190805148244	274.28206225791	0
16.876863757579	282.58506634525	0
14.9969897283	282.12616547673	0
14.032412992853	282.18859206565	0
14.395110741356	281.50454935466	0
12.741575265237	281.23715495986	0
15.001463411438	281.1977373417	0
14.304751855956	280.64256175771	0
15.06499171021	280.50344434734	0
29.593612395255	274.29181470915	0
31.001635388752	271.58508284264	0
31.552667022829	270.72173337263	0
31.828413481678	271.58730675849	0
28.413884263919	272.80375077047	0
27.854986826958	273.44392893834	0
32.650842087482	271.13048715224	0
33.31855787031	270.37397123929	0
57.253595973267	270.00460586825	0
55.271899640825	270.90534631468	0
51.031641158271	274.51075424932	0
52.042016215834	274.33200976947	0
52.933921888479	272.98905015129	0
52.767331660692	273.70401706214	0
55.047858605371	270.15195955414	0
54.288593791486	270.21291266262	0
54.467316157442	269.55632462269	0
61.039745710279	266.0610618192	0
61.618693984646	266.29500131357	0
57.252773693496	268.32336930186	0
57.911209970656	267.69684631771	0
55.727737308703	269.66618663799	0
55.547588705948	268.85902002168	0
54.181151640278	271.37065955017	0
52.571009678639	271.88604977565	0
52.774249050265	271.10400807132	0
53.451603226014	271.7294697898	0
55.11447101792	269.42286498035	0
55.468887496104	267.98557815922	0
55.086946978333	268.46689859974	0
56.201257453204	267.60984307445	0
54.562187469826	270.81434832869	0
54.776753774278	268.88507945727	0
54.55209115236	268.14090314414	0
53.673400088251	270.74318580865	0
53.682640676039	269.80004542345	0
53.885301740342	268.86925394533	0
54.839021186159	267.33155314226	0
54.131410468218	267.47707923859	0
56.936295181718	267.67326099025	0
53.66028309278	267.98182803067	0
57.298741579125	267.11416670371	0
56.548928293824	266.89600650364	0
57.268901132188	266.4370826333	0
67.534280470785	269.10603631029	0
67.509626937517	268.44742453933	0
68.153319521256	269.76696765752	0
60.5854341512	267.7800116121	0
59.340248015394	267.18836332641	0
59.427349397928	266.4859595518	0
60.061750538317	267.05882662261	0
58.3828125	265.45	0
58.785050103895	266.09549450891	0
58.02453575439	266.19884734006	0
61.033744975333	266.87941611179	0
60.272437412588	266.23087684206	0
48.411332287456	273.85160695827	0
52.020851342076	273.22073168235	0
46.02334329691	277.57648910585	0
46.696532750719	277.3122696512	0
46.680459674111	277.87455700596	0
48.616098102979	273.28429433331	0
50.423895532461	273.86093039833	0
51.289468892871	273.77987012815	0
50.925784940781	272.97271305927	0
42.761254496088	274.01394483712	0
42.706658951214	273.11263776633	0
43.364590384989	273.46909528265	0
52.43549010791	268.79793523009	0
52.172098169224	269.43256237885	0
51.628015831723	268.69834716974	0
47.209782841123	276.7547614877	0
44.725873023072	278.55986509462	0
44.513057301736	279.53664656006	0
43.815403897043	278.84635116147	0
47.843162536887	273.43073241334	0
46.761029072765	276.16306411322	0
47.16806570204	273.14917733855	0
46.481836543754	273.14242986391	0
52.004361213862	266.58857910818	0
52.141641836358	266.02928854005	0
52.724691486392	266.44992055809	0
45.586979125421	276.96418619897	0
45.009247010027	276.69217860162	0
45.597253033859	276.27681456894	0
39.60733986379	277.13356382633	0
39.738018035112	278.03754998559	0
48.236130398254	272.81959708273	0
45.715441568151	275.38822898725	0
46.198300596765	276.01250439346	0
50.868042870923	269.00867004523	0
51.352417322392	269.53022420818	0
46.919214529532	269.1036153246	0
46.670440781198	268.53029652142	0
47.513362991034	268.55340100446	0
46.012001549968	273.8503787597	0
44.184065727136	271.5462288705	0
44.901011991265	271.84431942277	0
44.138719630061	272.28777341817	0
53.37915076283	267.14065888612	0
52.954519765497	267.79777906816	0
52.346724207505	267.26705446857	0
48.809093508366	269.72103280473	0
48.096074767212	269.78696248133	0
48.259818127946	269.09519675961	0
55.078125	265.45	0
54.374727326016	266.08396866424	0
53.9765625	265.45	0
52.999256794765	269.25605289556	0
52.761641074532	270.17233142869	0
41.497237726934	278.84111288018	0
41.68991322264	279.76813225146	0
44.778360699627	275.87245946192	0
44.857294744171	274.85989001252	0
45.35861337448	279.17104475373	0
46.29493937364	276.7244307436	0
35.934176434064	277.9972443046	0
34.955294718111	274.85987128043	0
45.972019364335	266.36087739725	0
45.1640625	265.45	0
46.265625	265.45	0
36.601099537291	278.13199810311	0
37.312878196695	278.25643158906	0
37.057375210133	277.64989499532	0
36.507346260041	275.78875669436	0
36.600124999634	276.51520637267	0
35.731432195183	275.3580186117	0
37.27145879749	276.91773826855	0
37.735605486199	277.65061023138	0
38.808721145882	276.64944266651	0
38.902670450781	275.59086262146	0
39.612132641792	276.24540055594	0
38.091353862322	277.02477003589	0
44.102285781003	273.21946688861	0
44.869850869976	272.75857785873	0
44.635910677116	271.00630708814	0
45.108874622382	270.46092766789	0
45.41653576128	271.14121664813	0
42.117744328661	280.41751670868	0
1.0764560327125	284.98112045112	0
0	284.6	0
0	285.715	0
7.63508856037	284.55280307918	0
0.77971434476329	284.20697957352	0
1.6436838031015	284.3711903679	0
2.4146318525719	282.78803622223	0
3.0693741758833	282.14994693625	0
4.3119901886863	281.55293761116	0
3.5813599480226	281.49701692481	0
9.9008436576978	281.548951649	0
10.348204942314	282.3508190206	0
2.8499191792417	283.39971249843	0
2.2553114146229	281.94789759144	0
8.986011239547	279.05159154398	0
9.8207172649925	279.60618171782	0
10.182677322714	283.23608933193	0
9.5818264476947	282.45210050007	0
6.6141069395982	283.30818757699	0
5.6345389738564	282.51093207839	0
6.3605491959428	282.10650278954	0
6.3430364423823	282.74536383922	0
9.6463510755509	283.85945458767	0
8.524696340908	283.32206624035	0
9.2453382344023	283.23762718502	0
8.865941632714	284.04565470243	0
8.8463759346778	284.94671661302	0
8.2632303212553	284.52961280329	0
13.643501214718	281.3563347404	0
11.148509952501	280.96765437954	0
13.28654007563	280.37219303073	0
9.7456274510845	280.55616752615	0
9.0398515867792	281.05429380932	0
10.506704843177	280.89589787497	0
10.34615154087	280.22279973853	0
10.70474900092	279.69621934938	0
11.238603003522	279.1293405437	0
8.414019571985	281.60223725218	0
7.7899452530434	282.13832886687	0
7.6441032310256	281.33049468815	0
10.948427803704	280.37637334435	0
8.1997083090668	280.75430101205	0
7.3682122920589	280.58692574625	0
10.418065392722	278.94436176286	0
10.950593561998	278.31662508732	0
20.378618955477	273.8531154738	0
20.383056263549	274.56024537681	0
12.060905850328	279.40143084185	0
9.1339287712053	278.07949244125	0
9.6922960449849	278.76203081136	0
8.146324164431	278.50510635909	0
7.5385854855378	279.1502860127	0
9.1210203168392	281.83294406143	0
4.9074901379571	281.97802576648	0
6.3963623883779	281.32846726752	0
5.6941877758204	280.72309315208	0
6.5856372451888	280.59873731584	0
7.0143448094839	281.12422199393	0
2.1205223371895	281.34856976132	0
2.7543992387051	281.40984157765	0
2.3196309166663	280.75235074744	0
2.7794412855812	280.10868579386	0
3.1898857805425	280.76492551999	0
6.8899025999193	279.78852440566	0
4.0935382742573	280.80400510713	0
4.7924375225181	280.40060908718	0
4.9142267812906	281.18231378149	0
11.476802369659	277.64970131611	0
10.622250409891	277.5361842619	0
11.079717778392	277.003851292	0
7.0542714415893	281.77823993575	0
7.0553638339421	282.63302045595	0
6.7376908557053	278.87616731369	0
5.6609791386696	281.63973242987	0
8.6543537042874	282.50834271617	0
7.8771722423812	282.9691628763	0
7.333863826654	278.50087947795	0
6.7532451590781	278.11063632169	0
10.100043964278	278.16760159997	0
8.2688013808018	277.58954758569	0
5.3746313595967	279.85970669645	0
5.1710087541875	279.04198675632	0
6.0284308427542	279.33220674918	0
6.1150924752559	280.05965526744	0
5.9833476597432	283.14279962811	0
7.6083025694527	277.11958479787	0
6.9636489496418	276.63536242764	0
7.7809508437013	276.36448322035	0
33.925955326685	273.79126468262	0
35.019199226759	274.03425003205	0
22.966304453188	274.8535215709	0
22.344991512475	274.12894860735	0
22.673486679171	273.36481327983	0
25.818037699969	271.26135298758	0
26.460209331018	271.7832576132	0
25.516634951435	272.05672383711	0
31.501856119888	272.41041663827	0
27.043739607664	273.10352422526	0
27.182371759397	273.78526244364	0
26.478371149377	273.63463978045	0
24.715835801244	273.61825138928	0
27.323737648176	271.86396688748	0
26.928529417252	272.41778836647	0
25.573428946991	273.43717071708	0
27.629236802205	272.59387829889	0
24.676270825377	271.90988164818	0
25.052898573059	271.19657386432	0
30.507298398924	270.86881396102	0
30.772981816177	270.02801700277	0
33.573986814016	271.08267929878	0
33.384956534551	271.90566018756	0
26.007763376741	274.27989963873	0
23.899263564818	272.34708712579	0
22.915899161245	272.55234720935	0
25.542984187083	272.74737580739	0
24.870700400009	272.75334374009	0
34.200778784765	272.30949121669	0
24.191431950816	273.14537031775	0
44.349891815869	270.13953540586	0
43.866985182666	270.90497513052	0
34.255642552772	271.47777344412	0
26.215472404816	272.74102471975	0
37.960842827179	273.27747303296	0
37.183930412617	273.35062247004	0
37.443363410215	272.3995710709	0
23.119565964114	271.65694602823	0
24.045246235209	271.19424002509	0
34.757208021488	272.70217756028	0
34.921593097656	273.31705116132	0
34.469991117071	273.71991796973	0
53.011474291707	272.34641119951	0
51.841293273776	270.15292090351	0
52.180940744018	270.7219071593	0
52.329292774134	268.13308527351	0
53.045250183687	268.47193827737	0
55.003148489077	266.49991978416	0
55.849125275583	266.24760575818	0
55.65332681424	267.09461573278	0
56.1796875	265.45	0
51.542991276661	267.77846831174	0
50.676668142816	268.22966494883	0
50.793047038503	267.36065835926	0
51.719509657228	272.22633852221	0
51.211606098058	271.47900192672	0
51.525390267803	270.81135563423	0
51.997865571566	271.37161767662	0
50.844092822467	272.11324411828	0
50.861468017667	270.89657362772	0
48.363130406401	270.51079685583	0
49.271651688667	270.42804212824	0
48.953992871579	271.14233909987	0
52.451985486883	272.53395260861	0
50.196831554748	270.48562741559	0
49.690600846571	269.67688672208	0
50.548487801563	269.64867750258	0
51.053961565712	270.25287505773	0
46.923002134902	272.55307061552	0
50.319719654124	271.45506889184	0
49.000933661304	272.55335114406	0
50.040133005003	272.43000559245	0
47.36224357088	272.05915315733	0
47.607457259184	272.69074812236	0
48.127945286623	272.12139660728	0
50.131251916147	273.16867299472	0
49.450719516044	271.73581054841	0
49.637980772447	271.04923601035	0
50.133819164188	268.9465142225	0
49.195769674027	268.84407131903	0
50.275611116587	266.90540969413	0
49.445712334311	266.66150029366	0
50.356243468498	266.23504881867	0
49.225386243825	267.940793	0
49.833079738175	268.29830909972	0
49.93577996596	267.53495515791	0
51.324729876794	266.21137062633	0
48.252417299321	271.35053599648	0
51.47714415377	266.99009142418	0
50.846980966642	266.73780370483	0
48.445874893838	268.25832596976	0
49.311703588613	267.37204427305	0
46.884850186074	270.68992105322	0
46.818080661441	269.82340015044	0
47.549206390553	270.19768854135	0
48.753992811104	271.78148126694	0
47.692509780428	271.5864238619	0
47.518128286812	269.42213493619	0
48.642650800348	267.3552018669	0
47.633933468535	270.96071094299	0
47.099127519897	271.43900816794	0
45.966913851184	270.33940034146	0
47.857801988759	267.78065242375	0
46.271584338455	271.38539439113	0
45.633056949981	271.81065300085	0
38.258307041034	272.63178612048	0
38.258432791821	271.97915626808	0
46.094662165379	269.19766717003	0
47.627825506957	266.19851754928	0
48.46875	265.45	0
48.485329532286	266.44998879521	0
46.959891947578	267.70818841971	0
47.741488177506	267.04066983876	0
46.887577815081	266.76104441014	0
45.871201833725	268.09172697633	0
44.532524251503	266.96916179562	0
45.374277998331	267.17758864725	0
44.579582309622	267.99871903016	0
46.211317149224	267.21930888564	0
45.44342936135	272.35565937128	0
45.199475778635	269.68192631236	0
44.446352072515	269.13451486677	0
43.638141594907	269.52733125171	0
46.823737949238	266.04390917823	0
46.760433048703	271.95247800908	0
45.658897727879	273.03898196487	0
46.163633096621	272.32139323702	0
38.558817373059	270.68376799557	0
38.981262835737	271.53407894699	0
38.216495656001	271.32284250141	0
44.992492485931	273.79731619654	0
43.86265938101	274.33310245407	0
42.329237066873	274.80357516537	0
41.850641717222	274.12279036603	0
43.386701843287	272.67140406043	0
36.921607120981	266.08864760988	0
36.3515625	265.45	0
37.453125	265.45	0
53.592504182032	266.22770274526	0
54.220319582343	266.79334985482	0
49.602967785776	272.99591845793	0
49.181265137223	273.24701203979	0
45.587565984238	274.51588291134	0
43.063944779698	274.77725031726	0
43.544706328461	275.28793076454	0
44.060710379685	277.922041409	0
45.010492871924	277.54984867303	0
42.266347691958	276.93832975046	0
43.040178132835	276.83020904431	0
42.692161259314	277.42304390424	0
47.3671875	265.45	0
48.992285921839	266.00251638008	0
49.5703125	265.45	0
50.671875	265.45	0
44.206289395371	275.24145973176	0
43.330761470139	276.06983933978	0
42.803770635218	275.45155216133	0
43.097147992316	278.71323238989	0
43.747433943824	279.61888259837	0
41.735526157961	276.35497112329	0
42.532884861104	276.20244963597	0
44.069080206342	276.79312429153	0
43.406759811912	278.23093289281	0
42.71980076976	278.13027638625	0
43.33205736496	277.55479278101	0
42.016106964696	278.32713677559	0
42.09579255401	277.66232181132	0
41.372943549584	278.00006026147	0
40.923042618765	276.54628232205	0
41.493181106375	277.15716002236	0
40.560921042476	277.4427785714	0
40.213673472746	276.66207644284	0
42.010285967768	275.56993895585	0
40.363294670359	275.94689308756	0
42.143546639365	273.48508041804	0
43.98666904248	275.85319921626	0
41.166205841939	275.71941231113	0
41.471574624493	274.89348037337	0
42.615558748989	272.2540315089	0
38.887141604274	272.38839609269	0
39.519879390636	272.14256602407	0
37.936422327239	276.13877980798	0
40.972227220598	274.14392995857	0
40.486065300679	275.00970344252	0
39.7741721609	275.50481471352	0
36.527124698806	273.8963624006	0
36.568015517973	274.86708882781	0
35.747193839161	274.42789217874	0
37.299189814627	275.41465880381	0
37.594488608581	274.31679732753	0
38.068833650218	275.22197914881	0
39.50539025892	274.73330031365	0
38.614733937489	274.65012413227	0
37.121909584365	276.1548908144	0
38.532677076768	273.86202345633	0
40.126415472822	274.14262125835	0
56.625812507104	266.09611645036	0
52.875	265.45	0
57.28125	265.45	0
58.601909140078	266.89275994878	0
59.484375	265.45	0
60.5859375	265.45	0
57.821735231177	266.8679178795	0
68.320761055765	268.73048283385	0
70.5	268.09375	0
69.933603513748	268.53400973895	0
68.129455415859	266.16317959794	0
68.081928029515	266.91136884297	0
68.787389174125	267.32292024821	0
68.791073872402	268.04635709032	0
68.296875	265.45	0
68.977719069117	266.08330482508	0
68.70556740539	266.65029225048	0
70.5	266.33125	0
69.785695682483	266.01739469464	0
70.5	265.45	0
69.3984375	265.45	0
35.675462401117	273.55196609005	0
15.607448988643	281.54829979088	0
9.4113643344994	275.33154750428	0
9.9649114661717	274.75842395446	0
10.223056793932	275.43397630224	0
3.6154285134392	280.02598375417	0
3.10252144676	279.64399131979	0
3.4727091110769	279.03142170197	0
5.3612524234671	275.79811321501	0
5.5458001668344	276.62135234957	0
4.5426781022845	276.66800075115	0
4.4377307967716	279.62567762859	0
4.236933181199	280.21107613578	0
1.600326923128	282.35931314453	0
5.8866556145913	278.38696515313	0
6.2202816308767	277.66673823451	0
4.5460790534534	277.59077227337	0
5.3999853339106	277.45086732532	0
4.9074921166455	278.2436469448	0
1.9031153769288	280.05200061017	0
2.5535645333128	279.42107479978	0
0.77676143789202	278.89169225316	0
0.89920036472704	279.81443594933	0
0	279.1975	0
0	281.3125	0
0.84547810694326	281.94114483856	0
0	282.37	0
1.8095301494925	280.5867481448	0
1.587446489704	281.62940604192	0
1.6950992493911	281.005066867	0
1.325796262451	280.54056904893	0
1.6478373876869	279.14704111902	0
0	280.255	0
0.64762344668335	280.6190952528	0
3.2068616484226	277.99184723743	0
4.0604253358909	278.18133138563	0
4.4049712409617	278.82107674186	0
3.8415101834868	277.41365367051	0
2.8033066990318	276.57110353399	0
3.1500330147362	277.25853822631	0
2.318873189462	277.52018805429	0
6.2002308854499	276.99362792099	0
4.4367231779423	275.60698754253	0
3.658766291402	276.06639327486	0
15.45558068024	274.76486917323	0
14.541849231103	274.21484202671	0
15.339238816425	273.79805086729	0
2.4188731905972	278.54503502228	0
0.77441467994501	277.51841214972	0
1.0611378469826	276.84826376159	0
1.4719169702044	277.36000252341	0
7.4959777347865	277.8686073878	0
3.5958855399304	276.7954883298	0
6.8710943684193	277.39730973521	0
1.8779822428713	276.74927286146	0
2.1541040209941	275.96620664	0
6.2311249134314	276.19621445117	0
4.97177273512	275.15003508596	0
6.2367582675856	275.38700858304	0
1.3417342512771	278.16055499821	0
6.8566527467357	275.0077607131	0
6.2993179913249	274.61930668648	0
1.4791329818815	276.227913126	0
2.92425663308	275.64051824318	0
4.0004615052821	274.35843680462	0
3.3102568395895	274.37238647549	0
3.6990142318862	273.8181730096	0
3.6740910460207	275.1184733807	0
2.3418664493505	275.18028600187	0
2.9632996156753	274.94728756256	0
4.4401075597246	274.84154825248	0
5.0413942584945	274.55049171021	0
12.924622281747	272.32846851853	0
12.042393454337	272.10722850033	0
12.548963265235	271.61585678448	0
5.5913119675486	274.95315084556	0
4.5646308866314	274.27229602831	0
12.990538229217	273.2277388479	0
13.694994616964	272.82356037278	0
13.730533508802	273.703747591	0
14.582273461459	273.17656663909	0
35.052867964725	271.04412308583	0
34.25629333261	270.5439389815	0
38.733484384364	273.11944080431	0
36.387656707796	272.86836044205	0
35.444179995535	272.77135171451	0
37.730550600638	271.61396392044	0
37.181598228375	271.56693019979	0
33.89631451912	269.62649381394	0
34.936999116471	267.28427663331	0
34.968977280718	266.39639514821	0
35.687336109661	266.88138567622	0
21.593811122524	275.83878026497	0
30.098528511272	271.60421190114	0
29.027935923033	270.58164802967	0
29.897018061195	270.28277248762	0
29.73429958317	270.98043372411	0
28.939459854391	272.33409461279	0
22.114995208321	272.80959295999	0
20.356699699633	271.45257475248	0
20.411805465747	270.41744243976	0
21.139388152248	270.86839425192	0
21.871315940209	271.11289800002	0
22.201424560726	271.92187534824	0
22.350141590616	270.50496473848	0
21.703291771032	270.47325225077	0
22.533248408751	271.18818146895	0
23.124730042327	270.72996554057	0
15.580956846145	280.09113034139	0
14.794061771474	279.74317591131	0
20.711409145909	273.33603281502	0
27.200524375072	270.57825954339	0
27.442875156275	269.73948908539	0
28.081431253894	270.40442030461	0
29.154469342476	271.55650754831	0
27.704120968869	271.19690039661	0
28.223493404642	271.92747401635	0
24.663671236432	270.36148808547	0
25.630373973305	270.39233617403	0
28.686188948449	269.2835412534	0
27.894993510269	268.88394799047	0
28.756892321413	268.48874413903	0
20.366511994578	276.58748497597	0
19.615250690305	276.51687359919	0
20.028815749267	275.99191798013	0
16.46424504088	277.18449623567	0
15.880716253504	278.18905761891	0
15.412248401797	277.26078642916	0
21.195556569857	270.03380682613	0
21.464323080673	269.20816064338	0
21.967443408322	269.84275417842	0
23.801254816696	270.15470922347	0
27.019813192327	271.26063063602	0
29.28752187268	269.75472481838	0
30.084216577493	269.45358197088	0
33.074562855382	269.70706161617	0
32.407930652322	268.03997435713	0
32.630604743953	268.68144959271	0
31.816852354628	268.7381715669	0
25.092418138035	269.69347605774	0
24.377466441083	269.53876958425	0
24.989381141691	268.80568121015	0
20.7169220402	277.13874159293	0
19.904665008639	277.36742272415	0
19.720831559787	274.13287114457	0
18.995951628047	273.76775521489	0
19.047702749336	274.60808409617	0
19.610592881041	270.81473107484	0
22.907865606008	269.68203690478	0
22.763716019255	268.7073660242	0
23.372868102281	268.94810903485	0
23.878185144647	267.1114793436	0
24.413514571299	267.96955776933	0
23.46113981562	268.13537226936	0
19.687216943535	269.9273966475	0
25.96558461352	267.67574582493	0
26.624699362183	267.92822440742	0
25.907552787622	268.4261134936	0
22.210362378948	269.15746055416	0
26.437088349135	270.87731231063	0
28.436613203189	271.13394272031	0
25.993787858795	266.31068524621	0
25.623353534915	267.08418864318	0
25.26766482293	266.45321258659	0
30.932427213958	269.14319202038	0
29.411222374583	268.96514955657	0
28.63967617298	269.93884751031	0
28.14240769152	269.65356208355	0
20.732817064045	275.91182761648	0
17.273549615099	276.56839161607	0
18.074709824445	275.91573408291	0
18.095692616572	276.90600117619	0
20.193867335062	278.36424130084	0
16.339300735433	280.40761461059	0
17.111003513266	279.72924142334	0
15.650024592207	280.84166177421	0
19.539412394405	278.66736803827	0
14.539278476312	277.13926349237	0
15.015548189204	276.59227178012	0
17.022144412275	275.69823267487	0
17.603552874304	274.98903620617	0
19.198941698801	279.25447603423	0
18.195239944393	279.26134570068	0
24.045850714001	268.80013182475	0
19.435576687312	266.84282437274	0
20.120759916159	267.13338609526	0
19.57223120259	267.77594744305	0
24.835273164549	267.12610864989	0
22.282941533705	267.32416881407	0
23.071114633153	267.43560785729	0
22.705450710791	267.98953565433	0
20.502316415052	269.39613339755	0
21.961079701344	268.35365928635	0
20.974547589974	268.47796222318	0
26.405652896806	267.09749279778	0
27.341291676556	267.25676424722	0
26.794812248466	268.93168123224	0
26.55057907575	269.98262518935	0
23.69681096351	269.4228085146	0
27.347933659397	268.18174389216	0
25.819810312993	269.37180322988	0
29.446139733737	268.26869132018	0
33.219503548002	269.04609329077	0
30.692235289267	267.77596691612	0
30.286887991436	267.09794547227	0
31.19969264675	267.01601441184	0
28.112736870611	267.89625548859	0
28.343821441325	266.94006910067	0
28.999491600692	267.62041287977	0
31.041386992423	268.41286708054	0
30.20926836729	268.53511904813	0
33.224546318104	268.25752982171	0
35.860171597244	272.19944925467	0
36.557078886943	271.92881511286	0
31.554884329266	267.87094907439	0
27.674035531601	266.41809182987	0
31.14080680971	266.14923281526	0
30.303979528912	266.00388274489	0
30.84375	265.45	0
30.565572479316	266.54980809751	0
29.7421875	265.45	0
32.642138626233	266.02573279327	0
33.046875	265.45	0
33.415325439197	266.11950129363	0
32.169609058331	267.2461451012	0
34.656538834574	269.87747739994	0
34.011460094751	268.67015443914	0
35.25	265.45	0
35.722382696731	266.12265385271	0
29.511681243913	267.03386432802	0
29.85762006947	267.72245877457	0
31.985920150554	266.42737006751	0
31.9453125	265.45	0
34.353812913635	266.88939616024	0
34.026724984917	267.6641501949	0
33.048178762031	267.45494024286	0
32.817334482236	266.68462040648	0
33.642594391586	266.84465793517	0
34.729650905114	269.18515551919	0
26.89761314939	266.33064252027	0
34.640455129346	265.88975500211	0
34.194648386578	266.26337977034	0
34.1484375	265.45	0
34.969358602811	268.2530356206	0
43.688009577188	268.64040299037	0
43.530365468759	267.82356873046	0
36.357237023175	266.44173044429	0
36.620413512652	271.09543789559	0
35.860738811568	270.48332146628	0
36.72770304313	270.34598487446	0
36.939384286383	266.69647452745	0
37.51044805229	266.41359023658	0
37.453282921221	269.18100668406	0
36.905455285535	268.41903575661	0
37.785017839334	268.36381123765	0
35.979162127639	268.35342992422	0
35.619186672012	267.63732477669	0
36.523822367166	267.4173236695	0
35.059997018834	271.99161866612	0
35.836955558951	271.45509208237	0
35.038851197838	270.32819948362	0
35.357578948649	269.71284624801	0
37.392491246211	267.14207258152	0
38.093702109426	266.9257191045	0
37.230935046625	269.93003865087	0
36.375257475336	269.42394167324	0
41.976883326463	269.99340001074	0
42.315536789074	269.35058742561	0
42.844805048674	269.93793331911	0
37.541355492736	270.80716173761	0
37.31570960425	267.78972225077	0
38.03858684577	269.9100831142	0
41.119141441179	272.56684765333	0
41.418957162674	273.40162823829	0
40.460704673571	273.30585682231	0
39.480362828622	270.71753326641	0
40.694739685864	269.12729461793	0
41.121811747084	269.95935309179	0
40.406072323869	269.8500871291	0
43.392829992767	271.68689991684	0
39.925379025288	271.5098517978	0
39.547514420115	272.93474423501	0
39.778064256971	273.61290869522	0
43.087604094097	270.78986060803	0
43.556074317581	270.26080949342	0
39.541121135817	274.05907276017	0
51.7734375	265.45	0
45.236709345671	268.82051950443	0
42.990377103939	268.30703667122	0
42.947321020345	269.05010234309	0
42.204519293295	268.53110905282	0
44.383383339324	266.176418577	0
43.814801770877	266.70406194202	0
43.641950278783	266.05909972405	0
45.084903292257	266.42672245068	0
42.392950916811	270.59115063873	0
41.579599039644	270.87599200393	0
40.242712640928	272.34952753498	0
41.963989898853	272.78776699274	0
40.851613301098	271.64698262058	0
40.463605795295	270.66603031985	0
41.767601345898	271.91398403551	0
42.473514771718	271.35268189495	0
39.080762051995	274.18559260024	0
39.206035429485	273.62667044771	0
12.757673864311	279.6906564855	0
15.142060161389	278.86903528866	0
15.843690990115	279.00364614161	0
13.955132090493	279.81788143178	0
13.312897290527	278.117615266	0
14.021559968288	278.82669562844	0
12.837268461696	278.82508508641	0
13.371274580964	279.50582039912	0
14.821474792775	278.00241570893	0
17.351346211065	278.82882344763	0
16.944842341584	278.10838055567	0
17.960821203971	278.14967448331	0
16.152193631988	279.59807205882	0
15.500888141981	279.45940318764	0
16.545261790185	278.9057248063	0
13.946933727302	277.74269450978	0
13.722598400572	276.91125583706	0
13.266875666348	277.46323125635	0
17.470230358467	277.399548108	0
18.816214092059	277.50240637218	0
18.085558071489	277.48864416929	0
11.843484077655	278.50743021377	0
12.495484294715	277.7385782416	0
18.86339379077	278.48408454972	0
18.429767874052	275.06954371772	0
12.86163119707	276.82088847477	0
11.868904808183	276.7998813013	0
12.412510934211	276.04576734583	0
14.319478357275	276.32853967995	0
13.401729241744	275.97428485747	0
15.05180741956	275.77098022901	0
15.754555320724	276.45915866535	0
17.519484510886	273.43930721482	0
16.697795849691	273.05924287669	0
17.282057972087	272.67831909242	0
16.516325046264	276.30889332818	0
11.669158822572	276.01122165397	0
11.085241968378	276.34344977875	0
16.06684890681	275.6296769524	0
16.597599581164	274.76185888903	0
19.297994907835	276.98892826047	0
18.856910024395	276.57157611594	0
9.7987643844106	276.052786445	0
8.7842236636341	276.15649236679	0
11.049551678127	275.52524953403	0
11.323953089913	274.62484014279	0
11.928941939507	275.34462244035	0
14.18127430919	275.57986000413	0
18.138324008975	272.5549721973	0
19.463763982968	278.07663429654	0
9.1552497743585	274.43287000132	0
8.3133638161686	274.44315459243	0
8.5082597635448	273.62384389549	0
16.019908197423	271.76139178869	0
16.825541094784	271.52590896712	0
16.694726878638	272.28698717747	0
14.56028720832	275.02570188164	0
16.022608995108	274.12781272221	0
15.986999284395	272.64615398141	0
16.024562646427	273.4266454655	0
15.406450951672	273.05908478804	0
16.69553928147	273.84919807109	0
18.88236996265	273.05930063442	0
19.802992463556	273.15847261714	0
17.318968838361	274.25335130674	0
18.17944857187	274.22207863626	0
18.342765959411	273.41045551072	0
13.21875	265.45	0
14.1100922293	266.29733660528	0
13.19986664602	266.53763538192	0
17.374273044183	272.03095046943	0
18.966827028351	271.11586415778	0
19.43287065522	271.62660514146	0
18.652474488878	271.7377307456	0
12.73805287797	275.33742719691	0
14.254194460594	272.37136818941	0
15.101209326414	272.23555316937	0
14.217433826504	271.50226765338	0
13.673740015019	272.11437194383	0
17.936520262527	271.6545209414	0
19.887427742464	272.22631456457	0
12.376851533863	274.52842030934	0
11.739156636362	273.97417911256	0
12.247186974735	272.87221341033	0
13.704971742373	270.07606129962	0
14.416917601871	270.37381065816	0
13.557988503311	270.75087362127	0
13.568407969223	274.79453138392	0
13.001960307516	273.9817660337	0
11.265665965535	270.55231449107	0
11.113049719772	269.80428323236	0
12.048897939641	270.15312481842	0
12.329836510416	273.64651776691	0
15.415832463319	270.06720453852	0
16.288708406022	270.7318938782	0
15.242978810879	271.11320602436	0
10.795588757821	272.88180843447	0
11.573689454485	272.62878792568	0
11.621003661492	273.29636776484	0
11.798135136488	271.21214897715	0
12.708736470535	270.89700567282	0
13.272047102091	271.53508091886	0
20.091143717137	268.53648180575	0
10.614916046175	274.92774329032	0
10.514854397698	274.30388795423	0
9.4717212964746	273.58297885699	0
9.1051928381243	272.76041009649	0
9.924412108634	272.95209190706	0
11.043425510132	273.77878341669	0
10.270148212689	273.60483251446	0
11.165857657464	271.98933059283	0
9.9811838302512	271.93227028119	0
10.810303116146	271.17769146214	0
10.563686542393	270.42194097432	0
10.105630868751	270.9695239405	0
9.4210931304482	268.43684090523	0
9.7692072703839	267.7321201374	0
10.106831256529	268.38009657126	0
7.6436447506382	274.92318961628	0
7.71467665141	274.07675909782	0
10.771554555793	268.87520656293	0
11.571106809972	268.25431547725	0
11.766132656388	269.1540863324	0
12.422172425423	268.51189701121	0
12.663123676892	269.34922253288	0
13.024884381334	270.11547197874	0
10.499945235792	276.01219882078	0
10.343192572719	276.71470640619	0
9.7824437571746	277.38237045087	0
8.9630218818301	277.12559791718	0
9.8751611126877	274.13612640703	0
8.5455222751469	275.15947059298	0
10.271733424353	269.69426061015	0
13.248356344278	268.70192325346	0
13.458053115812	269.47555197092	0
14.065746215554	269.66432131974	0
9.8244155215344	270.33918150646	0
9.4995255226098	269.70040542611	0
9.098890683569	269.09919525337	0
8.4431806427359	269.19673766766	0
8.5974986125605	268.46460626676	0
14.032645472613	268.95155624772	0
15.297780639312	267.100548071	0
14.468599977387	267.10153773823	0
14.895178840319	266.53579417571	0
13.907865621939	267.92091811667	0
9.5342079599146	276.68576346323	0
8.2799381550696	276.87017842942	0
7.9693672673964	275.6690750624	0
7.0941871277139	275.74142689309	0
0	283.485	0
1.0162956733114	281.17442384206	0
0	278.14	0
5.669918053036	274.20793593457	0
5.019508204878	273.8778289931	0
7.6538529770283	273.3525914169	0
7.015035157462	274.36382950686	0
6.9632765017262	273.18235347558	0
6.4288551361987	273.79479393311	0
6.2621783322422	272.98116069008	0
17.409993439913	271.43923881233	0
17.604830823683	269.66692042414	0
17.044199356695	270.10204505846	0
17.063226171747	269.25618883805	0
25.28583182721	267.84656109183	0
23.057486684251	266.63724942327	0
23.1328125	265.45	0
23.770123708654	266.18837351626	0
28.640625	265.45	0
29.055628075957	266.29835737793	0
28.250507498426	266.11143825562	0
26.4375	265.45	0
27.5390625	265.45	0
29.89354033836	266.48704795878	0
29.637364121462	265.93785500922	0
29.19140625	265.45	0
28.977500742352	266.9735901104	0
39.150604845497	266.13485766415	0
38.26650332426	266.19550912874	0
38.5546875	265.45	0
41.278222034857	268.45081291327	0
41.60104853869	269.23693590261	0
39.064430162815	269.81643423533	0
35.482340223161	268.98509553134	0
39.86036348054	270.09070968587	0
43.966607363941	267.33340373445	0
39.879534301928	269.4011820433	0
38.37909666575	269.0440537428	0
38.680276888049	268.13640492363	0
39.24298877491	268.87311648862	0
43.37618321076	267.17298077817	0
40.579312016964	268.35138118514	0
39.986881677387	268.64421249159	0
42.580185554546	267.49076364902	0
39.33271389211	267.47789753536	0
39.461044205695	268.2066450434	0
42.988113098797	266.51537039097	0
42.9609375	265.45	0
37.974378007429	267.61943746979	0
40.059660010899	267.91031129574	0
41.710254838266	267.83549361274	0
40.869598374919	267.63068676164	0
41.582753848781	266.222728134	0
41.859375	265.45	0
42.322394460385	266.06138469089	0
39.590104681594	266.7400455883	0
40.114165003663	267.17508350395	0
42.218838424706	266.67196271375	0
41.614530488334	267.07883751601	0
44.0625	265.45	0
38.583453559683	267.39192552235	0
38.836208442047	266.81020524649	0
19.131782884199	272.39811914036	0
18.736236444645	267.39212355497	0
9.6417856749782	267.1973121103	0
9.1620498179037	267.35609495752	0
9.860374688375	269.02716626772	0
11.015625	265.45	0
10.981429929059	266.44990280784	0
10.153671834865	266.17360327948	0
9.1746879240032	270.27646197584	0
8.0034599068072	269.75035023713	0
7.7453626682213	268.89959073163	0
12.99593093974	268.01664726243	0
14.786434094344	268.51634078936	0
14.712076271665	269.44009383717	0
15.551525161514	269.06404991432	0
16.294804205564	269.65643289432	0
17.398946914007	267.69902798241	0
17.10119143098	267.02712970867	0
17.926285770269	267.14057602513	0
12.275076012654	267.62673492052	0
13.120244204748	267.33512822999	0
10.710942309975	267.84597598746	0
11.03714897712	267.13915533434	0
11.474114840414	267.54084745862	0
9.0942156548111	267.92832078816	0
10.24162988606	267.02790068069	0
14.3203125	265.45	0
14.890755859369	265.98571650699	0
9.351885024662	270.97747287493	0
8.772824243564	269.77068047924	0
8.4300887997595	270.59414103923	0
7.8615869381387	268.04298060703	0
8.5187387820887	267.66746820387	0
8.5545169668268	266.93607810838	0
6.4435148088246	270.40782942151	0
7.0791272744306	270.88661359501	0
6.7600623523271	271.51400090926	0
7.3027480755351	267.65805061911	0
7.0067514460144	266.94669810846	0
7.8414855203717	267.28408464194	0
12.422678705633	266.21033819152	0
9.3920820399792	266.68568688423	0
9.3761590695667	265.98408580173	0
12.558981498942	266.90986028482	0
7.1548492455251	273.75447915319	0
8.146507159165	272.71971802616	0
7.5736345819232	272.06859823571	0
8.604558070311	271.7525016603	0
7.4361594130316	272.75655247949	0
5.6470878730459	273.45016100092	0
6.8438736187004	272.4537896785	0
7.6506599430569	271.20816677746	0
2.5824881858068	274.42864212647	0
2.9899034896135	273.58265255446	0
4.4370464663116	272.26251871651	0
5.2552118966643	272.21742825416	0
4.8837946462561	273.05401122932	0
7.4625743386984	270.41267034256	0
18.820307039834	270.33538232291	0
19.056979095529	269.41645577748	0
17.19177723571	270.88163697373	0
17.85309661442	270.3937916058	0
17.735845370089	271.09148571011	0
20.488653475146	267.75321740913	0
20.856869266488	266.99278170724	0
21.605117580571	266.89970589309	0
21.359463619858	267.63208808266	0
22.237209282571	266.33258682054	0
21.320207506284	266.23921201874	0
24.234375	265.45	0
22.03125	265.45	0
25.3359375	265.45	0
19.725646943028	269.18334525627	0
18.555354572398	268.80968601235	0
19.30553555434	268.64297863814	0
20.26422036918	266.31254372136	0
18.578782786425	266.37559464372	0
20.9296875	265.45	0
19.366288573143	266.08589550238	0
17.688367306775	266.27044929421	0
19.828125	265.45	0
18.278092668391	269.6011378338	0
18.068017941549	268.08265750225	0
18.846559348995	268.14030981785	0
16.6704172973	267.81844526186	0
16.415581349758	268.70349921113	0
15.679858661934	267.9971233774	0
17.795363508992	268.97516137126	0
18.326638989922	271.05560778576	0
17.233829676402	268.42368427465	0
15.705059824773	266.19638590353	0
16.725084571292	266.18085628379	0
16.197412922771	267.05316790345	0
18.7265625	265.45	0
17.625	265.45	0
18.17578125	265.45	0
16.5234375	265.45	0
14.829358925027	267.72641631632	0
16.231683431505	265.81928548438	0
15.97265625	265.45	0
13.762451905224	267.03682046021	0
15.421875	265.45	0
11.662941469291	266.07870974709	0
12.1171875	265.45	0
11.774655690581	266.84529259167	0
39.65625	265.45	0
39.997327423805	266.17946939707	0
40.7578125	265.45	0
40.720868560417	266.62942019615	0
0	277.0825	0
0.79188096363174	276.145855957	0
0	276.025	0
1.5200442393781	275.42904682029	0
0	274.9675	0
0.69743482084724	275.2626776798	0
0.59710144819583	274.46470243777	0
0	273.91	0
1.2849623899877	274.54698572643	0
1.9368090372921	274.67909629216	0
1.9721841797095	273.81876482436	0
1.0050326469379	273.63715118058	0
1.0406728212964	272.63437888114	0
1.6407256557168	273.00219434625	0
2.3846414372711	272.87162558182	0
0.50367345657865	273.08655681684	0
0.47288370586993	272.40071236592	0
4.3379268454005	273.7372353485	0
3.1256573044205	272.73633892225	0
3.8687601769561	273.04765699516	0
1.53836663873	271.0717717974	0
1.8029132698549	272.05584474534	0
0.81994678957987	271.63606624407	0
3.3091419915159	271.32686506355	0
4.1434018859585	271.46900781759	0
3.6104933100228	272.14753817436	0
5.6231026073129	272.78422800275	0
2.7758822576506	272.04451909251	0
5.4434665494874	270.47181463879	0
5.5873471596532	269.68168883891	0
6.067649959512	272.21593450351	0
2.415379587278	271.13627693504	0
3.0367536793563	270.64195878327	0
5.6598799078664	271.34076667291	0
3.2250789498429	267.66164538066	0
2.6465990228058	268.30638799547	0
2.3653058955044	267.54536479711	0
0	272.8525	0
1.9414430500683	270.53631468104	0
4.7351125124595	270.01333711355	0
4.7849815280043	270.91070562053	0
1.3614362431744	270.31095591598	0
0	271.795	0
0	270.7375	0
0.87953055368458	270.76328963356	0
0	269.68	0
0.67353859269033	270.06530267944	0
1.9030891222759	269.87688883598	0
6.6405213639832	267.73344706791	0
6.0851815701265	267.10802404702	0
2.4802633942007	270.29218496166	0
2.4694829574699	269.63219224378	0
1.2292116804107	269.55831465299	0
1.961561332415	268.1103473737	0
0.56952941651355	269.34701973485	0
7.7109375	265.45	0
8.8125	265.45	0
8.6080430841505	266.16365055505	0
4.841689560698	269.09797451305	0
4.9290269216715	268.13718371934	0
5.6710358315352	268.77343606737	0
0.62987508453256	268.17743431749	0
0	267.565	0
0.88980150316111	267.68345142293	0
7.1630394568045	268.29194013794	0
6.9816082968635	268.9252346248	0
6.4465937917816	268.4938913244	0
1.9236528208169	268.94975919973	0
2.9229200706719	269.1152986416	0
24.552719661851	266.29612615512	0
7.8011366351617	266.48154657572	0
7.1696903445707	269.62149255739	0
6.3833765359711	269.31775769234	0
5.8401049158144	267.92261734405	0
7.0841476117257	266.11724390419	0
0.9447629151188	268.81030791318	0
3.1121575703107	269.9315289071	0
0	268.6225	0
0.9453048667612	266.9214569316	0
1.3169133801007	268.21066194899	0
4.2425283084437	268.59652627199	0
3.8597866083208	270.52629067268	0
3.8870897463713	269.39425380842	0
40.10745250212	266.67551193902	0
4.856850202794	271.64025471894	0
3.4968344656308	268.48984695639	0
4.0619519120223	267.87506644671	0
4.5805699602146	267.4090692047	0
3.9131507550594	266.98895150983	0
4.7342917182697	266.75637216459	0
6.2924973467158	266.26000833117	0
5.2713063640575	267.30236186899	0
0	266.5075	0
4.3088365773851	266.28772680207	0
4.40625	265.45	0
4.8832289724201	266.08616218108	0
1.5660785314205	267.5553938688	0
1.9258750704647	266.87219694228	0
3.6107932958487	266.16301782177	0
3.3046875	265.45	0
5.4619588573085	266.49246167911	0
5.5078125	265.45	0
6.609375	265.45	0
2.8801328195776	266.78507918362	0
2.2773309034605	266.25935929619	0
1.527640403202	266.17515860306	0
2.203125	265.45	0
0.7147597863076	266.10064389941	0
0	265.45	0
1.1015625	265.45	0
2.8549149792683	266.02107356615	0
9.9140625	265.45	0
CELLS 7621 30484
3	0	1	2	
3	3	4	5	
3	6	7	2	
3	8	9	10	
3	11	12	13	
3	14	15	16	
3	17	18	19	
3	6	20	21	
3	22	23	24	
3	25	26	19	
3	27	28	29	
3	30	31	32	
3	33	34	35	
3	8	10	5	
3	25	4	26	
3	36	37	38	
3	39	40	41	
3	19	18	25	
3	42	43	29	
3	44	45	46	
3	47	48	49	
3	50	51	52	
3	53	54	55	
3	53	55	56	
3	57	58	59	
3	60	61	62	
3	63	64	65	
3	66	53	56	
3	7	0	2	
3	21	7	6	
3	55	67	68	
3	69	70	71	
3	72	56	55	
3	73	52	51	
3	74	51	50	
3	75	76	77	
3	71	78	79	
3	80	81	73	
3	82	83	84	
3	85	86	38	
3	87	88	89	
3	90	91	92	
3	93	94	95	
3	96	97	98	
3	99	100	101	
3	102	103	104	
3	97	105	106	
3	1	0	9	
3	107	15	14	
3	96	105	97	
3	40	39	108	
3	107	109	15	
3	110	15	109	
3	111	112	113	
3	114	115	116	
3	110	116	16	
3	117	118	119	
3	120	121	122	
3	123	124	125	
3	126	127	128	
3	102	106	105	
3	129	115	130	
3	11	131	132	
3	133	43	134	
3	135	47	49	
3	11	132	12	
3	136	133	137	
3	138	136	139	
3	52	140	50	
3	141	142	143	
3	144	145	146	
3	147	148	149	
3	144	150	145	
3	104	103	151	
3	152	153	154	
3	155	24	156	
3	157	158	159	
3	131	160	161	
3	162	163	161	
3	164	165	166	
3	167	168	45	
3	163	162	169	
3	103	150	151	
3	64	170	171	
3	155	156	172	
3	173	109	107	
3	129	14	16	
3	174	71	70	
3	74	83	82	
3	175	176	177	
3	178	179	88	
3	89	180	87	
3	144	151	150	
3	181	182	183	
3	4	3	26	
3	184	185	186	
3	154	187	188	
3	154	153	187	
3	11	160	131	
3	137	189	139	
3	190	191	192	
3	64	63	170	
3	188	170	63	
3	0	193	10	
3	164	194	195	
3	171	196	197	
3	198	199	200	
3	201	128	127	
3	202	163	169	
3	203	172	204	
3	205	206	207	
3	208	159	92	
3	209	210	211	
3	212	213	214	
3	11	13	160	
3	215	58	216	
3	156	217	172	
3	57	178	218	
3	182	219	220	
3	176	221	222	
3	223	224	225	
3	204	224	226	
3	192	191	227	
3	228	21	229	
3	230	231	232	
3	233	88	234	
3	89	235	180	
3	5	10	3	
3	236	160	237	
3	196	185	238	
3	88	87	234	
3	212	239	240	
3	23	213	240	
3	45	239	212	
3	173	241	242	
3	172	217	204	
3	55	54	67	
3	48	243	177	
3	244	245	246	
3	159	208	157	
3	247	157	208	
3	119	152	248	
3	249	250	251	
3	252	168	247	
3	21	228	7	
3	253	164	195	
3	254	143	255	
3	252	239	45	
3	54	91	67	
3	256	257	258	
3	43	42	134	
3	153	259	260	
3	261	224	262	
3	129	16	115	
3	263	264	265	
3	153	260	187	
3	176	175	221	
3	266	232	267	
3	107	241	173	
3	268	269	270	
3	238	185	184	
3	47	205	243	
3	206	205	47	
3	271	272	273	
3	274	84	83	
3	217	262	204	
3	213	212	240	
3	0	275	193	
3	207	225	261	
3	229	20	276	
3	8	1	9	
3	139	136	137	
3	29	28	42	
3	48	47	243	
3	221	175	269	
3	66	277	94	
3	62	278	60	
3	279	280	69	
3	281	238	184	
3	282	265	283	
3	213	22	214	
3	284	258	257	
3	264	283	265	
3	46	45	212	
3	268	221	269	
3	285	164	253	
3	234	211	233	
3	71	174	78	
3	286	280	287	
3	288	221	268	
3	78	174	282	
3	69	286	70	
3	289	60	290	
3	291	209	292	
3	293	294	113	
3	78	282	283	
3	264	263	295	
3	296	297	298	
3	189	137	134	
3	147	299	300	
3	301	249	302	
3	303	300	304	
3	303	147	300	
3	168	157	247	
3	17	27	18	
3	295	30	305	
3	79	78	283	
3	306	250	307	
3	112	111	308	
3	309	310	134	
3	311	312	313	
3	302	249	251	
3	306	251	250	
3	201	314	128	
3	188	63	154	
3	306	307	315	
3	256	111	113	
3	316	125	220	
3	317	101	318	
3	319	320	304	
3	321	322	323	
3	323	194	324	
3	324	194	164	
3	195	325	253	
3	279	326	327	
3	308	328	329	
3	330	331	332	
3	333	253	325	
3	334	335	336	
3	335	337	338	
3	339	113	112	
3	340	341	290	
3	91	90	67	
3	166	324	164	
3	342	343	344	
3	90	68	67	
3	345	52	81	
3	332	331	346	
3	86	85	341	
3	71	79	279	
3	347	298	348	
3	61	60	289	
3	349	289	290	
3	81	80	350	
3	287	351	77	
3	61	76	62	
3	126	96	98	
3	352	151	144	
3	353	354	183	
3	341	349	290	
3	355	356	357	
3	358	272	359	
3	324	321	323	
3	10	26	3	
3	252	45	168	
3	360	330	322	
3	331	330	360	
3	203	155	172	
3	343	332	346	
3	361	362	363	
3	85	349	341	
3	130	114	314	
3	30	295	31	
3	77	351	75	
3	295	305	264	
3	60	278	290	
3	27	17	28	
3	364	365	14	
3	366	367	368	
3	369	370	273	
3	371	372	313	
3	12	132	138	
3	84	276	82	
3	354	254	373	
3	313	372	267	
3	142	374	375	
3	376	104	151	
3	377	355	378	
3	379	368	367	
3	380	366	381	
3	369	273	358	
3	311	313	382	
3	383	26	10	
3	363	362	384	
3	385	129	386	
3	268	270	387	
3	388	179	389	
3	390	391	386	
3	392	393	394	
3	69	280	286	
3	197	196	238	
3	241	395	242	
3	396	397	398	
3	23	22	213	
3	322	321	360	
3	242	395	394	
3	382	313	232	
3	220	399	316	
3	400	19	26	
3	20	229	21	
3	321	324	401	
3	368	381	366	
3	402	398	403	
3	386	129	390	
3	404	405	362	
3	399	220	219	
3	378	406	407	
3	28	17	408	
3	260	259	118	
3	255	373	254	
3	133	134	137	
3	348	409	410	
3	56	277	66	
3	192	296	411	
3	347	296	298	
3	412	413	401	
3	235	186	180	
3	347	411	296	
3	0	7	414	
3	319	370	320	
3	405	415	244	
3	271	370	319	
3	416	417	418	
3	419	39	41	
3	420	421	422	
3	263	31	295	
3	142	141	374	
3	420	422	423	
3	271	273	370	
3	408	309	28	
3	422	421	424	
3	425	407	406	
3	246	245	426	
3	427	283	428	
3	275	429	430	
3	406	378	33	
3	33	378	34	
3	230	254	354	
3	65	431	432	
3	361	317	318	
3	192	411	190	
3	416	433	434	
3	16	116	115	
3	127	435	391	
3	224	204	262	
3	361	318	436	
3	41	40	423	
3	327	280	279	
3	168	167	157	
3	245	244	415	
3	190	433	191	
3	191	433	416	
3	0	10	9	
3	312	425	371	
3	437	39	419	
3	362	361	404	
3	52	73	81	
3	438	125	316	
3	284	257	294	
3	284	32	258	
3	439	328	315	
3	112	308	329	
3	301	302	299	
3	249	301	149	
3	303	440	147	
3	329	339	112	
3	441	307	250	
3	439	315	307	
3	304	320	303	
3	440	303	320	
3	359	442	358	
3	273	272	358	
3	333	325	37	
3	253	333	285	
3	363	317	361	
3	404	361	436	
3	443	237	444	
3	417	99	418	
3	356	426	445	
3	404	436	446	
3	354	353	230	
3	244	447	405	
3	448	297	449	
3	403	450	124	
3	374	267	375	
3	122	451	391	
3	219	452	399	
3	101	317	99	
3	453	454	384	
3	368	379	181	
3	182	220	455	
3	141	254	266	
3	447	453	405	
3	446	405	404	
3	356	456	246	
3	370	457	320	
3	437	419	410	
3	39	437	108	
3	192	297	296	
3	409	348	298	
3	417	434	100	
3	191	418	227	
3	276	84	229	
3	228	414	7	
3	458	274	50	
3	443	236	237	
3	74	50	83	
3	274	83	50	
3	350	80	93	
3	345	81	350	
3	146	145	202	
3	352	144	146	
3	241	365	459	
3	114	130	115	
3	435	98	97	
3	127	126	98	
3	102	104	106	
3	460	106	104	
3	138	139	12	
3	13	12	139	
3	161	160	162	
3	236	162	160	
3	438	123	125	
3	219	182	181	
3	392	394	395	
3	379	367	452	
3	435	127	98	
3	396	364	461	
3	314	201	130	
3	130	390	129	
3	460	462	97	
3	311	407	312	
3	387	270	117	
3	387	288	268	
3	135	223	47	
3	261	225	224	
3	177	176	48	
3	49	48	176	
3	152	259	153	
3	119	118	259	
3	171	197	64	
3	65	64	197	
3	210	463	233	
3	89	88	179	
3	186	235	184	
3	179	235	89	
3	24	155	22	
3	464	465	466	
3	214	46	212	
3	467	203	204	
3	414	228	429	
3	207	206	225	
3	223	225	206	
3	92	159	90	
3	90	159	158	
3	72	277	56	
3	95	94	277	
3	76	75	62	
3	278	62	75	
3	340	86	341	
3	36	38	86	
3	287	280	351	
3	280	75	351	
3	283	264	428	
3	283	427	79	
3	32	284	30	
3	305	428	264	
3	249	149	250	
3	468	428	469	
3	256	113	257	
3	294	257	113	
3	328	439	329	
3	339	329	439	
3	299	147	301	
3	149	301	147	
3	442	359	424	
3	369	457	370	
3	470	471	421	
3	469	428	305	
3	37	36	333	
3	36	472	285	
3	340	36	86	
3	473	412	474	
3	313	312	371	
3	230	266	254	
3	181	381	368	
3	434	417	416	
3	357	445	35	
3	475	403	123	
3	267	374	266	
3	390	127	391	
3	447	244	246	
3	476	477	478	
3	378	355	34	
3	354	373	381	
3	123	438	475	
3	311	382	479	
3	423	40	420	
3	470	420	40	
3	410	409	437	
3	108	437	409	
3	416	418	191	
3	355	357	34	
3	100	99	417	
3	418	99	480	
3	183	182	481	
3	227	449	192	
3	229	84	228	
3	429	228	84	
3	93	95	350	
3	345	140	52	
3	55	68	482	
3	458	483	274	
3	202	169	146	
3	352	376	151	
3	169	162	236	
3	385	364	14	
3	237	13	484	
3	352	443	376	
3	402	393	398	
3	364	396	365	
3	267	372	375	
3	380	381	373	
3	201	390	130	
3	390	201	127	
3	117	119	387	
3	288	222	221	
3	259	152	119	
3	135	226	223	
3	154	63	65	
3	288	248	222	
3	184	235	388	
3	485	281	486	
3	487	488	489	
3	210	233	211	
3	218	88	233	
3	485	197	281	
3	199	198	490	
3	491	492	49	
3	22	155	214	
3	493	214	155	
3	494	222	248	
3	214	493	46	
3	167	45	44	
3	95	277	72	
3	68	495	482	
3	95	72	496	
3	278	497	498	
3	340	472	36	
3	498	499	278	
3	327	500	497	
3	71	279	69	
3	279	79	326	
3	30	284	305	
3	469	305	284	
3	439	307	441	
3	501	339	502	
3	503	148	440	
3	441	502	439	
3	424	421	442	
3	442	421	504	
3	504	358	442	
3	369	358	504	
3	36	285	333	
3	164	285	165	
3	35	34	357	
3	505	449	227	
3	506	456	377	
3	453	507	454	
3	505	480	477	
3	465	451	121	
3	232	231	382	
3	420	470	421	
3	317	363	99	
3	241	459	395	
3	496	140	345	
3	408	508	509	
3	350	95	345	
3	496	345	95	
3	146	169	352	
3	443	352	169	
3	510	465	121	
3	219	181	379	
3	462	435	97	
3	402	403	475	
3	387	119	288	
3	248	288	119	
3	488	511	489	
3	218	178	88	
3	178	389	179	
3	235	179	388	
3	210	209	291	
3	58	218	463	
3	512	513	502	
3	216	210	291	
3	297	192	449	
3	467	493	203	
3	514	515	516	
3	389	178	517	
3	226	135	518	
3	519	482	520	
3	47	223	206	
3	224	223	226	
3	502	339	439	
3	472	165	285	
3	504	421	471	
3	369	504	521	
3	497	278	75	
3	401	324	474	
3	522	523	524	
3	396	395	459	
3	384	362	453	
3	521	457	369	
3	158	157	525	
3	482	72	55	
3	484	139	189	
3	526	108	527	
3	407	311	378	
3	466	528	464	
3	65	432	154	
3	529	530	44	
3	487	292	488	
3	463	218	233	
3	58	463	216	
3	485	65	197	
3	238	281	197	
3	184	388	281	
3	291	292	487	
3	531	291	487	
3	216	291	531	
3	216	463	210	
3	517	178	57	
3	489	532	487	
3	57	59	533	
3	532	489	534	
3	535	515	536	
3	199	511	200	
3	531	532	215	
3	511	199	489	
3	58	57	218	
3	531	215	216	
3	534	489	199	
3	532	531	487	
3	198	200	537	
3	532	534	538	
3	59	58	215	
3	539	538	540	
3	541	537	535	
3	514	542	536	
3	534	199	490	
3	543	198	541	
3	534	490	544	
3	532	538	215	
3	59	538	539	
3	545	540	546	
3	537	541	198	
3	535	536	541	
3	541	536	543	
3	490	198	543	
3	59	215	538	
3	538	534	544	
3	544	540	538	
3	543	547	546	
3	515	514	536	
3	540	544	546	
3	543	546	490	
3	544	490	546	
3	543	536	547	
3	545	546	547	
3	536	542	547	
3	548	549	550	
3	550	540	545	
3	550	539	540	
3	134	42	309	
3	17	19	400	
3	165	472	551	
3	552	343	342	
3	321	401	360	
3	360	401	331	
3	510	120	553	
3	122	391	435	
3	26	383	400	
3	400	554	17	
3	17	554	408	
3	509	555	310	
3	467	204	226	
3	493	155	203	
3	46	493	529	
3	158	68	90	
3	149	512	250	
3	512	441	250	
3	148	147	440	
3	512	502	441	
3	377	378	311	
3	294	293	556	
3	457	503	320	
3	512	149	148	
3	503	440	320	
3	457	521	557	
3	521	504	471	
3	557	558	503	
3	365	396	459	
3	505	227	480	
3	477	480	559	
3	560	561	562	
3	563	564	565	
3	510	121	120	
3	231	566	382	
3	567	568	569	
3	458	50	140	
3	429	84	274	
3	496	570	140	
3	72	482	519	
3	97	106	460	
3	107	365	241	
3	376	571	104	
3	443	444	572	
3	237	160	13	
3	443	169	236	
3	13	139	484	
3	408	509	310	
3	222	491	176	
3	49	176	491	
3	293	113	339	
3	469	284	294	
3	473	165	573	
3	324	166	474	
3	574	575	528	
3	445	357	356	
3	403	124	123	
3	183	381	181	
3	471	470	526	
3	526	40	108	
3	559	384	477	
3	576	577	578	
3	572	579	571	
3	580	581	563	
3	167	525	157	
3	167	44	582	
3	501	513	583	
3	278	499	290	
3	122	435	462	
3	110	16	15	
3	124	450	455	
3	405	453	362	
3	389	486	388	
3	388	486	281	
3	548	545	547	
3	545	548	550	
3	310	189	134	
3	484	189	310	
3	476	567	584	
3	585	586	587	
3	72	519	496	
3	567	476	568	
3	408	554	508	
3	455	481	182	
3	28	309	42	
3	310	309	408	
3	383	588	400	
3	400	588	554	
3	492	135	49	
3	589	582	530	
3	495	525	589	
3	589	525	582	
3	590	591	505	
3	571	120	462	
3	456	592	246	
3	563	558	580	
3	578	580	593	
3	594	455	450	
3	460	104	571	
3	462	460	571	
3	237	595	444	
3	596	523	597	
3	598	432	599	
3	600	601	602	
3	339	501	293	
3	583	293	501	
3	603	604	605	
3	606	607	353	
3	246	592	447	
3	398	397	450	
3	526	470	40	
3	608	527	448	
3	609	606	481	
3	503	457	557	
3	525	167	582	
3	158	525	495	
3	327	326	500	
3	75	280	327	
3	409	297	527	
3	466	465	510	
3	397	594	450	
3	610	611	612	
3	389	517	613	
3	486	613	614	
3	613	486	389	
3	65	485	431	
3	547	542	548	
3	542	549	548	
3	615	616	617	
3	615	618	550	
3	353	231	230	
3	619	566	620	
3	621	622	623	
3	593	580	557	
3	46	529	44	
3	68	158	495	
3	582	44	530	
3	589	624	495	
3	625	556	583	
3	626	326	627	
3	376	443	572	
3	453	592	507	
3	507	628	629	
3	629	478	454	
3	590	476	584	
3	593	521	471	
3	630	631	602	
3	589	530	632	
3	122	462	120	
3	607	633	634	
3	405	446	415	
3	635	636	637	
3	638	639	640	
3	641	642	643	
3	407	425	312	
3	384	454	477	
3	226	518	467	
3	483	458	644	
3	227	418	480	
3	591	449	505	
3	645	564	646	
3	382	566	479	
3	647	648	649	
3	432	152	154	
3	401	474	412	
3	413	650	346	
3	651	607	634	
3	556	625	468	
3	499	340	290	
3	335	338	652	
3	166	473	474	
3	473	653	412	
3	593	471	654	
3	444	655	572	
3	656	364	385	
3	657	658	612	
3	383	10	193	
3	384	559	363	
3	503	659	148	
3	502	513	501	
3	231	651	566	
3	660	596	597	
3	485	486	614	
3	491	661	492	
3	495	624	482	
3	140	570	458	
3	327	497	75	
3	498	497	500	
3	662	663	664	
3	431	665	666	
3	165	473	166	
3	473	573	653	
3	667	594	397	
3	668	634	669	
3	566	668	620	
3	670	671	672	
3	657	673	658	
3	674	594	667	
3	659	503	558	
3	627	79	427	
3	675	635	676	
3	580	578	677	
3	557	580	558	
3	607	678	633	
3	529	679	530	
3	430	680	681	
3	682	498	500	
3	165	551	573	
3	551	683	573	
3	684	338	337	
3	611	685	609	
3	686	687	688	
3	220	125	124	
3	573	683	689	
3	608	591	690	
3	297	409	298	
3	691	412	653	
3	412	691	413	
3	676	637	524	
3	692	693	694	
3	465	386	451	
3	121	451	122	
3	57	533	517	
3	517	533	695	
3	615	696	618	
3	533	59	539	
3	697	383	193	
3	429	274	483	
3	513	698	699	
3	700	701	702	
3	608	703	527	
3	704	705	706	
3	496	707	570	
3	708	429	483	
3	492	600	135	
3	709	679	710	
3	710	711	712	
3	710	529	711	
3	484	555	595	
3	595	237	484	
3	491	222	494	
3	494	661	491	
3	598	713	494	
3	713	661	494	
3	714	715	716	
3	676	635	637	
3	461	717	718	
3	565	564	645	
3	472	340	702	
3	702	551	472	
3	508	637	509	
3	310	555	484	
3	432	431	599	
3	248	152	432	
3	665	614	664	
3	431	485	614	
3	581	580	677	
3	143	254	141	
3	702	499	700	
3	340	499	702	
3	629	454	507	
3	719	720	721	
3	722	723	724	
3	725	684	726	
3	355	377	456	
3	444	595	727	
3	623	643	642	
3	629	568	478	
3	728	729	730	
3	609	481	455	
3	705	567	569	
3	565	698	659	
3	551	701	683	
3	731	732	691	
3	637	555	509	
3	183	354	381	
3	700	499	498	
3	702	701	551	
3	561	635	733	
3	734	668	669	
3	413	691	650	
3	331	401	413	
3	735	736	737	
3	738	739	740	
3	588	697	741	
3	640	639	742	
3	682	500	626	
3	500	326	626	
3	468	427	428	
3	626	627	743	
3	275	0	414	
3	681	697	193	
3	650	344	346	
3	652	552	342	
3	744	520	482	
3	496	519	707	
3	745	746	747	
3	748	581	749	
3	750	644	707	
3	750	751	644	
3	583	752	753	
3	752	583	513	
3	754	755	756	
3	658	610	612	
3	661	601	600	
3	520	744	757	
3	610	658	758	
3	611	609	674	
3	248	598	494	
3	710	759	709	
3	431	614	665	
3	760	630	601	
3	365	107	14	
3	761	762	763	
3	764	564	563	
3	677	577	749	
3	386	465	464	
3	765	646	564	
3	120	579	553	
3	498	682	700	
3	766	701	700	
3	767	344	650	
3	652	342	335	
3	744	482	624	
3	768	769	770	
3	771	772	773	
3	774	775	776	
3	777	632	679	
3	778	779	780	
3	520	707	519	
3	707	778	750	
3	683	781	723	
3	700	682	766	
3	326	79	627	
3	682	626	782	
3	568	629	783	
3	635	675	733	
3	631	784	712	
3	777	785	786	
3	661	713	787	
3	788	759	784	
3	599	666	789	
3	598	790	713	
3	432	598	248	
3	598	599	790	
3	791	665	664	
3	792	793	794	
3	795	576	796	
3	797	690	798	
3	528	510	799	
3	800	736	801	
3	506	628	507	
3	526	703	654	
3	380	373	255	
3	527	108	409	
3	336	342	344	
3	336	335	342	
3	802	632	777	
3	520	757	778	
3	802	777	786	
3	803	804	757	
3	697	681	805	
3	427	806	627	
3	807	808	806	
3	809	810	811	
3	735	812	813	
3	710	679	529	
3	777	679	709	
3	711	529	493	
3	710	712	759	
3	814	815	759	
3	803	816	804	
3	493	467	711	
3	817	467	518	
3	712	817	631	
3	759	712	784	
3	712	711	817	
3	467	817	711	
3	784	631	630	
3	786	816	803	
3	817	518	631	
3	602	631	518	
3	818	630	760	
3	819	820	761	
3	664	614	613	
3	666	665	791	
3	687	611	821	
3	576	578	654	
3	377	479	619	
3	398	393	392	
3	478	568	476	
3	822	823	824	
3	565	558	563	
3	512	148	659	
3	825	770	769	
3	726	684	337	
3	336	344	767	
3	336	767	826	
3	633	758	827	
3	725	726	776	
3	569	568	828	
3	829	830	831	
3	754	832	755	
3	833	834	793	
3	508	741	524	
3	760	787	835	
3	836	713	790	
3	695	533	837	
3	613	695	664	
3	838	789	791	
3	431	666	599	
3	807	839	808	
3	840	752	699	
3	650	691	732	
3	334	337	335	
3	841	337	334	
3	841	842	726	
3	826	334	336	
3	842	841	825	
3	761	605	819	
3	776	775	725	
3	584	705	798	
3	843	837	844	
3	845	846	838	
3	664	663	791	
3	847	630	818	
3	726	337	841	
3	774	848	775	
3	826	767	849	
3	770	841	334	
3	770	334	826	
3	770	825	841	
3	449	591	448	
3	623	642	850	
3	791	789	666	
3	789	846	836	
3	767	851	849	
3	852	774	853	
3	851	854	849	
3	768	826	849	
3	826	768	770	
3	855	832	856	
3	706	705	569	
3	857	858	859	
3	857	860	836	
3	599	789	790	
3	836	790	789	
3	767	650	732	
3	849	854	768	
3	861	653	689	
3	653	573	689	
3	768	854	772	
3	768	862	769	
3	863	864	851	
3	603	865	866	
3	867	862	868	
3	867	869	825	
3	773	772	854	
3	862	772	771	
3	862	768	772	
3	769	867	825	
3	781	683	870	
3	871	819	605	
3	868	862	771	
3	769	862	867	
3	762	869	867	
3	776	726	842	
3	872	865	868	
3	763	603	605	
3	873	874	875	
3	875	853	842	
3	875	825	869	
3	825	875	842	
3	762	867	868	
3	869	873	875	
3	762	868	763	
3	873	869	762	
3	876	874	877	
3	873	877	874	
3	852	853	878	
3	853	875	874	
3	876	878	874	
3	776	842	853	
3	853	874	878	
3	879	880	881	
3	550	549	616	
3	765	730	800	
3	882	883	884	
3	638	640	885	
3	886	887	888	
3	796	654	703	
3	717	364	889	
3	890	746	745	
3	608	448	591	
3	577	891	892	
3	893	894	895	
3	685	678	606	
3	896	885	640	
3	897	898	899	
3	723	689	683	
3	653	861	900	
3	781	901	724	
3	724	901	902	
3	903	722	724	
3	732	731	851	
3	870	683	701	
3	722	861	689	
3	722	689	723	
3	900	861	886	
3	682	782	904	
3	840	699	646	
3	902	903	724	
3	886	861	722	
3	900	886	863	
3	653	900	691	
3	887	722	903	
3	851	864	854	
3	356	246	426	
3	386	391	451	
3	905	906	736	
3	755	706	569	
3	526	654	471	
3	477	454	478	
3	796	797	795	
3	364	717	461	
3	606	678	607	
3	824	823	742	
3	778	757	779	
3	750	778	780	
3	907	739	766	
3	870	766	738	
3	765	564	730	
3	642	641	908	
3	714	909	715	
3	897	553	655	
3	680	910	911	
3	912	715	913	
3	914	915	916	
3	756	755	828	
3	690	584	798	
3	674	821	611	
3	672	917	889	
3	716	715	918	
3	919	920	669	
3	690	797	608	
3	921	922	923	
3	799	924	925	
3	889	917	717	
3	890	923	596	
3	890	596	926	
3	633	827	919	
3	590	584	690	
3	921	675	922	
3	600	602	518	
3	630	602	601	
3	135	600	518	
3	600	492	661	
3	667	927	674	
3	912	928	918	
3	676	523	922	
3	523	596	923	
3	818	834	833	
3	929	788	847	
3	699	645	646	
3	753	840	812	
3	853	774	776	
3	848	774	852	
3	704	798	705	
3	705	584	567	
3	912	604	930	
3	871	604	931	
3	766	870	701	
3	870	738	781	
3	901	781	738	
3	724	723	781	
3	901	738	740	
3	587	908	932	
3	610	685	611	
3	865	933	866	
3	901	934	902	
3	934	935	902	
3	739	738	766	
3	740	936	934	
3	934	901	740	
3	902	937	903	
3	907	766	682	
3	740	739	938	
3	392	396	398	
3	646	765	813	
3	773	908	939	
3	585	888	887	
3	782	743	940	
3	907	941	938	
3	376	572	571	
3	183	481	606	
3	893	942	894	
3	528	575	464	
3	523	923	922	
3	593	557	521	
3	681	193	430	
3	741	697	805	
3	797	796	608	
3	577	576	891	
3	943	890	926	
3	587	586	850	
3	452	219	379	
3	506	619	944	
3	124	455	220	
3	945	932	908	
3	718	717	946	
3	609	455	594	
3	795	883	882	
3	947	948	949	
3	377	311	479	
3	313	267	232	
3	129	385	14	
3	950	629	628	
3	685	606	609	
3	687	612	611	
3	951	952	829	
3	953	954	884	
3	453	447	592	
3	675	676	922	
3	859	955	834	
3	929	956	788	
3	787	760	601	
3	818	760	835	
3	661	787	601	
3	787	713	860	
3	859	834	818	
3	818	833	847	
3	859	858	955	
3	957	833	793	
3	847	833	929	
3	784	630	847	
3	859	818	835	
3	793	834	955	
3	955	958	959	
3	960	961	962	
3	787	860	835	
3	859	835	857	
3	963	964	965	
3	966	814	956	
3	846	967	836	
3	967	857	836	
3	968	858	857	
3	794	969	970	
3	699	752	513	
3	753	752	840	
3	698	513	512	
3	654	578	593	
3	480	99	559	
3	840	813	812	
3	659	698	512	
3	645	699	698	
3	356	355	456	
3	782	626	743	
3	971	807	972	
3	363	559	99	
3	734	973	620	
3	730	564	764	
3	926	596	660	
3	926	660	916	
3	865	603	763	
3	605	761	763	
3	639	974	975	
3	912	930	928	
3	877	820	876	
3	762	761	873	
3	865	763	868	
3	603	866	930	
3	771	872	868	
3	771	773	939	
3	866	933	974	
3	913	604	912	
3	872	771	939	
3	865	872	933	
3	604	603	930	
3	974	928	930	
3	396	392	395	
3	581	764	563	
3	230	232	266	
3	592	456	506	
3	974	930	866	
3	578	577	677	
3	889	364	656	
3	674	609	594	
3	685	610	678	
3	675	921	733	
3	581	677	749	
3	505	476	590	
3	656	386	464	
3	918	928	638	
3	879	976	977	
3	590	690	591	
3	612	978	657	
3	560	636	635	
3	638	885	716	
3	979	980	981	
3	297	448	527	
3	476	505	477	
3	828	755	569	
3	765	801	813	
3	680	708	982	
3	708	983	982	
3	522	524	741	
3	508	554	588	
3	883	798	704	
3	984	985	986	
3	706	953	704	
3	764	987	730	
3	912	918	715	
3	831	716	885	
3	931	988	871	
3	798	883	797	
3	800	730	729	
3	822	622	823	
3	913	989	931	
3	654	796	576	
3	527	703	526	
3	990	991	992	
3	939	641	993	
3	871	988	819	
3	797	883	795	
3	994	927	718	
3	911	660	597	
3	947	995	948	
3	758	633	678	
3	809	985	896	
3	996	882	884	
3	795	882	891	
3	637	508	524	
3	911	681	680	
3	836	860	713	
3	835	860	857	
3	997	791	663	
3	967	846	845	
3	468	625	806	
3	583	753	625	
3	374	141	266	
3	971	812	998	
3	773	945	908	
3	872	939	993	
3	643	623	822	
3	975	742	639	
3	796	703	608	
3	906	905	999	
3	403	398	450	
3	911	805	681	
3	597	522	805	
3	828	1000	756	
3	522	741	805	
3	524	523	676	
3	697	588	383	
3	508	588	741	
3	605	604	871	
3	801	765	800	
3	655	1001	897	
3	634	633	919	
3	636	727	595	
3	592	506	507	
3	850	1002	621	
3	975	1003	1004	
3	1003	975	974	
3	974	639	928	
3	623	622	822	
3	396	461	397	
3	638	928	639	
3	931	604	913	
3	1003	974	933	
3	975	1004	824	
3	933	993	1003	
3	641	939	908	
3	1004	643	822	
3	935	1005	937	
3	872	993	933	
3	641	643	993	
3	1004	1003	643	
3	993	643	1003	
3	748	764	581	
3	918	638	716	
3	983	1006	914	
3	916	910	914	
3	708	680	430	
3	680	982	910	
3	429	708	430	
3	708	751	983	
3	751	750	983	
3	983	750	1007	
3	1008	1009	992	
3	1010	1011	1012	
3	597	805	911	
3	522	597	523	
3	910	660	911	
3	890	943	746	
3	634	668	651	
3	658	673	827	
3	577	892	749	
3	800	729	905	
3	1013	574	528	
3	1014	1015	996	
3	610	758	678	
3	397	461	667	
3	728	987	1016	
3	906	980	736	
3	1017	1018	1019	
3	1020	996	1015	
3	749	892	1021	
3	884	883	704	
3	882	1020	891	
3	1022	953	706	
3	1020	882	996	
3	996	954	1023	
3	1020	1015	1024	
3	954	953	1025	
3	1026	729	728	
3	1027	1028	1015	
3	1021	987	748	
3	896	640	809	
3	1029	714	830	
3	937	1030	903	
3	1030	586	1031	
3	889	575	672	
3	946	1032	994	
3	672	574	670	
3	917	672	671	
3	1033	688	1032	
3	821	674	927	
3	1034	1035	1036	
3	1037	976	1038	
3	1039	1040	920	
3	668	734	620	
3	566	651	668	
3	607	651	231	
3	1021	748	749	
3	764	748	987	
3	906	999	981	
3	1041	1042	1043	
3	800	905	736	
3	1044	999	905	
3	728	730	987	
3	905	729	1026	
3	891	576	795	
3	1020	892	891	
3	892	1024	1021	
3	1015	1028	1024	
3	706	832	1022	
3	1022	1025	953	
3	1045	1046	754	
3	1047	855	1048	
3	1025	1049	1050	
3	1023	1025	1050	
3	706	755	832	
3	1022	855	1049	
3	856	832	754	
3	855	1022	832	
3	1051	1052	1053	
3	1054	1027	1014	
3	1027	1054	1055	
3	1027	1055	1056	
3	1057	622	621	
3	1058	811	810	
3	1059	885	896	
3	1059	985	984	
3	587	850	642	
3	850	586	1002	
3	908	587	642	
3	587	932	585	
3	980	979	1060	
3	1061	1062	1063	
3	585	932	888	
3	903	1030	1031	
3	919	669	634	
3	669	1064	734	
3	995	734	1064	
3	995	973	734	
3	999	1044	1065	
3	809	811	985	
3	1016	987	1021	
3	1066	1067	1016	
3	1020	1024	892	
3	1014	1027	1015	
3	1016	1068	1066	
3	1024	1028	1068	
3	809	640	742	
3	1059	896	985	
3	810	1069	823	
3	622	1057	1070	
3	811	986	985	
3	1059	829	831	
3	1059	831	885	
3	830	1071	1029	
3	952	830	829	
3	989	913	715	
3	714	716	831	
3	850	621	623	
3	1057	621	1002	
3	1072	1002	586	
3	1073	1074	1002	
3	948	1040	1075	
3	1075	1040	1039	
3	1044	905	1026	
3	1062	981	999	
3	1021	1068	1016	
3	1066	1028	1056	
3	1014	1050	1054	
3	1056	1028	1027	
3	1050	1076	1077	
3	1078	1079	1080	
3	1081	1055	1082	
3	1083	1055	1084	
3	1072	1073	1002	
3	829	1085	951	
3	828	783	1000	
3	950	628	1086	
3	1040	948	995	
3	995	947	1087	
3	1088	1089	1090	
3	949	1091	1092	
3	1040	995	1064	
3	948	1075	1090	
3	1064	920	1040	
3	920	919	1093	
3	1075	1039	1088	
3	1094	1095	1096	
3	669	920	1064	
3	919	827	1093	
3	1038	1088	1037	
3	1088	1097	1037	
3	1056	1098	1066	
3	1055	1081	1084	
3	981	1062	1061	
3	904	907	682	
3	1024	1068	1021	
3	1066	1068	1028	
3	1056	1083	1098	
3	1099	1026	1100	
3	1014	1023	1050	
3	1082	1055	1054	
3	1025	1022	1049	
3	1082	1054	1050	
3	1089	949	1090	
3	1101	1053	1102	
3	1103	1095	1094	
3	1104	1105	1106	
3	809	742	1069	
3	1018	986	811	
3	1107	879	977	
3	1081	1103	1108	
3	1062	999	1065	
3	981	1061	979	
3	1109	1110	1062	
3	1062	1110	1063	
3	1111	979	1061	
3	940	904	782	
3	1112	1113	1114	
3	1115	1105	1116	
3	1114	1117	1118	
3	1119	934	1120	
3	1121	1105	1122	
3	1100	1123	1099	
3	1095	1103	1081	
3	1084	1081	1108	
3	1124	1125	1126	
3	1103	1116	1121	
3	1095	1081	1082	
3	1103	1094	1127	
3	1082	1077	1095	
3	1095	1077	1096	
3	1050	1077	1082	
3	1077	1076	1096	
3	1128	1129	1130	
3	1131	1132	1127	
3	1131	1094	1096	
3	1116	1132	1115	
3	823	1070	810	
3	1133	1058	810	
3	1134	986	1018	
3	1018	1017	1134	
3	1039	1093	1097	
3	1088	1038	1089	
3	1135	1136	1137	
3	1127	1132	1116	
3	823	1069	742	
3	810	809	1069	
3	1018	811	1138	
3	986	1134	984	
3	1139	1019	1140	
3	1019	1018	1140	
3	1141	1142	1085	
3	1143	1144	1145	
3	1106	1146	1147	
3	1148	1149	1150	
3	1151	1152	1153	
3	1154	1155	1156	
3	1157	977	1097	
3	978	686	1158	
3	1159	1126	1160	
3	1136	1131	1124	
3	1125	1124	1131	
3	1131	1136	1132	
3	1161	1137	1162	
3	1163	1164	1165	
3	1166	1167	1168	
3	1115	1168	1169	
3	1125	1131	1096	
3	1135	1137	1161	
3	1076	1170	1096	
3	1049	1047	1076	
3	1171	881	1172	
3	1173	1115	1169	
3	1126	1125	1160	
3	1096	1170	1125	
3	1097	1088	1039	
3	976	1037	977	
3	1010	1174	1175	
3	881	1174	1176	
3	977	1157	1107	
3	976	1171	1165	
3	1032	671	1177	
3	1171	976	879	
3	880	1178	1179	
3	1107	1178	879	
3	1180	1181	1182	
3	1171	879	881	
3	1174	881	880	
3	1163	1165	1172	
3	1103	1127	1116	
3	1131	1127	1094	
3	1147	1104	1106	
3	1121	1122	1183	
3	1175	692	694	
3	1184	1185	1186	
3	1169	1168	1167	
3	1106	1105	1115	
3	1176	1187	1172	
3	1130	1129	1188	
3	692	1175	1174	
3	1174	1010	1176	
3	1189	670	1013	
3	1190	1191	1186	
3	1192	1193	1194	
3	1195	1196	1197	
3	692	1174	880	
3	1012	1011	1198	
3	880	879	1178	
3	692	1179	693	
3	1199	1200	1158	
3	1177	1033	1032	
3	1201	1158	686	
3	1202	1203	1177	
3	1184	1204	1205	
3	1206	1205	1207	
3	1208	1180	1209	
3	1173	1169	1209	
3	1146	1209	1210	
3	1110	1109	1118	
3	1176	1172	881	
3	1172	1187	1163	
3	1211	1212	1130	
3	1163	1213	1164	
3	1168	1115	1132	
3	1208	1209	1169	
3	1132	1136	1168	
3	1166	1168	1136	
3	1214	1215	1166	
3	1147	1216	1104	
3	1136	1135	1166	
3	1166	1135	1214	
3	1208	1169	1167	
3	1209	1180	1217	
3	1137	1136	1124	
3	1214	1135	1161	
3	1124	1126	1137	
3	1162	1137	1126	
3	1130	1212	1161	
3	1218	1219	1220	
3	1162	1126	1159	
3	1221	1222	1129	
3	1167	1166	1215	
3	1215	1181	1167	
3	1214	1161	1212	
3	1208	1181	1180	
3	1215	1197	1196	
3	1223	1224	1225	
3	1226	1180	1182	
3	1227	1228	1229	
3	1106	1115	1173	
3	1105	1104	1122	
3	1146	1173	1209	
3	1146	1106	1173	
3	1146	1230	1147	
3	1122	1231	1183	
3	1232	1233	1234	
3	1230	1146	1210	
3	1235	1236	1237	
3	1233	1238	1239	
3	1109	1114	1118	
3	1240	1241	1242	
3	1051	1160	1048	
3	1160	1051	1159	
3	1243	1244	1245	
3	1246	1197	1212	
3	1197	1215	1214	
3	1215	1196	1181	
3	856	1046	1052	
3	1051	856	1052	
3	1130	1161	1162	
3	1212	1211	1246	
3	1128	1159	1101	
3	1247	1248	1222	
3	1246	1249	1250	
3	1226	1182	1251	
3	1252	1253	1045	
3	1130	1162	1128	
3	1053	1254	1255	
3	1102	1222	1221	
3	1046	856	754	
3	1053	1052	1253	
3	1045	754	756	
3	1253	1052	1046	
3	1253	1252	1254	
3	1221	1101	1102	
3	1159	1128	1162	
3	1129	1128	1221	
3	1222	1102	1255	
3	1248	1129	1222	
3	1252	1045	756	
3	1253	1046	1045	
3	1252	756	1256	
3	1253	1254	1053	
3	1252	1257	1092	
3	1252	1091	1254	
3	1089	1258	949	
3	1259	1089	1213	
3	1091	1260	1254	
3	1091	949	1258	
3	1089	1038	1164	
3	1091	1258	1260	
3	1261	1262	1263	
3	1260	1255	1254	
3	1259	1258	1089	
3	1248	1247	1264	
3	1265	1266	1267	
3	844	837	533	
3	429	275	414	
3	430	193	275	
3	644	458	570	
3	708	483	751	
3	343	346	344	
3	413	346	331	
3	483	644	751	
3	707	644	570	
3	520	778	707	
3	1268	779	804	
3	779	1268	1008	
3	1007	1269	1006	
3	1269	780	1008	
3	1007	780	1269	
3	804	779	757	
3	1008	780	779	
3	803	757	744	
3	804	816	1268	
3	802	803	744	
3	803	802	786	
3	786	961	816	
3	960	1009	816	
3	744	624	802	
3	632	802	624	
3	785	777	709	
3	961	960	816	
3	589	632	624	
3	679	632	530	
3	960	1270	1009	
3	1271	1272	1273	
3	983	1007	1006	
3	750	780	1007	
3	960	962	1274	
3	1008	992	1269	
3	709	815	785	
3	961	1275	962	
3	785	1275	786	
3	785	1276	1275	
3	893	1274	962	
3	1277	1278	1279	
3	1280	1276	966	
3	1281	1282	966	
3	961	786	1275	
3	893	962	1280	
3	785	815	1276	
3	1280	962	1275	
3	966	1282	1283	
3	895	1284	1285	
3	966	1276	814	
3	1280	1275	1276	
3	833	957	929	
3	1281	1286	1282	
3	759	815	709	
3	1276	815	814	
3	806	625	807	
3	1287	1288	1289	
3	1290	1291	997	
3	838	791	997	
3	663	662	1292	
3	1293	845	1291	
3	1290	997	663	
3	838	997	1291	
3	1292	647	649	
3	1294	1293	1291	
3	845	838	1291	
3	838	846	789	
3	1290	1294	1291	
3	1295	1293	1296	
3	1297	1298	958	
3	1299	1295	1296	
3	1292	649	1290	
3	649	1300	1294	
3	1294	1300	1293	
3	1294	1290	649	
3	648	647	1301	
3	1302	1303	1304	
3	1290	663	1292	
3	649	648	1305	
3	662	1306	1292	
3	1307	647	1306	
3	1306	837	843	
3	1308	1309	1310	
3	837	1306	662	
3	1307	1306	843	
3	695	837	662	
3	533	539	844	
3	1311	1312	843	
3	1313	1308	1314	
3	664	695	662	
3	695	613	517	
3	539	618	844	
3	844	618	1311	
3	550	618	539	
3	1311	618	696	
3	550	616	615	
3	617	616	1315	
3	1309	1312	617	
3	696	615	617	
3	1316	1301	1307	
3	1309	1315	1310	
3	1317	843	1312	
3	1314	1308	1318	
3	1315	1309	617	
3	1309	1319	1312	
3	731	691	900	
3	767	732	851	
3	900	863	731	
3	863	851	731	
3	863	888	945	
3	773	854	864	
3	773	864	945	
3	863	945	864	
3	759	788	814	
3	847	788	784	
3	792	1286	957	
3	956	1281	966	
3	1320	1286	792	
3	1321	1322	963	
3	929	957	1281	
3	1286	1281	957	
3	792	957	793	
3	1323	1282	1320	
3	793	959	794	
3	1298	1324	958	
3	894	1322	1325	
3	1283	942	1280	
3	1320	1282	1286	
3	1283	1282	1326	
3	1327	1328	1300	
3	1329	1330	1323	
3	942	1283	1326	
3	1280	966	1283	
3	1322	894	942	
3	1280	942	893	
3	959	793	955	
3	970	1331	794	
3	1320	1331	1332	
3	1322	1321	1325	
3	958	955	858	
3	969	794	959	
3	1333	1334	1335	
3	1322	1323	1330	
3	1322	942	1326	
3	895	894	1325	
3	858	1336	1297	
3	958	858	1297	
3	1323	1326	1282	
3	1322	1326	1323	
3	965	1337	1321	
3	1272	1271	1338	
3	1332	1329	1320	
3	1320	1329	1323	
3	1339	1340	1341	
3	1342	1185	1343	
3	969	1344	1341	
3	963	1330	964	
3	1345	1334	1346	
3	959	958	1324	
3	858	968	1336	
3	1346	1298	1297	
3	967	845	1295	
3	1347	1297	1336	
3	1333	1298	1346	
3	1334	1333	1346	
3	1346	1297	1347	
3	1324	1298	1333	
3	1336	1299	1347	
3	1346	1347	1345	
3	1348	648	1301	
3	1344	969	1324	
3	1349	1350	1351	
3	1340	1352	1329	
3	1344	1324	1333	
3	959	1324	969	
3	1339	1353	1354	
3	1341	1340	970	
3	1355	1356	1357	
3	1352	1340	1339	
3	1353	1356	1355	
3	1358	1359	1360	
3	1356	1353	1339	
3	1339	1354	1352	
3	1361	1362	1363	
3	1359	1354	1360	
3	1359	1352	1354	
3	1329	1352	964	
3	1356	1339	1341	
3	1355	1361	1364	
3	1353	1355	1364	
3	1365	1358	1366	
3	1359	964	1352	
3	965	964	1365	
3	1341	1344	1356	
3	1357	1356	1344	
3	1335	1344	1333	
3	1367	1368	1362	
3	1362	1355	1357	
3	1369	1370	1371	
3	1354	1364	1360	
3	964	1359	1365	
3	1365	1359	1358	
3	1372	1373	1374	
3	1363	1375	1361	
3	1376	1360	1375	
3	1357	1367	1362	
3	1377	1376	1378	
3	1379	1380	1381	
3	1382	1358	1376	
3	1357	1335	1367	
3	1362	1368	1363	
3	1345	1383	1384	
3	1385	1347	1386	
3	1363	1368	1350	
3	1378	1376	1375	
3	1378	1375	1363	
3	1376	1387	1382	
3	1363	1350	1388	
3	1389	1377	1378	
3	1390	1391	1392	
3	1393	1394	1395	
3	1361	1375	1364	
3	1362	1361	1355	
3	1360	1364	1375	
3	1354	1353	1364	
3	1368	1367	1396	
3	1397	1398	1399	
3	1351	1350	1368	
3	1349	1389	1388	
3	1303	1400	1401	
3	1402	1403	1396	
3	873	761	877	
3	820	877	761	
3	857	967	968	
3	1336	968	967	
3	468	806	427	
3	556	468	469	
3	294	556	469	
3	583	556	293	
3	727	1001	444	
3	1404	1001	562	
3	510	528	466	
3	1013	528	925	
3	1405	1013	925	
3	1013	1405	1189	
3	1034	1406	1407	
3	1189	1408	1202	
3	670	1202	671	
3	574	1013	670	
3	1405	1409	1408	
3	1202	670	1189	
3	1177	671	1202	
3	917	671	1032	
3	1202	1408	1203	
3	994	688	687	
3	1410	1411	1191	
3	1190	1412	1191	
3	1177	1413	1033	
3	1201	693	1199	
3	1414	1406	1034	
3	1413	1415	1033	
3	1405	1408	1189	
3	1203	1408	1412	
3	1413	1177	1203	
3	688	1033	1416	
3	1413	1203	1036	
3	1034	693	1417	
3	686	688	1416	
3	1032	688	994	
3	1201	686	1416	
3	687	686	978	
3	1415	1417	1201	
3	1201	1199	1158	
3	612	687	978	
3	687	821	927	
3	1036	1203	1190	
3	1036	1190	1414	
3	1199	1178	1200	
3	657	978	1158	
3	1190	1203	1412	
3	1034	1036	1414	
3	1107	657	1200	
3	657	1158	1200	
3	1409	1410	1412	
3	1418	1411	1410	
3	1414	1419	1406	
3	693	1201	1417	
3	1420	1421	1422	
3	1190	1186	1342	
3	1412	1408	1409	
3	1186	1191	1184	
3	1404	1423	897	
3	720	1424	1425	
3	1204	1426	1427	
3	1205	1185	1184	
3	1412	1410	1191	
3	1410	1428	1429	
3	921	1430	721	
3	1431	1432	1418	
3	1184	1191	1411	
3	1342	1186	1185	
3	720	719	1433	
3	1184	1426	1204	
3	1419	1342	1343	
3	1190	1342	1414	
3	1434	1435	1436	
3	1414	1342	1419	
3	1343	1205	1206	
3	1437	1438	1439	
3	1435	1434	1440	
3	1436	1441	1442	
3	1443	1444	1419	
3	693	1407	694	
3	1206	1445	1446	
3	1447	694	1407	
3	1419	1444	1406	
3	1406	1444	1447	
3	1444	1198	1447	
3	1011	1447	1198	
3	698	565	645	
3	558	565	659	
3	606	353	183	
3	231	353	607	
3	636	595	555	
3	1001	727	562	
3	1404	562	561	
3	1001	1404	897	
3	1404	561	1425	
3	898	897	1423	
3	655	553	579	
3	444	1001	655	
3	1423	1404	1425	
3	510	553	899	
3	561	720	1425	
3	1429	1448	1431	
3	720	561	733	
3	1425	1424	1423	
3	921	721	733	
3	720	733	721	
3	1449	1423	1424	
3	799	925	528	
3	747	1430	921	
3	721	1430	1450	
3	1433	1451	1424	
3	1448	1452	1453	
3	1453	1423	1449	
3	1452	924	1453	
3	747	746	1421	
3	1454	1421	1455	
3	1450	1456	1457	
3	1451	1448	1449	
3	1451	1449	1424	
3	1453	1449	1448	
3	1431	1458	1432	
3	1458	1459	1432	
3	1429	1452	1448	
3	1453	1460	898	
3	1409	1452	1428	
3	924	1452	1405	
3	1453	898	1423	
3	899	898	1460	
3	924	799	1460	
3	897	899	553	
3	921	745	747	
3	1450	1430	1456	
3	1455	1421	746	
3	1430	747	1420	
3	1457	1461	1450	
3	1450	1462	719	
3	1450	719	721	
3	1433	719	1462	
3	1433	1462	1458	
3	720	1433	1424	
3	1429	1431	1418	
3	1448	1451	1431	
3	925	924	1405	
3	1453	924	1460	
3	921	923	745	
3	745	923	890	
3	1463	1380	1464	
3	1434	1418	1432	
3	1422	1456	1420	
3	1465	1391	1390	
3	1450	1461	1462	
3	1436	1466	1434	
3	1410	1429	1418	
3	1429	1428	1452	
3	1455	746	943	
3	1421	1454	1422	
3	1467	1461	1468	
3	1458	1469	1459	
3	1458	1431	1451	
3	1434	1432	1459	
3	1433	1458	1451	
3	1469	1458	1462	
3	1467	1459	1469	
3	1434	1459	1440	
3	1462	1461	1469	
3	1467	1469	1461	
3	1467	1468	1465	
3	1459	1467	1440	
3	1440	1467	1465	
3	1435	1440	1390	
3	1470	1457	1471	
3	1436	1427	1466	
3	1435	1390	1472	
3	1473	1472	1474	
3	1390	1440	1465	
3	1435	1472	1436	
3	1465	1468	1475	
3	1391	1465	1475	
3	1473	1436	1472	
3	1473	1441	1436	
3	1474	1392	1476	
3	1472	1390	1392	
3	1473	1474	1477	
3	1439	1438	1441	
3	1478	1279	1271	
3	1273	1455	943	
3	1422	1395	1479	
3	1471	1457	1456	
3	1471	1456	1422	
3	1468	1461	1457	
3	1395	1422	1454	
3	1470	1475	1468	
3	1454	1455	1480	
3	1481	1482	1475	
3	1476	1392	1483	
3	1484	1477	1474	
3	1468	1457	1470	
3	1475	1470	1481	
3	1485	1486	1487	
3	1480	1273	1488	
3	1430	1420	1456	
3	1421	1420	747	
3	1393	1395	1454	
3	1394	1489	1479	
3	1393	1454	1480	
3	1490	1483	1491	
3	1477	1484	1437	
3	1204	1442	1205	
3	1474	1472	1392	
3	1473	1477	1439	
3	1492	1476	1483	
3	1476	1463	1474	
3	1479	1395	1394	
3	1481	1470	1489	
3	1493	1494	1495	
3	1490	1492	1483	
3	1478	1271	1273	
3	1273	1272	1488	
3	915	1496	916	
3	1497	1498	1277	
3	1499	1272	1500	
3	1374	1373	1393	
3	1478	1273	943	
3	1271	1279	1278	
3	943	926	1478	
3	1496	926	916	
3	1501	1284	1502	
3	1503	1487	1504	
3	1279	1478	1496	
3	926	1496	1478	
3	1505	1006	1269	
3	1279	1496	915	
3	1380	1379	1464	
3	1484	1474	1463	
3	1273	1480	1455	
3	1393	1480	1488	
3	1483	1392	1391	
3	1380	1463	1476	
3	1391	1475	1482	
3	1483	1391	1491	
3	1490	1506	1492	
3	1218	1507	1508	
3	1493	1495	1481	
3	1509	1491	1495	
3	1380	1476	1492	
3	1463	1464	1484	
3	1510	1490	1511	
3	1506	1490	1510	
3	1509	1490	1491	
3	1381	1492	1506	
3	1512	1513	1484	
3	1205	1442	1207	
3	1510	1511	1514	
3	1515	1516	1517	
3	1516	1510	1517	
3	1437	1219	1218	
3	1518	1504	1487	
3	1519	1520	1521	
3	1513	1522	1219	
3	1523	1194	1524	
3	1490	1509	1511	
3	1506	1516	1381	
3	1372	1525	1494	
3	1516	1506	1510	
3	1526	1527	1511	
3	1528	1520	1529	
3	1530	1520	1528	
3	1510	1514	1517	
3	1531	1515	1517	
3	1522	1513	1512	
3	1495	1491	1481	
3	1511	1509	1526	
3	1481	1489	1493	
3	1526	1509	1495	
3	1393	1373	1394	
3	1495	1494	1526	
3	1493	1373	1494	
3	1504	1488	1503	
3	1513	1219	1437	
3	1437	1218	1438	
3	1516	1515	1379	
3	1198	1193	1192	
3	1438	1218	1508	
3	1441	1438	1207	
3	1513	1437	1484	
3	1220	1219	1522	
3	1464	1512	1484	
3	1379	1532	1533	
3	1534	1535	1536	
3	1537	1538	1539	
3	1379	1540	1532	
3	1541	1542	1543	
3	1517	1521	1531	
3	1532	1544	1533	
3	1394	1373	1493	
3	1393	1504	1374	
3	1487	1486	1518	
3	1494	1373	1372	
3	1504	1393	1488	
3	1374	1518	1372	
3	1488	1499	1503	
3	1518	1374	1504	
3	1545	1546	1486	
3	1547	1548	1549	
3	1550	1500	1338	
3	1551	1552	1553	
3	1499	1488	1272	
3	1503	1551	1487	
3	1500	1272	1338	
3	1551	1503	1499	
3	1553	1552	1554	
3	1551	1553	1555	
3	1556	1557	1550	
3	1499	1500	1552	
3	1558	1559	1560	
3	1554	1552	1550	
3	1556	1550	1338	
3	1550	1557	1554	
3	1498	991	1556	
3	1284	895	1502	
3	1325	1321	1561	
3	1562	1563	1564	
3	1473	1439	1441	
3	1437	1439	1477	
3	1565	1566	1567	
3	1444	1443	1524	
3	1568	1438	1508	
3	1446	1343	1206	
3	1521	1517	1514	
3	1569	1570	1571	
3	1572	1547	1573	
3	1540	1571	1570	
3	1574	1575	1560	
3	1576	1519	1577	
3	1563	1558	1560	
3	1578	1486	1562	
3	1507	1218	1220	
3	1508	1579	1568	
3	1568	1207	1438	
3	1206	1568	1445	
3	1580	1531	1520	
3	1515	1531	1571	
3	1555	1581	1485	
3	1486	1578	1545	
3	1507	1220	1566	
3	1508	1507	1565	
3	1445	1579	1523	
3	1206	1207	1568	
3	1577	1519	1521	
3	1520	1531	1521	
3	1582	1583	1584	
3	1585	1586	1587	
3	1577	1521	1514	
3	1588	1589	1529	
3	1514	1511	1527	
3	1514	1572	1573	
3	1573	1576	1577	
3	1590	1591	1592	
3	1593	1572	1527	
3	1518	1546	1372	
3	1578	1562	1564	
3	1594	1595	1576	
3	1596	1597	1598	
3	1566	1599	1243	
3	1580	1571	1531	
3	1569	1571	1600	
3	1563	1581	1558	
3	1562	1581	1563	
3	1549	1601	1602	
3	1547	1593	1548	
3	1603	1541	1543	
3	1604	1262	1261	
3	1605	1565	1567	
3	1446	1524	1443	
3	1606	1607	1608	
3	1580	1607	1600	
3	1609	1610	1611	
3	1612	1613	1614	
3	1615	1616	1617	
3	1603	1599	1541	
3	1618	1365	1366	
3	1549	1602	1619	
3	1541	1599	1566	
3	1566	1243	1567	
3	1579	1445	1568	
3	1446	1445	1523	
3	1446	1523	1524	
3	1446	1443	1343	
3	1620	1621	1194	
3	1444	1524	1193	
3	1581	1553	1558	
3	1560	1622	1563	
3	1557	1623	1554	
3	1558	1554	1623	
3	1624	1625	1626	
3	1627	1628	1629	
3	1630	1616	1603	
3	1243	1599	1631	
3	1244	1243	1631	
3	1523	1620	1194	
3	1541	1566	1220	
3	1616	1631	1599	
3	1522	1542	1220	
3	1541	1220	1542	
3	1631	1616	1632	
3	1633	1634	1635	
3	1544	1534	1522	
3	1636	1542	1534	
3	1616	1599	1603	
3	1244	1631	1632	
3	1522	1534	1542	
3	1637	1638	1630	
3	1543	1630	1603	
3	1639	1636	1536	
3	1640	1587	1641	
3	1616	1615	1632	
3	1617	1641	1642	
3	1226	1251	1643	
3	1644	1645	1646	
3	1248	1647	1188	
3	1243	1245	1567	
3	1648	1649	1262	
3	1535	1544	1532	
3	1534	1544	1535	
3	1620	1523	1579	
3	1194	1621	1192	
3	1605	1579	1565	
3	1605	1650	1621	
3	1604	1187	1651	
3	1198	1192	1652	
3	1569	1653	1570	
3	1653	1535	1570	
3	1654	1590	1655	
3	1637	1630	1543	
3	506	944	628	
3	944	620	1086	
3	506	377	619	
3	1086	620	973	
3	566	619	479	
3	620	944	619	
3	1086	973	950	
3	628	944	1086	
3	973	1087	950	
3	950	1656	1000	
3	1087	1656	950	
3	1656	1087	1257	
3	568	783	828	
3	629	950	783	
3	950	1000	783	
3	1256	1000	1656	
3	386	656	385	
3	575	656	464	
3	672	575	574	
3	656	575	889	
3	813	840	646	
3	735	813	801	
3	636	560	562	
3	635	561	560	
3	727	636	562	
3	636	555	637	
3	914	910	982	
3	660	910	916	
3	983	914	982	
3	915	914	1006	
3	975	824	742	
3	822	824	1004	
3	658	827	758	
3	827	673	1093	
3	1097	1093	673	
3	1039	920	1093	
3	953	884	704	
3	996	884	954	
3	1005	1030	937	
3	586	1030	1072	
3	586	585	1031	
3	903	1031	585	
3	1657	1658	1005	
3	1230	1659	1660	
3	1005	1072	1030	
3	1072	1005	1661	
3	937	902	935	
3	1005	1658	1661	
3	1662	1663	1664	
3	1663	1665	1664	
3	936	1666	1120	
3	1667	1668	1669	
3	1658	1073	1661	
3	1073	1072	1661	
3	718	927	667	
3	687	927	994	
3	461	718	667	
3	717	917	946	
3	1032	946	917	
3	994	718	946	
3	736	735	801	
3	998	735	737	
3	996	1023	1014	
3	954	1025	1023	
3	945	888	932	
3	886	888	863	
3	722	887	886	
3	903	585	887	
3	831	830	714	
3	989	715	909	
3	1029	909	714	
3	1085	1142	951	
3	1071	952	1670	
3	984	1134	1671	
3	952	951	1672	
3	829	1059	1085	
3	1144	1672	1145	
3	1059	984	1085	
3	1085	984	1141	
3	1142	1672	951	
3	1143	1145	1149	
3	1672	1670	952	
3	1671	1134	1673	
3	1143	1149	1674	
3	1670	1672	1144	
3	1672	1142	1145	
3	1149	1145	1150	
3	1154	1150	1675	
3	1150	1154	1148	
3	1150	1145	1142	
3	1148	1676	1674	
3	1141	1675	1142	
3	1150	1142	1675	
3	1671	1152	1677	
3	1148	1674	1149	
3	1141	1677	1675	
3	1675	1677	1155	
3	1151	1678	1155	
3	1679	1153	1673	
3	1675	1155	1154	
3	1671	1677	1141	
3	1677	1152	1155	
3	984	1671	1141	
3	1134	1017	1673	
3	1153	1228	1151	
3	1678	1156	1155	
3	1679	1673	1017	
3	1152	1671	1673	
3	1680	1017	1019	
3	1681	1682	1679	
3	1679	1017	1680	
3	1153	1679	1682	
3	1662	1139	1140	
3	1114	1683	1117	
3	1153	1682	1228	
3	1673	1153	1152	
3	1684	1681	1685	
3	1154	1686	1148	
3	1228	1227	1678	
3	1155	1152	1151	
3	1687	1688	1686	
3	1689	1674	1676	
3	1156	1690	1687	
3	1154	1156	1686	
3	1228	1678	1151	
3	1156	1678	1690	
3	1687	1690	1691	
3	1692	1693	1694	
3	1687	1686	1156	
3	1693	1695	1696	
3	1692	1697	1698	
3	1692	1695	1693	
3	1697	1699	1700	
3	1681	1701	1682	
3	1148	1686	1676	
3	1702	1703	1685	
3	1688	1687	1704	
3	1676	1696	1689	
3	1698	1705	1695	
3	1676	1686	1688	
3	1687	1691	1704	
3	1688	1693	1696	
3	1692	1698	1695	
3	1688	1704	1694	
3	1696	1695	1705	
3	1688	1694	1693	
3	1689	1696	1705	
3	1688	1696	1676	
3	1706	1707	1708	
3	1697	1709	1699	
3	1697	1692	1709	
3	1709	1692	1706	
3	1708	1709	1706	
3	1707	1704	1710	
3	1701	1711	1682	
3	1708	1712	1713	
3	1714	1715	1716	
3	1706	1694	1707	
3	1709	1713	1699	
3	1714	1717	1715	
3	1712	1708	1707	
3	1712	1718	1719	
3	1700	1699	1720	
3	1047	1049	855	
3	952	1071	830	
3	1050	1049	1076	
3	1048	855	856	
3	1170	1160	1125	
3	1051	1048	856	
3	1160	1047	1048	
3	1076	1047	1170	
3	1160	1170	1047	
3	736	980	737	
3	981	980	906	
3	1721	1111	1061	
3	1722	1723	1724	
3	1113	1112	1725	
3	1726	1727	1147	
3	1109	1062	1065	
3	1728	1110	1118	
3	1112	1109	1065	
3	1109	1112	1114	
3	1065	1044	1112	
3	1725	1112	1044	
3	1729	1683	1730	
3	1114	1113	1683	
3	1099	1044	1026	
3	1078	1242	1731	
3	1730	1732	1733	
3	1734	1728	1735	
3	1736	1737	1738	
3	1662	1664	1739	
3	1731	1730	1683	
3	1117	1683	1729	
3	1242	1730	1731	
3	1740	1242	1078	
3	1731	1683	1113	
3	1732	1730	1242	
3	1725	1079	1113	
3	1731	1113	1079	
3	1741	1742	1743	
3	1744	1745	1746	
3	1044	1099	1725	
3	1731	1079	1078	
3	1231	1747	1183	
3	1079	1725	1080	
3	1231	1740	1080	
3	1740	1240	1242	
3	1747	1231	1080	
3	1748	1216	1240	
3	1240	1740	1749	
3	1727	1216	1147	
3	1747	1098	1084	
3	1725	1099	1750	
3	622	1070	823	
3	1140	1138	1663	
3	1140	1018	1138	
3	1680	1019	1139	
3	1663	1138	1058	
3	1751	1664	1665	
3	1057	1002	1074	
3	1140	1663	1662	
3	1752	1753	1658	
3	1139	1662	1754	
3	1230	1726	1147	
3	1139	1754	1685	
3	1754	1739	1702	
3	1755	1756	1757	
3	1663	1133	1665	
3	1664	1751	1739	
3	1070	1057	1665	
3	1057	1074	1758	
3	1759	1665	1758	
3	1742	1703	1760	
3	1739	1754	1662	
3	1685	1754	1702	
3	1685	1703	1684	
3	1685	1681	1680	
3	1761	1739	1762	
3	1763	1764	1234	
3	1684	1765	1766	
3	1681	1684	1701	
3	1703	1702	1761	
3	1765	1684	1703	
3	1751	1759	1767	
3	1768	1769	1770	
3	1771	1764	1772	
3	1741	1773	1772	
3	1766	1701	1684	
3	1682	1711	1228	
3	1774	1775	1776	
3	1766	1233	1239	
3	1659	1230	1210	
3	1777	1778	1779	
3	1780	1763	1765	
3	1781	1782	1783	
3	1742	1765	1703	
3	1763	1234	1233	
3	1719	1718	1775	
3	1784	1785	1786	
3	1237	1743	1760	
3	1787	1236	1235	
3	1780	1741	1764	
3	1237	1236	1743	
3	1762	1237	1760	
3	1788	1210	1217	
3	1701	1239	1711	
3	1711	1239	1238	
3	1727	1726	1777	
3	1764	1741	1772	
3	1723	1789	1790	
3	1791	1792	1793	
3	1766	1239	1701	
3	1794	1795	1796	
3	1797	1798	1757	
3	1238	1799	1229	
3	1799	1717	1229	
3	1228	1711	1238	
3	1800	1772	1801	
3	1227	1802	1691	
3	1803	1804	1745	
3	1805	1806	1807	
3	1806	1805	1769	
3	1808	1240	1216	
3	1780	1765	1742	
3	1799	1770	1717	
3	1744	1746	1809	
3	1781	1810	1782	
3	1811	1726	1660	
3	1812	1813	1814	
3	1815	1757	1798	
3	1236	1787	1810	
3	1810	1743	1236	
3	1232	1816	1815	
3	1760	1761	1762	
3	1817	1818	1819	
3	1820	1751	1767	
3	1237	1762	1821	
3	1822	1820	1767	
3	1809	1798	1797	
3	1801	1773	1823	
3	1824	1800	1801	
3	1782	1810	1787	
3	1825	1809	1797	
3	1826	1827	1828	
3	1234	1771	1232	
3	1829	1712	1707	
3	1830	1770	1799	
3	1660	1831	1811	
3	1764	1763	1780	
3	1798	1830	1815	
3	1773	1741	1810	
3	1763	1233	1766	
3	1778	1811	1832	
3	1764	1771	1234	
3	1833	1823	1834	
3	1827	1835	1831	
3	1832	1811	1831	
3	1766	1765	1763	
3	1727	1808	1216	
3	1741	1780	1742	
3	1242	1241	1732	
3	1240	1749	1748	
3	1796	1836	1837	
3	1799	1233	1232	
3	1828	1827	1831	
3	1834	1838	1839	
3	1787	1796	1782	
3	1235	1794	1796	
3	1778	1840	1779	
3	1232	1771	1816	
3	1841	1815	1816	
3	1810	1781	1773	
3	1746	1768	1809	
3	1842	1843	1794	
3	1832	1840	1778	
3	1768	1746	1806	
3	1707	1710	1844	
3	1233	1799	1238	
3	1770	1769	1715	
3	1845	1718	1829	
3	1777	1726	1778	
3	1717	1714	1229	
3	1805	1715	1769	
3	1846	1804	1807	
3	1802	1716	1710	
3	1227	1229	1714	
3	1228	1238	1229	
3	1743	1742	1760	
3	1710	1716	1844	
3	1824	1816	1800	
3	1838	1847	1783	
3	1802	1227	1714	
3	1227	1690	1678	
3	1770	1715	1717	
3	1707	1844	1829	
3	1848	1829	1844	
3	1805	1716	1715	
3	1844	1716	1805	
3	1235	1237	1842	
3	1810	1741	1743	
3	1773	1801	1772	
3	1800	1771	1772	
3	1718	1712	1829	
3	1691	1802	1710	
3	1849	1719	1850	
3	1773	1781	1823	
3	1845	1807	1776	
3	1845	1829	1848	
3	1846	1806	1746	
3	1851	1852	1853	
3	1848	1844	1805	
3	1691	1710	1704	
3	1768	1806	1769	
3	1757	1815	1841	
3	1712	1719	1713	
3	1800	1816	1771	
3	1775	1718	1845	
3	1716	1802	1714	
3	1801	1823	1833	
3	1659	1788	1826	
3	1726	1811	1778	
3	1850	1775	1774	
3	1846	1807	1806	
3	1227	1691	1690	
3	1807	1848	1805	
3	1660	1726	1230	
3	1828	1659	1826	
3	1841	1755	1757	
3	1210	1209	1217	
3	1831	1660	1828	
3	1783	1782	1837	
3	1659	1828	1660	
3	1854	1826	1788	
3	1840	1832	1855	
3	1856	1196	1195	
3	1857	1858	1859	
3	1235	1796	1787	
3	1796	1795	1836	
3	1860	1861	1862	
3	1835	1863	1855	
3	1835	1832	1831	
3	1853	1734	1851	
3	1854	1864	1826	
3	1858	1863	1835	
3	1865	1837	1866	
3	1835	1827	1858	
3	1867	1868	1869	
3	1840	1870	1871	
3	1858	1827	1872	
3	1863	1858	1857	
3	1827	1826	1864	
3	1873	1874	1875	
3	1210	1788	1659	
3	1788	1876	1877	
3	1217	1226	1876	
3	1878	1879	1880	
3	1796	1837	1782	
3	1866	1837	1836	
3	1881	1882	1883	
3	1884	1833	1834	
3	1832	1835	1855	
3	1871	1885	1779	
3	1886	1887	1888	
3	1819	1889	1737	
3	1871	1890	1891	
3	1892	1732	1241	
3	1871	1779	1840	
3	1777	1885	1808	
3	1885	1777	1779	
3	1808	1727	1777	
3	1157	1097	673	
3	1037	1097	977	
3	673	657	1157	
3	1107	1157	657	
3	948	1090	949	
3	1088	1090	1075	
3	1200	1178	1107	
3	1178	1199	1179	
3	1179	692	880	
3	1199	693	1179	
3	976	1165	1038	
3	1172	1165	1171	
3	1167	1181	1208	
3	1196	1182	1181	
3	1103	1121	1108	
3	1105	1121	1116	
3	1893	1195	1250	
3	1894	1893	1250	
3	1212	1197	1214	
3	1195	1197	1246	
3	1250	1195	1246	
3	1893	1856	1195	
3	1249	1211	1895	
3	1896	1897	1898	
3	1899	1900	1898	
3	1901	1902	1903	
3	1904	1905	1906	
3	1907	1908	1909	
3	1260	1910	1255	
3	1222	1255	1910	
3	1260	1258	1259	
3	1910	1260	1911	
3	1261	1263	1213	
3	1647	1895	1188	
3	1263	1911	1213	
3	1247	1910	1912	
3	1213	1911	1259	
3	1260	1259	1911	
3	1187	1176	1651	
3	1913	1648	1604	
3	1247	1222	1910	
3	1264	1897	1248	
3	1911	1912	1910	
3	1263	1262	1912	
3	1262	1649	1914	
3	1895	1647	1915	
3	1648	1262	1604	
3	1264	1247	1914	
3	1261	1213	1163	
3	1912	1262	1914	
3	1163	1187	1261	
3	1604	1261	1187	
3	1176	1916	1917	
3	1899	1898	1897	
3	1247	1912	1914	
3	1911	1263	1912	
3	1918	1919	1920	
3	1538	1921	1922	
3	1648	1913	1922	
3	1896	1915	1647	
3	1913	1604	1651	
3	1648	1923	1649	
3	1651	1917	1538	
3	1913	1651	1538	
3	1923	1900	1649	
3	1914	1649	1899	
3	1924	1919	1650	
3	1923	1925	1900	
3	1922	1923	1648	
3	1926	1927	1928	
3	1651	1176	1917	
3	1538	1537	1921	
3	1916	1012	1652	
3	1652	1192	1929	
3	1919	1621	1650	
3	1930	1900	1925	
3	1923	1922	1925	
3	1900	1930	1898	
3	1927	1926	1931	
3	1646	1932	1933	
3	1934	1935	1930	
3	1248	1897	1647	
3	1221	1128	1101	
3	1053	1255	1102	
3	1159	1051	1101	
3	1053	1101	1051	
3	1164	1038	1165	
3	1213	1089	1164	
3	1009	1008	1268	
3	990	1936	991	
3	1556	1338	1498	
3	992	991	1497	
3	1278	1498	1338	
3	1498	1278	1277	
3	1271	1278	1338	
3	1277	1279	915	
3	1505	915	1006	
3	1505	1497	1277	
3	788	956	814	
3	1281	956	929	
3	808	627	806	
3	940	743	839	
3	839	743	808	
3	627	808	743	
3	839	1937	1938	
3	938	936	740	
3	625	972	807	
3	753	971	972	
3	941	907	1939	
3	904	1939	907	
3	1937	839	807	
3	1940	1288	1941	
3	625	753	972	
3	971	753	812	
3	812	735	998	
3	1937	1942	1938	
3	1060	979	1943	
3	1289	1937	1944	
3	1939	940	1042	
3	1942	1288	1043	
3	971	1944	807	
3	998	1944	971	
3	907	938	739	
3	1666	938	941	
3	940	1938	1042	
3	1941	1288	1287	
3	998	1287	1289	
3	807	1944	1937	
3	1060	998	737	
3	1111	1941	1943	
3	1945	1946	1947	
3	1327	1300	1305	
3	1306	647	1292	
3	1301	647	1307	
3	1312	1319	1317	
3	1316	1265	1301	
3	1948	1949	1950	
3	1301	1265	1348	
3	1348	1951	1327	
3	649	1305	1300	
3	1952	1265	1316	
3	1267	1348	1265	
3	1946	1401	1951	
3	1293	1300	1953	
3	648	1348	1305	
3	1327	1305	1348	
3	1951	1348	1267	
3	1327	1401	1328	
3	1946	1951	1267	
3	1401	1327	1951	
3	1267	1947	1946	
3	1954	1955	1956	
3	1266	1265	1952	
3	1401	1946	1957	
3	1958	1959	1960	
3	1957	1946	1945	
3	1949	1961	1962	
3	1963	1964	1965	
3	1328	1401	1400	
3	1300	1328	1953	
3	1965	1957	1945	
3	1368	1396	1351	
3	1957	1303	1401	
3	1965	1947	1963	
3	1328	1400	1953	
3	1966	1386	1953	
3	1967	1968	1969	
3	1367	1335	1970	
3	1953	1386	1296	
3	1953	1400	1966	
3	1314	1971	1952	
3	1972	1266	1973	
3	1314	1952	1316	
3	1952	1973	1266	
3	1313	1314	1316	
3	1948	1971	1318	
3	1973	1950	1972	
3	1947	1267	1266	
3	1954	1974	1975	
3	1954	1975	1955	
3	1952	1971	1973	
3	1968	1964	1963	
3	1950	1974	1972	
3	1950	1973	1971	
3	1947	1266	1972	
3	1961	1975	1974	
3	1976	1974	1969	
3	1961	1974	1962	
3	1976	1947	1972	
3	1949	1962	1950	
3	1974	1950	1962	
3	1977	1978	1956	
3	1969	1954	1967	
3	1979	1980	1981	
3	1968	1963	1969	
3	1976	1963	1947	
3	1974	1954	1969	
3	1982	1983	1984	
3	1984	1985	1968	
3	1974	1976	1972	
3	1963	1976	1969	
3	1978	1986	1982	
3	1954	1956	1967	
3	1960	1402	1987	
3	1977	1956	1955	
3	1984	1967	1956	
3	1312	1311	696	
3	843	844	1311	
3	1312	696	617	
3	1317	1319	1313	
3	1316	1307	1317	
3	843	1317	1307	
3	1331	1320	792	
3	1340	1329	1332	
3	794	1331	792	
3	1340	1332	1331	
3	1341	970	969	
3	1340	1331	970	
3	964	1330	1329	
3	1322	1330	963	
3	1335	1334	1970	
3	1344	1335	1357	
3	1618	1627	965	
3	1988	1623	1989	
3	1385	1345	1347	
3	1990	1991	1384	
3	1366	1624	1628	
3	965	1627	1337	
3	1376	1358	1360	
3	1366	1358	1382	
3	1624	1366	1382	
3	1365	1618	965	
3	1399	1992	1397	
3	1993	1626	1625	
3	1366	1628	1618	
3	1627	1618	1628	
3	1629	1628	1626	
3	1994	1995	1629	
3	1992	1624	1397	
3	1996	1588	1595	
3	1377	1389	1997	
3	1998	1609	1999	
3	1574	1560	1559	
3	1558	1623	1988	
3	2000	2001	2002	
3	1996	2003	1588	
3	1970	2004	1367	
3	2005	1958	1990	
3	571	579	120	
3	655	579	572	
3	1415	1201	1416	
3	1035	1417	1415	
3	1426	1184	1411	
3	1442	1204	1427	
3	1411	1418	1426	
3	1466	1418	1434	
3	1427	1426	1466	
3	1418	1466	1426	
3	1034	1407	693	
3	1447	1407	1406	
3	510	899	799	
3	1460	799	899	
3	1436	1442	1427	
3	1207	1442	1441	
3	1479	1470	1471	
3	1493	1489	1394	
3	1470	1479	1489	
3	1422	1479	1471	
3	1481	1491	1482	
3	1391	1482	1491	
3	1381	1380	1492	
3	1516	1379	1381	
3	1533	1464	1379	
3	1522	1512	1544	
3	1544	1512	1533	
3	1464	1533	1512	
3	1540	1379	1515	
3	1532	1570	1535	
3	1571	1540	1515	
3	1570	1532	1540	
3	1499	1552	1551	
3	1550	1552	1500	
3	1558	1553	1554	
3	1555	1553	1581	
3	1485	1581	1562	
3	1551	1555	1487	
3	1486	1485	1562	
3	1487	1555	1485	
3	1419	1343	1443	
3	1205	1343	1185	
3	1593	1527	1526	
3	1514	1527	1572	
3	1525	1526	1494	
3	2006	1372	1546	
3	2006	1548	1593	
3	1578	1584	1545	
3	1486	1546	1518	
3	2006	1546	1545	
3	1548	2006	1545	
3	1525	2006	1593	
3	1529	1520	1519	
3	2007	1589	1588	
3	1519	1576	1529	
3	1588	1529	1576	
3	1588	1576	1595	
3	1595	1594	1619	
3	2003	2007	1588	
3	2008	2009	2007	
3	2010	2011	2012	
3	2013	2014	2015	
3	2016	2017	1591	
3	1610	2018	2019	
3	1625	2020	1993	
3	2021	2022	2023	
3	2024	2025	2026	
3	2027	1903	1902	
3	1612	1614	2028	
3	2011	2029	2030	
3	1996	1619	2028	
3	2022	2031	2032	
3	1549	1594	1547	
3	1619	1594	1549	
3	1601	1548	1545	
3	1601	1549	1548	
3	2033	1582	1564	
3	1602	2028	1619	
3	2033	1564	1575	
3	1622	1575	1564	
3	1580	1600	1571	
3	1606	1600	1607	
3	1501	1502	1989	
3	1623	1557	1989	
3	1337	2034	2035	
3	2036	1988	1989	
3	2034	2036	2035	
3	1558	1988	1559	
3	1995	1337	1627	
3	1574	1559	2037	
3	2037	1988	2036	
3	1559	1988	2037	
3	1994	2034	1995	
3	2037	2034	1994	
3	1993	2031	1629	
3	1994	2038	2037	
3	2038	1629	2039	
3	2039	2021	2038	
3	2035	2036	1989	
3	2037	2036	2034	
3	1989	1502	2035	
3	1561	895	1325	
3	1337	1995	2034	
3	1629	1995	1627	
3	2040	1993	2020	
3	2021	1574	2038	
3	2020	2041	2040	
3	2023	2042	1575	
3	1989	1557	1501	
3	895	2035	1502	
3	1557	1556	1501	
3	2043	1284	1501	
3	2043	1501	1556	
3	2043	1285	1284	
3	1936	1556	991	
3	1285	893	895	
3	1936	1285	2043	
3	1270	960	1274	
3	1936	990	1270	
3	1556	1936	2043	
3	893	1285	1274	
3	1270	1274	1285	
3	1936	1270	1285	
3	1270	990	1009	
3	992	1009	990	
3	1009	1268	816	
3	1508	1565	1579	
3	1566	1565	1507	
3	1637	1543	1639	
3	1616	1630	1617	
3	1606	2044	1569	
3	1638	1640	1641	
3	1638	1641	1617	
3	1641	2045	1642	
3	1245	1244	1928	
3	1605	1621	1620	
3	1926	1645	2046	
3	1931	2047	2048	
3	1567	1245	1650	
3	1245	1928	1924	
3	1645	1926	1928	
3	1927	1919	1924	
3	1579	1605	1620	
3	1567	1650	1605	
3	1919	2048	2049	
3	2050	2051	1539	
3	2046	1645	1644	
3	1537	2051	2052	
3	1645	1928	1244	
3	1902	1931	1926	
3	1632	1646	1244	
3	1645	1244	1646	
3	1931	1902	1901	
3	2053	1921	1537	
3	1615	1932	1632	
3	1632	1932	1646	
3	1902	1926	2046	
3	1931	1901	1905	
3	2054	1642	2055	
3	1615	2054	1932	
3	1933	2056	1644	
3	2057	2058	2059	
3	1644	2060	2046	
3	2027	2046	2060	
3	1904	2061	1905	
3	1539	2051	1537	
3	2056	1933	2054	
3	2062	2063	2064	
3	2065	2066	2067	
3	2068	2069	2059	
3	2045	2070	2071	
3	2071	2072	2045	
3	1642	2054	1615	
3	2054	2055	2056	
3	1617	1642	1615	
3	1642	2045	2072	
3	1642	2072	2055	
3	2073	2060	1644	
3	2074	1536	1653	
3	1530	1580	1520	
3	1630	1638	1617	
3	1640	1637	2075	
3	2076	2077	2014	
3	1640	2075	1585	
3	1637	1640	1638	
3	1586	2078	2079	
3	2080	1585	2081	
3	2045	1587	2070	
3	2076	2082	1608	
3	2045	1641	1587	
3	2074	1637	1639	
3	2083	2072	2071	
3	1444	1193	1198	
3	1194	1193	1524	
3	995	1087	973	
3	1257	1087	947	
3	1092	947	949	
3	1256	1257	1252	
3	1252	1092	1091	
3	947	1092	1257	
3	1000	1256	756	
3	1257	1256	1656	
3	2084	1074	1073	
3	1758	1665	1057	
3	1767	2084	2085	
3	1820	1739	1751	
3	1074	2084	1758	
3	1759	1758	2084	
3	1767	1759	2084	
3	1665	1759	1751	
3	2086	2085	2084	
3	1821	2087	2088	
3	2089	1767	2085	
3	1739	1820	2087	
3	1752	1657	1119	
3	1822	1767	2089	
3	2086	2084	1073	
3	1723	2089	2085	
3	1658	2086	1073	
3	1789	2085	2086	
3	1723	1722	2089	
3	2088	1842	1821	
3	1723	2085	1789	
3	2089	1722	1822	
3	2090	1789	1753	
3	1723	1790	1724	
3	2091	2092	2093	
3	1668	1667	2094	
3	2095	2096	2097	
3	2098	2088	1722	
3	1822	1722	2088	
3	1739	2087	1762	
3	2098	1722	1724	
3	1842	2088	2099	
3	1820	1822	2087	
3	2088	2087	1822	
3	934	1657	935	
3	1005	935	1657	
3	1666	941	1041	
3	2093	2092	2100	
3	1685	1680	1139	
3	1679	1680	1681	
3	1707	1694	1704	
3	1692	1694	1706	
3	1713	1709	1708	
3	2101	1720	2102	
3	1699	2102	1720	
3	1699	1713	2102	
3	1719	2103	1713	
3	1713	2103	2102	
3	1721	1061	1063	
3	1941	1111	2100	
3	1721	1063	2091	
3	1111	1721	2093	
3	2100	1940	1941	
3	1943	1941	1287	
3	2104	1728	1734	
3	2104	2105	2091	
3	2100	2092	2106	
3	941	1939	1041	
3	1060	1287	998	
3	1111	1943	979	
3	1728	2104	2091	
3	2091	2105	2092	
3	1734	2107	1851	
3	2105	2104	1853	
3	1668	2108	2109	
3	2108	2110	1940	
3	1728	2091	1063	
3	1853	2104	1734	
3	1110	1728	1063	
3	1735	1728	1118	
3	2107	1734	1735	
3	1852	1860	1853	
3	1118	1117	1735	
3	2107	1735	1117	
3	1729	2111	1117	
3	2107	1813	1851	
3	1043	1288	2110	
3	1289	1288	1942	
3	2108	1940	2100	
3	1288	1940	2110	
3	2112	2105	2113	
3	2110	2094	1041	
3	1060	737	980	
3	1287	1060	1943	
3	2107	1814	1813	
3	1851	2114	1852	
3	1870	1855	2115	
3	1795	2116	2117	
3	1814	2107	1117	
3	1852	2114	1861	
3	2114	1819	1861	
3	2118	2119	2120	
3	1733	2121	2111	
3	2122	2123	1890	
3	2114	1851	1813	
3	1860	1852	1861	
3	1813	1889	2114	
3	1819	2114	1889	
3	1818	1862	1861	
3	1669	1793	2124	
3	1738	1737	1889	
3	2125	2117	2126	
3	1043	2110	1041	
3	1043	1042	1938	
3	2094	2110	2108	
3	1666	936	938	
3	1888	1869	2127	
3	2128	2129	1817	
3	1861	1819	1818	
3	1737	2130	1819	
3	1668	2094	2108	
3	2131	2094	1667	
3	2131	1041	2094	
3	936	1120	934	
3	2131	1120	1666	
3	1667	2132	1119	
3	1738	1889	1812	
3	2130	1737	1736	
3	1729	1733	2111	
3	2133	2134	2135	
3	2136	1888	2137	
3	2138	2139	2125	
3	1817	1819	2130	
3	1818	2129	1862	
3	1817	2130	2140	
3	2129	1818	1817	
3	2129	2118	1862	
3	2120	1860	1862	
3	2141	2142	2143	
3	2144	2126	2117	
3	2106	2145	2109	
3	2109	1791	1668	
3	2129	2126	2118	
3	1724	2146	2147	
3	2096	2148	1860	
3	2097	1860	2120	
3	2090	2149	1790	
3	1667	1669	2132	
3	2126	2129	2128	
3	2118	2144	2150	
3	2128	2151	2126	
3	2144	2118	2126	
3	2116	2152	2144	
3	2146	2153	2154	
3	2106	2109	2108	
3	1791	2109	2145	
3	2100	2106	2108	
3	2106	2092	2112	
3	1791	2145	1792	
3	1669	1791	1793	
3	2145	2113	1792	
3	2153	2095	2154	
3	1669	2124	2132	
3	1668	1791	1669	
3	2145	2112	2113	
3	2153	2149	1793	
3	2153	1792	2095	
3	1792	2153	1793	
3	1752	2132	2124	
3	2132	1752	1119	
3	2148	2105	1853	
3	2095	1792	2113	
3	2090	1790	1789	
3	2124	1793	2149	
3	2149	2090	2155	
3	1658	1657	1752	
3	2095	2097	2154	
3	1790	2149	2153	
3	1753	1789	2086	
3	2124	2155	1752	
3	1658	1753	2086	
3	2155	1753	1752	
3	2156	2157	2158	
3	2159	1836	1795	
3	2118	2120	1862	
3	2097	2120	2119	
3	2097	2119	2154	
3	2095	2113	2096	
3	2147	2154	2119	
3	1790	2146	1724	
3	2148	2096	2113	
3	1860	2097	2096	
3	2105	2148	2113	
3	1860	2148	1853	
3	2149	2155	2124	
3	1753	2155	2090	
3	2150	2147	2119	
3	1843	1842	2099	
3	1026	728	1100	
3	1725	1750	1080	
3	1016	1100	728	
3	1098	1067	1066	
3	1123	1100	1067	
3	1098	1080	1750	
3	1098	1747	1080	
3	1183	1747	1084	
3	1084	1108	1183	
3	1183	1108	1121	
3	1080	1740	1078	
3	1749	1740	1231	
3	1231	1122	1749	
3	1749	1122	1748	
3	1122	1104	1748	
3	1216	1748	1104	
3	1240	1808	1241	
3	1892	1885	1891	
3	1241	1808	1892	
3	1808	1885	1892	
3	1055	1083	1056	
3	1084	1098	1083	
3	811	1058	1138	
3	1133	810	1070	
3	1665	1133	1070	
3	1663	1058	1133	
3	1703	1761	1760	
3	1739	1761	1702	
3	1804	1774	1776	
3	1850	1774	2160	
3	2161	2162	2163	
3	2164	2165	2166	
3	2167	2168	2160	
3	2102	2165	2101	
3	1804	1803	1774	
3	2160	1774	2167	
3	1803	1745	2169	
3	1774	1803	2170	
3	2167	2163	2168	
3	2160	2171	1850	
3	2172	2170	2169	
3	2173	2174	2164	
3	1849	1850	2171	
3	1719	1775	1850	
3	2171	2175	2166	
3	2165	2102	2103	
3	2176	2171	2168	
3	2177	2178	2179	
3	1719	1849	2103	
3	2103	1849	2165	
3	1849	2166	2165	
3	2180	2101	2165	
3	2171	2166	1849	
3	2164	2174	2180	
3	2164	2175	2173	
3	2175	2164	2166	
3	2165	2164	2180	
3	2175	2176	2181	
3	2181	2173	2175	
3	2182	2181	2176	
3	2183	2177	2184	
3	2185	2177	2181	
3	2183	2174	2173	
3	2177	2179	2184	
3	2183	2181	2177	
3	2178	2185	2186	
3	2174	2183	2184	
3	2181	2183	2173	
3	2187	2188	2189	
3	2190	1786	2182	
3	1784	2191	2192	
3	2179	2178	2193	
3	2194	2189	2172	
3	2195	2181	1786	
3	2185	2178	2177	
3	2193	2178	2196	
3	2172	2161	2170	
3	2197	2193	2196	
3	2198	2199	2200	
3	1807	1845	1848	
3	1775	1845	1776	
3	1816	1824	1841	
3	1824	2201	1755	
3	1824	1801	1833	
3	2202	2203	1884	
3	1799	1232	1830	
3	1815	1830	1232	
3	1834	1823	1838	
3	1824	1833	2204	
3	2205	1882	2206	
3	2201	1824	2204	
3	2206	1884	1839	
3	2207	2203	2202	
3	1823	1847	1838	
3	1884	1834	1839	
3	1865	1783	1837	
3	2208	2209	2210	
3	2208	2205	2209	
3	1884	2203	2204	
3	1784	2192	1785	
3	2206	2202	1884	
3	2205	2206	1839	
3	2206	1882	2202	
3	1868	1867	2211	
3	1883	2212	2213	
3	2214	2215	2216	
3	2201	2207	2217	
3	1884	2204	1833	
3	2201	2204	2203	
3	2207	2201	2203	
3	2201	2217	1755	
3	1809	1825	2198	
3	2207	2214	2217	
3	1755	2217	1756	
3	1824	1755	1841	
3	2214	1825	2217	
3	1798	1809	1768	
3	2207	2218	2219	
3	2220	1825	2214	
3	1757	1756	1797	
3	1825	1797	1756	
3	1768	1770	1798	
3	1798	1770	1830	
3	2217	1825	1756	
3	1825	2220	2198	
3	2198	2220	2216	
3	1809	2198	1744	
3	1881	2218	2202	
3	2215	2221	2216	
3	2207	2219	2214	
3	2222	2223	2224	
3	2225	2218	1881	
3	2226	2227	2228	
3	2219	2215	2214	
3	2162	2190	2229	
3	2218	2207	2202	
3	2219	2230	2231	
3	1881	2202	1882	
3	2230	2219	2218	
3	1882	2232	1883	
3	1883	2213	2233	
3	2232	2205	2211	
3	1881	1883	2234	
3	2232	1882	2205	
3	2235	2189	2194	
3	1868	2208	2236	
3	1883	2232	2212	
3	2237	2238	2239	
3	2162	2240	2190	
3	2241	2242	2243	
3	2244	2212	2211	
3	2208	1868	2211	
3	2211	1867	2244	
3	2127	2245	1888	
3	2246	2247	2248	
3	1869	1887	2243	
3	2194	2221	2235	
3	2208	2211	2205	
3	1868	2236	2127	
3	2209	2205	1839	
3	2210	2236	2208	
3	1839	1838	2209	
3	2209	2249	2210	
3	2249	2209	1838	
3	2250	2245	2251	
3	2245	2236	2210	
3	1887	1869	1888	
3	1865	1838	1783	
3	2251	2249	1866	
3	2245	2250	2137	
3	2252	2136	2248	
3	2251	2245	2210	
3	2245	2137	1888	
3	2249	2251	2210	
3	1866	2253	2250	
3	2139	1836	2125	
3	2254	2141	2138	
3	2137	2255	2248	
3	1224	1886	2256	
3	1868	2127	1869	
3	2245	2127	2236	
3	2257	1873	2258	
3	2256	2252	2259	
3	2137	2250	2255	
3	1886	1224	1887	
3	2141	2143	2255	
3	2254	2260	2142	
3	2261	2256	2259	
3	2262	2263	2264	
3	2137	2248	2136	
3	2248	2143	2265	
3	2246	2266	2267	
3	2268	2269	2267	
3	1886	1888	2136	
3	1887	1224	2270	
3	2136	2252	1886	
3	2256	1886	2252	
3	2256	1225	1224	
3	2271	2243	2270	
3	2247	2269	2259	
3	2258	2272	1225	
3	2269	2247	2267	
3	2257	2258	1225	
3	2273	1875	2274	
3	2271	2270	2275	
3	2247	2259	2252	
3	2261	2259	2269	
3	2248	2247	2252	
3	2247	2246	2267	
3	2276	2269	2268	
3	2269	2276	2261	
3	2277	2266	2156	
3	2277	2278	2267	
3	2122	2279	2123	
3	1863	1857	2280	
3	2281	2282	2283	
3	2284	2285	2286	
3	1225	2272	1223	
3	2256	2261	1225	
3	2286	2285	2287	
3	2287	2288	2276	
3	2273	2275	1223	
3	1887	2270	2243	
3	1874	1873	2289	
3	2290	2291	2292	
3	2293	2294	2284	
3	2276	2288	2257	
3	2272	2258	1875	
3	2243	2271	2241	
3	1224	1223	2270	
3	2275	2270	1223	
3	2273	1223	2272	
3	2290	2295	2271	
3	2296	2297	2298	
3	2299	2300	2301	
3	2257	1225	2261	
3	1875	2258	1873	
3	2261	2276	2257	
3	2268	2287	2276	
3	1873	2288	2289	
3	2302	2303	2304	
3	2305	2289	2288	
3	1873	2257	2288	
3	2282	2286	2287	
3	2285	2288	2287	
3	2281	2286	2282	
3	2306	2284	2281	
3	2282	2287	2268	
3	2284	2286	2281	
3	2268	2278	2282	
3	2282	2278	2283	
3	2281	2307	2306	
3	2308	2305	2294	
3	2267	2278	2268	
3	2309	2123	2279	
3	2310	2278	2277	
3	2122	1870	2307	
3	2289	2305	2311	
3	2304	2312	2302	
3	2281	2283	2307	
3	2307	2283	2279	
3	2305	2288	2285	
3	2311	2304	2289	
3	2115	2307	1870	
3	2306	2115	2280	
3	2309	2283	2310	
3	2313	1736	2133	
3	2284	2294	2285	
3	2305	2285	2294	
3	2293	2284	2280	
3	1859	2314	1857	
3	2305	2308	2311	
3	2293	2315	2294	
3	2312	2316	1908	
3	2308	2315	2312	
3	2308	2312	2311	
3	2317	2302	2318	
3	2309	2279	2283	
3	2135	1890	2123	
3	2156	2309	2310	
3	2123	2309	2313	
3	1870	2122	1871	
3	2307	2279	2122	
3	1859	1872	2319	
3	2320	2321	2322	
3	2304	1874	2289	
3	1874	2323	2324	
3	2278	2310	2283	
3	2156	2310	2277	
3	2266	2157	2156	
3	2313	2156	2158	
3	2265	2143	2142	
3	2158	1736	2313	
3	1736	1738	2133	
3	2309	2156	2313	
3	2260	2158	2157	
3	2130	1736	2158	
3	2133	1738	2134	
3	2123	2313	2133	
3	2134	1738	2325	
3	1891	1885	1871	
3	1738	1812	2325	
3	2135	2134	2326	
3	2111	2325	1814	
3	2134	2325	2121	
3	1890	2135	2326	
3	2133	2135	2123	
3	1117	2111	1814	
3	1729	1730	1733	
3	1890	2326	1891	
3	2122	1890	1871	
3	1891	2326	2121	
3	1892	1891	1732	
3	1891	1733	1732	
3	2121	2326	2134	
3	2308	2294	2315	
3	2312	2327	2302	
3	1857	2314	2293	
3	2314	2328	2316	
3	2318	2302	2327	
3	2329	2303	2317	
3	1251	1856	1879	
3	1856	2330	1879	
3	2331	2332	1880	
3	1643	1876	1226	
3	1856	1251	1182	
3	1879	1878	1251	
3	1856	1182	1196	
3	1856	1893	2330	
3	1894	2330	1893	
3	2330	2333	2334	
3	2335	1880	2330	
3	1788	1877	1854	
3	2336	2337	2057	
3	2338	2339	2340	
3	2341	2319	1864	
3	1872	1864	2319	
3	2115	1855	1863	
3	1840	1855	1870	
3	1916	1176	1010	
3	1538	1917	1539	
3	1918	1929	1192	
3	1916	1652	1539	
3	2047	2052	2049	
3	1929	2050	1652	
3	1917	1916	1539	
3	1012	1916	1010	
3	1011	1010	1175	
3	1198	1652	1012	
3	1175	694	1011	
3	1447	1011	694	
3	1918	1192	1621	
3	2050	1929	1920	
3	1919	1918	1621	
3	1920	1929	1918	
3	2050	1920	2051	
3	1652	2050	1539	
3	2049	2051	1920	
3	2051	2049	2052	
3	1920	1919	2049	
3	2048	1919	1927	
3	2061	2052	2047	
3	1537	2052	2053	
3	1901	1906	1905	
3	1921	2053	2068	
3	2061	2053	2052	
3	2053	2061	2068	
3	1905	2061	2047	
3	2061	1904	2068	
3	2069	2068	1904	
3	1925	1921	2068	
3	1931	1905	2047	
3	1901	1903	1906	
3	2336	2057	2342	
3	2059	2343	1925	
3	2344	2342	1906	
3	1904	2342	2069	
3	2342	1904	1906	
3	2059	2069	2057	
3	2344	1906	1903	
3	2057	2069	2342	
3	2343	2059	2058	
3	2068	2059	1925	
3	2336	2342	2344	
3	1633	1915	1634	
3	2345	2343	2067	
3	1930	1925	2343	
3	2346	2347	1903	
3	2348	2349	2350	
3	1931	2048	1927	
3	2047	2049	2048	
3	2350	2336	2351	
3	2350	2337	2336	
3	2347	2351	2344	
3	2352	2353	2354	
3	2355	2066	2065	
3	2058	2337	2065	
3	2348	2350	2351	
3	2337	2350	2349	
3	2073	2356	2060	
3	2348	2357	2358	
3	1538	1922	1913	
3	1925	1922	1921	
3	1914	1899	1264	
3	1900	1899	1649	
3	2345	1934	1930	
3	1935	1934	2359	
3	1899	1897	1264	
3	1930	1935	1898	
3	1915	1896	2359	
3	1647	1897	1896	
3	2359	1896	1935	
3	1898	1935	1896	
3	1634	1915	2359	
3	1915	1633	1895	
3	2067	2058	2065	
3	1635	1250	1633	
3	2360	2361	1934	
3	2345	2066	1934	
3	1249	1895	1633	
3	1188	1895	1211	
3	1250	1249	1633	
3	1246	1211	1249	
3	1497	1505	1269	
3	915	1505	1277	
3	992	1497	1269	
3	1497	991	1498	
3	940	1939	904	
3	1041	1939	1042	
3	839	1938	940	
3	1043	1938	1942	
3	1937	1289	1942	
3	998	1289	1944	
3	2362	1304	1957	
3	1303	1957	1304	
3	2363	2005	1304	
3	1303	1302	1400	
3	1302	1304	2005	
3	2364	1345	1384	
3	2365	2363	2362	
3	2365	1985	2366	
3	1400	1302	1383	
3	1302	2005	1990	
3	2363	1304	2362	
3	2005	1981	1958	
3	1964	2362	1965	
3	1981	2005	2363	
3	1983	2366	1985	
3	1981	2363	2365	
3	1980	2367	1959	
3	1987	1396	2004	
3	1985	2365	1964	
3	2362	1964	2365	
3	2368	2369	2370	
3	2371	1371	1370	
3	1990	1960	1987	
3	1383	1302	2372	
3	1980	1959	1958	
3	1990	1958	1960	
3	2373	2367	1980	
3	1959	1369	1960	
3	1980	1958	1981	
3	1959	2367	1370	
3	1979	1981	2365	
3	1980	1979	2373	
3	2366	1979	2365	
3	1979	2374	2373	
3	2371	2375	2376	
3	2377	2378	2379	
3	2371	2367	2373	
3	2380	2377	1403	
3	1983	1985	1984	
3	1979	2366	2374	
3	1984	1978	1982	
3	2374	2366	1983	
3	2375	2381	2382	
3	2382	2383	2375	
3	2369	2384	2370	
3	1983	1982	2385	
3	2381	2375	2371	
3	2371	2376	1371	
3	2382	2381	2368	
3	2386	2370	2387	
3	2376	2383	2002	
3	2380	1403	1369	
3	2381	2371	2373	
3	2382	2386	2383	
3	2373	2374	2381	
3	2368	2381	2374	
3	2388	2389	2390	
3	1371	2376	2001	
3	2374	2385	2368	
3	2391	2392	2393	
3	1983	2385	2374	
3	2369	2385	2394	
3	2395	2386	2387	
3	2382	2368	2370	
3	2369	2368	2385	
3	2370	2384	2387	
3	1986	2396	1982	
3	2391	2397	2392	
3	2395	2398	2388	
3	2399	2388	2400	
3	1299	1336	1295	
3	1386	1347	1299	
3	967	1295	1336	
3	1293	1295	845	
3	1400	1383	1966	
3	1385	1383	1345	
3	1386	1966	1385	
3	1383	1385	1966	
3	1317	1313	1316	
3	1308	1313	1319	
3	1309	1308	1319	
3	1318	1308	1310	
3	1318	1971	1314	
3	1950	1971	1948	
3	1957	1965	2362	
3	1947	1965	1945	
3	1984	1968	1967	
3	1964	1968	1985	
3	965	1321	963	
3	1561	1321	1337	
3	1337	2035	1561	
3	895	1561	2035	
3	2364	1334	1345	
3	2004	1970	1991	
3	1991	1970	2364	
3	1334	2364	1970	
3	1987	2004	1991	
3	1396	1367	2004	
3	1384	1383	2372	
3	1991	2364	1384	
3	1990	1987	1991	
3	1960	1369	1402	
3	1403	1402	1369	
3	1396	1987	1402	
3	2380	1369	1371	
3	1396	1403	1351	
3	2001	2376	2002	
3	1349	1351	2379	
3	1624	1626	1628	
3	1993	1629	1626	
3	1624	1992	1625	
3	1992	2401	2020	
3	1397	1624	1382	
3	1992	1399	2401	
3	1382	1387	1397	
3	1398	1397	1387	
3	1398	2402	1399	
3	2403	2404	1399	
3	2405	2402	1387	
3	1387	2402	1398	
3	1992	2020	1625	
3	2401	2041	2020	
3	1377	2405	1387	
3	2406	2407	2408	
3	1597	1596	2409	
3	2410	2411	2412	
3	1399	2404	2401	
3	2413	2028	1602	
3	2040	2041	2032	
3	1629	2031	2039	
3	2032	2414	2415	
3	1575	2042	2033	
3	1993	2040	2031	
3	2031	2040	2032	
3	2414	2032	2041	
3	2032	2415	2022	
3	2023	2022	2415	
3	2039	2031	2022	
3	2404	2416	2417	
3	2418	2008	2007	
3	2419	2042	2415	
3	1575	1574	2021	
3	2419	2414	2420	
3	1583	2421	1601	
3	2415	2042	2023	
3	2042	2422	2033	
3	2033	2422	2423	
3	1564	1582	1578	
3	2414	2424	2420	
3	2421	2413	1602	
3	2425	1582	2033	
3	1582	2425	1583	
3	2033	2423	2425	
3	2421	1602	1601	
3	1545	1584	1601	
3	1578	1582	1584	
3	1583	2425	2421	
3	1601	1584	1583	
3	2425	2423	2421	
3	2413	2421	2423	
3	2423	2422	2426	
3	2413	2423	2427	
3	2418	1614	2428	
3	1610	1998	2429	
3	1033	1415	1416	
3	1035	1415	1413	
3	1036	1035	1413	
3	1034	1417	1035	
3	2006	1525	1372	
3	1526	1525	1593	
3	1573	1547	1594	
3	1593	1547	1572	
3	1576	1573	1594	
3	1573	1577	1514	
3	2013	2015	2018	
3	1530	2076	1608	
3	2430	2431	2432	
3	1600	1606	1569	
3	1530	2077	2076	
3	2433	2079	2078	
3	2080	2078	1586	
3	2433	2078	2434	
3	1592	2435	2436	
3	1589	1528	1529	
3	2082	2014	2013	
3	2437	2410	2019	
3	2010	2438	2439	
3	2044	2074	1653	
3	2440	2441	2442	
3	2443	2444	2445	
3	1591	2435	1592	
3	2446	2447	2448	
3	1655	1590	2449	
3	1614	2418	2003	
3	2450	2451	2452	
3	1643	1878	2453	
3	2454	1999	1609	
3	2455	2434	2456	
3	2412	2411	2457	
3	2018	2429	2458	
3	2459	2452	2460	
3	2429	2018	1610	
3	2461	2462	2463	
3	2025	2009	2026	
3	2081	1585	2464	
3	1591	2017	2465	
3	2418	2007	2003	
3	2466	2449	2433	
3	2432	1609	1611	
3	2467	2468	2439	
3	1612	2469	1613	
3	2428	2470	2471	
3	2430	2432	2472	
3	2075	2464	1585	
3	2003	1996	1614	
3	2434	2078	2456	
3	2403	2408	2473	
3	2080	2456	2078	
3	2019	2015	2437	
3	2019	2018	2015	
3	2016	1591	1590	
3	1610	2019	1611	
3	2474	1611	2019	
3	2469	2427	2475	
3	1612	2028	2413	
3	2025	2015	2014	
3	2476	2477	2478	
3	2446	2479	2458	
3	2413	2427	1612	
3	2469	2480	2478	
3	2481	2446	2458	
3	2482	2483	2484	
3	2470	2485	2477	
3	1591	2465	2486	
3	2037	2038	1574	
3	1629	2038	1994	
3	2022	2021	2039	
3	1575	2021	2023	
3	1563	1622	1564	
3	1560	1575	1622	
3	1636	1639	1543	
3	2074	1639	1536	
3	1542	1636	1543	
3	1536	1636	1534	
3	1245	1924	1650	
3	1927	1924	1928	
3	2073	1644	2056	
3	2060	2356	2027	
3	2487	2055	2072	
3	2488	2489	2073	
3	2027	1902	2046	
3	2356	1903	2027	
3	1646	1933	1644	
3	2054	1933	1932	
3	2490	1528	1589	
3	1530	1607	1580	
3	2474	2019	2410	
3	2491	2056	2055	
3	1586	2070	1587	
3	2055	2487	2491	
3	2468	2492	2493	
3	2030	2017	2016	
3	2494	2495	2496	
3	2488	2073	2056	
3	2497	2487	2495	
3	2495	2487	2072	
3	2495	2072	2083	
3	2487	2497	2491	
3	2079	2070	1586	
3	2070	2079	2071	
3	2488	2497	2498	
3	2056	2491	2488	
3	1607	1530	1608	
3	2465	2494	2486	
3	2495	2494	2497	
3	2497	2499	2498	
3	2500	2071	2079	
3	2497	2494	2499	
3	1608	2082	2501	
3	2496	2495	2083	
3	2015	2024	2437	
3	2452	2429	1998	
3	2011	2030	2409	
3	2077	2025	2014	
3	2079	2433	2500	
3	2456	2502	2460	
3	2428	2485	2470	
3	2428	1614	2485	
3	2503	2439	2493	
3	2503	2493	2499	
3	2503	2494	2465	
3	2494	2503	2499	
3	2075	2504	2464	
3	2435	2500	2436	
3	2081	2464	2447	
3	2465	2029	2503	
3	2502	2456	2080	
3	2466	2434	2505	
3	2439	2503	2010	
3	2498	2499	2493	
3	2506	2041	2401	
3	2409	2507	2508	
3	2504	2509	2464	
3	2510	2455	2451	
3	2485	1614	1613	
3	2455	2460	2451	
3	2508	2012	2409	
3	2470	2477	2511	
3	2469	1612	2427	
3	2444	2512	2445	
3	1610	1609	1998	
3	1585	2080	1586	
3	2447	2481	2459	
3	2008	2418	2428	
3	2445	2451	2443	
3	2450	1999	2443	
3	1613	2478	2485	
3	2436	2449	1590	
3	1587	1640	1585	
3	2357	2348	2347	
3	2454	1609	2431	
3	2029	2011	2010	
3	2490	2009	2025	
3	2420	2422	2419	
3	1596	2507	2409	
3	2449	2436	2433	
3	2010	2503	2029	
3	2351	2347	2348	
3	2513	2483	2514	
3	2081	2502	2080	
3	2478	1613	2469	
3	2071	2500	2083	
3	2411	2026	2515	
3	2030	2029	2017	
3	2465	2017	2029	
3	2516	2012	2508	
3	1528	2490	1530	
3	1611	2472	2432	
3	2436	2500	2433	
3	1589	2007	2009	
3	2081	2459	2502	
3	2517	2518	2417	
3	2008	2428	2471	
3	2456	2460	2455	
3	1998	2450	2452	
3	1998	1999	2450	
3	1609	2432	2431	
3	2082	2076	2014	
3	2452	2459	2481	
3	2448	2447	2464	
3	2450	2443	2451	
3	2519	2510	2445	
3	2466	2433	2434	
3	2446	2448	2479	
3	2449	2520	1655	
3	1598	1597	2462	
3	2507	1596	2521	
3	2522	2523	2521	
3	2064	2524	2062	
3	2525	2526	2527	
3	2528	2529	2530	
3	2531	2532	2512	
3	2533	2534	2535	
3	2505	2434	2455	
3	2520	2449	2466	
3	2520	2536	2537	
3	1597	2538	2462	
3	1597	2409	2030	
3	1596	1598	2539	
3	2016	2538	2030	
3	1597	2030	2538	
3	2461	1598	2462	
3	1907	1909	2540	
3	2541	2016	1590	
3	2541	2538	2016	
3	2537	1655	2520	
3	1655	2542	1654	
3	2477	2485	2478	
3	2511	2543	2471	
3	2536	2544	2537	
3	2545	2466	2505	
3	2444	2443	2454	
3	2445	2546	2547	
3	2430	2531	2431	
3	2444	2431	2531	
3	2510	2505	2455	
3	2519	2548	2545	
3	2537	2542	1655	
3	2462	2538	2541	
3	2548	2549	2536	
3	2461	2533	2539	
3	2550	2551	2552	
3	2539	2533	2521	
3	2480	2476	2478	
3	2553	2554	2555	
3	2556	2557	2558	
3	2457	2411	2515	
3	2445	2510	2451	
3	2505	2510	2519	
3	2520	2545	2536	
3	2550	2542	2559	
3	2560	2548	2547	
3	2548	2560	2549	
3	2561	2562	2563	
3	1654	2564	2541	
3	2463	2462	2564	
3	2565	2552	2551	
3	2511	2471	2470	
3	2471	2543	2515	
3	2559	2566	2550	
3	2564	2552	2463	
3	2567	2565	2551	
3	2568	2569	2565	
3	1237	1821	1842	
3	2087	1821	1762	
3	1724	2147	2098	
3	2147	2152	2099	
3	2088	2098	2099	
3	2147	2099	2098	
3	1111	2093	2100	
3	2091	2093	1721	
3	1120	2131	1667	
3	1041	2131	1666	
3	1813	1812	1889	
3	2325	1812	1814	
3	2106	2112	2145	
3	2105	2112	2092	
3	2125	2159	2117	
3	1795	1794	2116	
3	1836	2159	2125	
3	1795	2117	2159	
3	2152	2116	1843	
3	2144	2117	2116	
3	2099	2152	1843	
3	2152	2147	2150	
3	2153	2146	1790	
3	2147	2146	2154	
3	2118	2150	2119	
3	2152	2150	2144	
3	1123	1098	1750	
3	1016	1067	1100	
3	1098	1123	1067	
3	1750	1099	1123	
3	1807	1804	1776	
3	1745	1804	1846	
3	1746	1745	1846	
3	1745	1744	2169	
3	2200	1744	2198	
3	2169	1744	2200	
3	2161	2189	2570	
3	2200	2172	2169	
3	2200	2194	2172	
3	2161	2167	2170	
3	2571	2231	2572	
3	2199	2194	2200	
3	2573	2225	2234	
3	2233	2574	2575	
3	2238	2576	2239	
3	2577	2578	2570	
3	2570	2578	2161	
3	2229	2163	2162	
3	2227	2579	2228	
3	2190	2182	2229	
3	2171	2176	2175	
3	2580	2581	2582	
3	2163	2229	2168	
3	2182	2176	2229	
3	2188	2570	2189	
3	1786	2190	1784	
3	2199	2216	2221	
3	2172	2189	2161	
3	2190	2240	1784	
3	2194	2199	2221	
3	2578	2240	2162	
3	2181	2182	1786	
3	2171	2160	2168	
3	2161	2163	2167	
3	2176	2168	2229	
3	2578	2162	2161	
3	2583	2191	1784	
3	2583	1784	2240	
3	2583	2578	2577	
3	2240	2578	2583	
3	2191	2583	2581	
3	2581	2577	2584	
3	2582	2581	2584	
3	2585	2586	2587	
3	2178	2186	2196	
3	2581	2583	2577	
3	2588	2587	2589	
3	2577	2590	2584	
3	2591	2592	2593	
3	2186	2594	2196	
3	2181	2195	2185	
3	2576	2590	2187	
3	2237	2582	2584	
3	2570	2188	2577	
3	2593	2582	2237	
3	2228	2576	2187	
3	2584	2590	2238	
3	2595	2299	2596	
3	2580	2582	2588	
3	2187	2590	2188	
3	2577	2188	2590	
3	2579	2597	2598	
3	2598	2300	2599	
3	2187	2235	2228	
3	2576	2598	2239	
3	2227	2226	2571	
3	2598	2576	2228	
3	2600	2571	2572	
3	2579	2598	2228	
3	2226	2221	2571	
3	2227	2600	2579	
3	2231	2571	2215	
3	2600	2227	2571	
3	2219	2231	2215	
3	2231	2230	2572	
3	2225	2572	2230	
3	2572	2225	2573	
3	2573	2600	2572	
3	2222	2600	2573	
3	2218	2225	2230	
3	1881	2234	2225	
3	2601	2602	2223	
3	2222	2597	2579	
3	2573	2601	2223	
3	2222	2224	2603	
3	2579	2600	2222	
3	2599	2300	2299	
3	2223	2222	2573	
3	2603	2597	2222	
3	2604	2603	2224	
3	2239	2595	2237	
3	2602	2601	2575	
3	2605	2606	2607	
3	2601	2573	2234	
3	2223	2602	2224	
3	2233	2234	1883	
3	2601	2234	2233	
3	2608	2224	2602	
3	2224	2608	2604	
3	2601	2233	2575	
3	2609	2610	2301	
3	2604	2608	2611	
3	2603	2604	2301	
3	2598	2599	2239	
3	2596	2299	2610	
3	2244	2574	2213	
3	2213	2574	2233	
3	2605	2612	2606	
3	2613	2612	2614	
3	2605	2575	2574	
3	2575	2607	2602	
3	2296	2615	2616	
3	2617	2618	2619	
3	2609	2604	2611	
3	2604	2609	2301	
3	2297	2296	2620	
3	2621	2622	2611	
3	2616	2621	2611	
3	2611	2622	2609	
3	2623	2624	2298	
3	2192	2191	2625	
3	2610	2609	2626	
3	2299	2301	2610	
3	2616	2611	2608	
3	2625	2627	2192	
3	2608	2620	2616	
3	2616	2620	2296	
3	2298	2628	2629	
3	2630	2631	2632	
3	2633	2602	2607	
3	2606	2297	2620	
3	2634	2606	2612	
3	2635	2580	2588	
3	2614	2612	2605	
3	2607	2606	2620	
3	2613	2614	2636	
3	2637	2262	2613	
3	2607	2620	2633	
3	2575	2605	2607	
3	2614	2605	2574	
3	2634	2612	2613	
3	2574	2244	2614	
3	2636	2614	2244	
3	2638	2639	2629	
3	2640	2641	2642	
3	2244	1867	2636	
3	2243	2242	1869	
3	2620	2608	2633	
3	2608	2602	2633	
3	2609	2622	2643	
3	2595	2593	2237	
3	2613	2636	2637	
3	2242	2644	1867	
3	2645	2646	2647	
3	2648	2591	2596	
3	2648	2596	2610	
3	2649	2650	2592	
3	2619	2621	2615	
3	2646	2622	2619	
3	2648	2610	2626	
3	2595	2596	2591	
3	2646	2643	2622	
3	2588	2582	2651	
3	2595	2591	2593	
3	2595	2239	2599	
3	2593	2651	2582	
3	2580	2191	2581	
3	2621	2616	2615	
3	2619	2622	2621	
3	2588	2589	2635	
3	2652	2653	2654	
3	2589	2627	2635	
3	2655	2586	2656	
3	2191	2580	2625	
3	2651	2592	2587	
3	2657	2655	2658	
3	2592	2650	2587	
3	2627	2625	2635	
3	2580	2635	2625	
3	2648	2649	2591	
3	2592	2591	2649	
3	2659	2660	2631	
3	2587	2650	2585	
3	2659	2661	2662	
3	2650	2662	2585	
3	2662	2661	2663	
3	2660	2650	2649	
3	2656	2586	2664	
3	2632	2660	2649	
3	2661	2665	2666	
3	2650	2660	2662	
3	2586	2585	2664	
3	2632	2649	2648	
3	2660	2659	2662	
3	2667	2665	2659	
3	2664	2585	2662	
3	2663	2664	2662	
3	2587	2586	2589	
3	2630	2648	2626	
3	2665	2667	2668	
3	2594	2669	2197	
3	2586	2655	2589	
3	2658	2655	2656	
3	2627	2589	2655	
3	2657	2670	2671	
3	2672	2663	2666	
3	2673	2674	2675	
3	2197	2676	2193	
3	2664	2663	2673	
3	2665	2661	2659	
3	2666	2663	2661	
3	2675	2674	2677	
3	2678	2656	2675	
3	2673	2663	2672	
3	2678	2679	2670	
3	2674	2673	2672	
3	2664	2673	2656	
3	1823	1781	1847	
3	1783	1847	1781	
3	2198	2216	2199	
3	2214	2216	2220	
3	2211	2212	2232	
3	2244	2213	2212	
3	1866	2249	1865	
3	1838	1865	2249	
3	1866	2250	2251	
3	2255	2250	2253	
3	2141	2255	2253	
3	2248	2255	2143	
3	2138	2141	2253	
3	2142	2157	2265	
3	2138	2253	2139	
3	2151	2138	2125	
3	2254	2138	2151	
3	2140	2254	2128	
3	2253	1866	2139	
3	1866	1836	2139	
3	2126	2151	2125	
3	2254	2151	2128	
3	2254	2140	2260	
3	2141	2254	2142	
3	2158	2260	2130	
3	2157	2142	2260	
3	2266	2265	2157	
3	2265	2246	2248	
3	1817	2140	2128	
3	2130	2260	2140	
3	2290	2271	2275	
3	2241	2271	2295	
3	2295	2637	2241	
3	2637	2636	2644	
3	2241	2637	2644	
3	1867	1869	2242	
3	2293	2280	1857	
3	2306	2280	2284	
3	2280	2115	1863	
3	2307	2115	2306	
3	2328	2314	1859	
3	2315	2314	2316	
3	2328	2680	2681	
3	2333	1635	2682	
3	2680	2328	1859	
3	2328	2681	2683	
3	2684	1877	2685	
3	2686	2338	2687	
3	2267	2266	2277	
3	2265	2266	2246	
3	2111	2121	2325	
3	1891	2121	1733	
3	2314	2315	2293	
3	2312	2315	2316	
3	2304	2323	1874	
3	2312	2304	2311	
3	1907	2540	2688	
3	2689	2690	2691	
3	1876	1643	1877	
3	1877	1643	2453	
3	2692	2333	2682	
3	2693	2694	2695	
3	1858	1872	1859	
3	1827	1864	1872	
3	2341	1864	1854	
3	1859	2319	2680	
3	1854	1877	2684	
3	2680	2319	2341	
3	2356	2696	1903	
3	2344	2351	2336	
3	2489	2356	2073	
3	2697	2346	2698	
3	1903	2347	2344	
3	2347	2346	2357	
3	2698	2489	2492	
3	2357	2697	2358	
3	2493	2439	2468	
3	2439	2699	2467	
3	2699	2700	2701	
3	2354	2524	2702	
3	2343	2058	2067	
3	2057	2337	2058	
3	2349	2702	2337	
3	2355	2065	2702	
3	2337	2702	2065	
3	1934	2066	2360	
3	2352	2354	2349	
3	1634	2359	2361	
3	2703	2360	2066	
3	2704	2705	2063	
3	2064	2355	2702	
3	2066	2355	2703	
3	2354	2702	2349	
3	2468	2706	2707	
3	2708	2709	2710	
3	2524	2353	2709	
3	2352	2349	2348	
3	2524	2354	2353	
3	2358	2711	2348	
3	2712	2711	2713	
3	2709	2062	2524	
3	2702	2524	2064	
3	2714	2352	2712	
3	2715	2716	2717	
3	2062	2708	2715	
3	2715	2063	2062	
3	2710	2709	2353	
3	2708	2062	2709	
3	2508	2507	2718	
3	2719	2710	2720	
3	2721	2708	2722	
3	2723	2724	2725	
3	2715	2726	2063	
3	2064	2705	2703	
3	2715	2708	2721	
3	2715	2717	2726	
3	2727	2728	2701	
3	2729	2318	2688	
3	2343	2345	1930	
3	2066	2345	2067	
3	2682	1635	1634	
3	2333	1894	1635	
3	1634	2361	2730	
3	2704	2731	2692	
3	1894	2333	2330	
3	1250	1635	1894	
3	1302	1990	2372	
3	1384	2372	1990	
3	1956	1978	1984	
3	1986	1978	1977	
3	1959	1370	1369	
3	2371	1370	2367	
3	2386	2732	2383	
3	2394	2396	2733	
3	2370	2386	2382	
3	2002	2383	2732	
3	2376	2375	2383	
3	2399	2002	2732	
3	2380	1371	2734	
3	2399	2735	2000	
3	2001	2000	2736	
3	2399	2732	2395	
3	2737	2738	2739	
3	2732	2386	2395	
3	2399	2400	2735	
3	2387	2384	2740	
3	2388	2398	2389	
3	2555	2741	2742	
3	2743	2744	2745	
3	1953	1296	1293	
3	1299	1296	1386	
3	2746	2747	2734	
3	1349	2748	1389	
3	1376	1377	1387	
3	1388	1389	1378	
3	1349	2379	2748	
3	2405	1997	2406	
3	1363	1388	1378	
3	1349	1388	1350	
3	2747	2378	2377	
3	1389	2749	1997	
3	2404	2403	2416	
3	2401	2404	2417	
3	2473	2555	2416	
3	2555	2742	2553	
3	2750	2751	2517	
3	2506	2417	2752	
3	2402	2408	2403	
3	2417	2416	2554	
3	2748	2378	2753	
3	2754	2755	2756	
3	2408	2402	2405	
3	1399	2402	2403	
3	2406	2408	2405	
3	2473	2408	2741	
3	2555	2473	2741	
3	2416	2403	2473	
3	2749	2757	2406	
3	2416	2555	2554	
3	2390	2758	2388	
3	2759	2476	2760	
3	2761	2762	2763	
3	2517	2554	2750	
3	2762	2764	2763	
3	2765	2766	2767	
3	2477	2759	2768	
3	2760	2769	2770	
3	1535	1653	1536	
3	1569	2044	1653	
3	2504	2074	2044	
3	2075	1637	2074	
3	2497	2488	2491	
3	2489	2488	2498	
3	2492	2489	2498	
3	2489	2698	2696	
3	2493	2492	2498	
3	2698	2492	2707	
3	2698	2707	2697	
3	2698	2346	2696	
3	1903	2696	2346	
3	2489	2696	2356	
3	2435	1591	2486	
3	2436	1590	1592	
3	2486	2496	2435	
3	2435	2496	2500	
3	2496	2486	2494	
3	2500	2496	2083	
3	1619	1996	1595	
3	1614	1996	2028	
3	1530	2490	2077	
3	1589	2009	2490	
3	2025	2024	2015	
3	2490	2025	2077	
3	2009	2008	2026	
3	2026	2008	2515	
3	2471	2515	2008	
3	2771	2515	2543	
3	2074	2504	2075	
3	2509	2504	2044	
3	2044	1606	2509	
3	2501	2448	2509	
3	2452	2481	2429	
3	2447	2459	2081	
3	2448	2464	2509	
3	2481	2447	2446	
3	2501	2509	1606	
3	2448	2501	2479	
3	1608	2501	1606	
3	2479	2501	2082	
3	2082	2013	2479	
3	2458	2479	2013	
3	2010	2012	2438	
3	2409	2012	2011	
3	2565	2463	2552	
3	2340	2729	2688	
3	1999	2454	2443	
3	2431	2444	2454	
3	2772	2773	2774	
3	2512	2775	2776	
3	2414	2527	2424	
3	2476	2480	2760	
3	2761	2751	2750	
3	2477	2476	2759	
3	2760	2480	2777	
3	2760	2770	2759	
3	2506	2525	2041	
3	2778	2779	2780	
3	2761	2781	2751	
3	2782	2783	2784	
3	2466	2545	2520	
3	2505	2519	2545	
3	2445	2512	2546	
3	2461	2463	2569	
3	2541	2564	2462	
3	2552	2564	2785	
3	2549	2544	2536	
3	2786	2787	2788	
3	1596	2539	2521	
3	2461	2539	1598	
3	2789	2566	2790	
3	2791	2563	2792	
3	2571	2221	2215	
3	2221	2226	2235	
3	2228	2235	2226	
3	2189	2235	2187	
3	1774	2170	2167	
3	2170	1803	2169	
3	2584	2238	2237	
3	2576	2238	2590	
3	2300	2598	2597	
3	2595	2599	2299	
3	2597	2603	2300	
3	2301	2300	2603	
3	2634	2628	2606	
3	2628	2297	2606	
3	2634	2629	2628	
3	2297	2628	2298	
3	2613	2262	2634	
3	2640	2624	2641	
3	2617	2615	2640	
3	2296	2298	2793	
3	2629	2634	2264	
3	2629	2794	2623	
3	2292	2263	2295	
3	2324	2795	2796	
3	2263	2637	2295	
3	2629	2264	2638	
3	2634	2262	2264	
3	2262	2637	2263	
3	2292	2295	2290	
3	2638	2264	2263	
3	2290	2274	2291	
3	2263	2292	2320	
3	2689	2729	2690	
3	2321	2320	2291	
3	2290	2273	2274	
3	2291	2797	2321	
3	2795	2324	2303	
3	2291	2274	2798	
3	2799	2800	2801	
3	2320	2322	2638	
3	2617	2619	2615	
3	2619	2618	2646	
3	2296	2793	2615	
3	2802	2668	2803	
3	2640	2793	2624	
3	2617	2640	2804	
3	2618	2617	2805	
3	2804	2640	2642	
3	2624	2793	2298	
3	2615	2793	2640	
3	2623	2799	2806	
3	2807	2641	2806	
3	2629	2623	2298	
3	2799	2623	2794	
3	2639	2322	2808	
3	2809	2810	2811	
3	2812	2807	2806	
3	2813	2642	2807	
3	2806	2641	2624	
3	2642	2641	2807	
3	2623	2806	2624	
3	2806	2799	2812	
3	2807	2814	2813	
3	2813	2815	2642	
3	2816	2794	2639	
3	2817	2818	2814	
3	2819	2820	2800	
3	2807	2817	2814	
3	2818	2817	2821	
3	2822	2818	2823	
3	2824	2804	2642	
3	2805	2617	2804	
3	2825	2823	2818	
3	2824	2805	2804	
3	2824	2642	2815	
3	2826	2827	2828	
3	2805	2647	2618	
3	2631	2803	2667	
3	2829	2627	2830	
3	2594	2197	2196	
3	2192	2831	1785	
3	2831	2186	2195	
3	1786	1785	2195	
3	2831	2195	1785	
3	2592	2651	2593	
3	2588	2651	2587	
3	2630	2632	2648	
3	2660	2632	2631	
3	2832	2626	2643	
3	2833	2834	2835	
3	2836	2837	2838	
3	2631	2630	2839	
3	2659	2631	2667	
3	2630	2626	2832	
3	2667	2803	2668	
3	2839	2803	2631	
3	2835	2840	2839	
3	2673	2675	2656	
3	2802	2839	2840	
3	1867	2644	2636	
3	2241	2644	2242	
3	2841	2729	2340	
3	2796	2842	2798	
3	1907	2688	2318	
3	2689	2318	2729	
3	2843	2844	2845	
3	2686	2339	2338	
3	2846	2690	2841	
3	2329	2317	2689	
3	1907	2318	2327	
3	2338	2340	2688	
3	2318	2689	2317	
3	2329	2689	2847	
3	2329	2847	2795	
3	2303	2323	2304	
3	2842	2848	2849	
3	2274	1875	2796	
3	2327	1908	1907	
3	2683	1909	1908	
3	2850	2851	2852	
3	2853	2854	2855	
3	2312	1908	2327	
3	2683	1908	2316	
3	2328	2683	2316	
3	2681	2856	2683	
3	2695	2694	2680	
3	2857	2858	2859	
3	2338	2688	2540	
3	2860	2841	2340	
3	2856	2861	2540	
3	2861	2687	2540	
3	2862	2339	2863	
3	2864	2865	2866	
3	2867	2868	2869	
3	2870	2871	2719	
3	2860	2340	2339	
3	2846	2860	2872	
3	2869	2873	2874	
3	2875	2855	2876	
3	2877	2878	2879	
3	2880	2339	2686	
3	2881	2882	2883	
3	2884	2885	2886	
3	2887	2888	2889	
3	2818	2822	2813	
3	2890	2891	2892	
3	2854	2893	2894	
3	2895	2725	2896	
3	2897	2898	2873	
3	2693	2695	2899	
3	2900	2867	2869	
3	2467	2706	2468	
3	2492	2468	2707	
3	2467	2699	2728	
3	2901	2713	2706	
3	2901	2706	2728	
3	2358	2707	2706	
3	2699	2439	2438	
3	2728	2706	2467	
3	2516	2438	2012	
3	2700	2508	2902	
3	2728	2699	2701	
3	2353	2352	2714	
3	2903	2904	2905	
3	2901	2727	2906	
3	2727	2901	2728	
3	2713	2901	2906	
3	2714	2907	2720	
3	2906	2727	2908	
3	2712	2713	2906	
3	2706	2713	2358	
3	2908	2907	2906	
3	2352	2348	2711	
3	2438	2516	2699	
3	2701	2909	2910	
3	2508	2718	2902	
3	2701	2700	2911	
3	2910	2912	2727	
3	2908	2912	2913	
3	2907	2714	2712	
3	2710	2353	2714	
3	2906	2907	2712	
3	2720	2907	2913	
3	2912	2908	2727	
3	2907	2908	2913	
3	2914	2915	2916	
3	2914	2719	2917	
3	2719	2720	2913	
3	2714	2720	2710	
3	2918	2883	2919	
3	2920	2921	2922	
3	2697	2357	2346	
3	2707	2358	2697	
3	1934	2361	2359	
3	2730	2361	2360	
3	2355	2064	2703	
3	2705	2064	2063	
3	2704	2730	2705	
3	2360	2703	2705	
3	1634	2730	2682	
3	2360	2705	2730	
3	2896	2717	2895	
3	2731	2923	2334	
3	2924	2733	2925	
3	2394	2924	2369	
3	1982	2394	2385	
3	2396	2926	2733	
3	1371	2001	2734	
3	2734	2001	2746	
3	2736	2745	2746	
3	2746	2745	2927	
3	2398	2395	2387	
3	2399	2395	2388	
3	2928	2391	2929	
3	2389	2930	2931	
3	2932	2390	2933	
3	2934	2764	2935	
3	2389	2398	2936	
3	2390	2389	2931	
3	2740	2393	2936	
3	2937	2931	2930	
3	2756	2938	2939	
3	2935	2940	2941	
3	2399	2000	2002	
3	2736	2000	2735	
3	2735	2942	2745	
3	2001	2736	2746	
3	2943	2944	2945	
3	2407	2946	2940	
3	2735	2745	2736	
3	2927	2745	2744	
3	2947	2948	2949	
3	2757	2749	2950	
3	2951	2950	2753	
3	2753	2747	2746	
3	2377	2379	1351	
3	2748	2379	2378	
3	1403	2377	1351	
3	2747	2377	2380	
3	1377	1997	2405	
3	2749	1389	2748	
3	2950	2749	2748	
3	2406	1997	2749	
3	2950	2748	2753	
3	2757	2950	2949	
3	2949	2744	2947	
3	2940	2935	2742	
3	2401	2417	2506	
3	2525	2506	2752	
3	2526	2752	2518	
3	2751	2779	2518	
3	2526	2778	2527	
3	2414	2041	2525	
3	2518	2752	2417	
3	2526	2525	2752	
3	2517	2417	2554	
3	2751	2952	2779	
3	2424	2527	2769	
3	2414	2525	2527	
3	2750	2554	2553	
3	2751	2518	2517	
3	2762	2750	2553	
3	2750	2762	2761	
3	2553	2742	2762	
3	2764	2762	2742	
3	2763	2738	2781	
3	2781	2952	2751	
3	2764	2742	2935	
3	2763	2953	2739	
3	2763	2764	2953	
3	2782	2780	2783	
3	2954	2783	2952	
3	2778	2526	2779	
3	2769	2777	2424	
3	2777	2480	2475	
3	2760	2777	2769	
3	2480	2469	2475	
3	2423	2426	2427	
3	2424	2777	2475	
3	2424	2475	2420	
3	2427	2420	2475	
3	2955	2956	2756	
3	2957	2953	2764	
3	2958	2957	2955	
3	2959	2960	2737	
3	2779	2952	2780	
3	2526	2518	2779	
3	2742	2741	2940	
3	2934	2935	2941	
3	2407	2940	2741	
3	2940	2946	2948	
3	2961	2962	2963	
3	2934	2955	2957	
3	2957	2764	2934	
3	2739	2953	2964	
3	2961	2963	2965	
3	2964	2953	2957	
3	2737	2739	2964	
3	2763	2739	2738	
3	2754	2965	2966	
3	2967	2968	2960	
3	2958	2964	2957	
3	2969	2483	2970	
3	2958	2955	2939	
3	2959	2737	2964	
3	2959	2964	2958	
3	2738	2737	2971	
3	2959	2958	2939	
3	2938	2972	2973	
3	2755	2938	2756	
3	2938	2974	2972	
3	2408	2407	2741	
3	2407	2406	2757	
3	2939	2955	2756	
3	2939	2973	2967	
3	2755	2754	2975	
3	2975	2974	2755	
3	2934	2976	2956	
3	2756	2965	2754	
3	2943	2758	2977	
3	2978	2979	2980	
3	2981	2980	2966	
3	2982	2983	2937	
3	2984	2985	2986	
3	2754	2987	2975	
3	2963	2981	2966	
3	2987	2966	2980	
3	2988	2989	2990	
3	2991	2992	2993	
3	2994	2981	2963	
3	2962	2995	2994	
3	2987	2754	2966	
3	2996	2975	2987	
3	2990	2997	2977	
3	2932	2933	2988	
3	2963	2966	2965	
3	2994	2944	2978	
3	2965	2956	2961	
3	2962	2994	2963	
3	2944	2943	2997	
3	2977	2390	2932	
3	2934	2941	2976	
3	2998	2948	2947	
3	2961	2976	2998	
3	2962	2999	2995	
3	3000	2996	3001	
3	2968	2967	3002	
3	2990	2932	2988	
3	2974	3003	2972	
3	3004	3005	3006	
3	3000	2974	2975	
3	2987	2980	3007	
3	2960	2971	2737	
3	3007	2979	3004	
3	2984	2983	2982	
3	2943	2945	3008	
3	3009	3010	3011	
3	3012	2521	2523	
3	2718	3013	2902	
3	2774	3014	3015	
3	2772	2774	3016	
3	2512	2776	2546	
3	3017	3018	3019	
3	2545	2548	2536	
3	2547	2548	2519	
3	2445	2547	2519	
3	2546	2560	2547	
3	2559	2790	2566	
3	2788	2534	3020	
3	2550	2552	2785	
3	2533	3020	2534	
3	2542	2550	2785	
3	3021	3022	3023	
3	3024	2776	2775	
3	3025	3026	3018	
3	2542	2785	1654	
3	2559	2542	2537	
3	3027	2776	3024	
3	2461	3020	2533	
3	3028	2790	3021	
3	3019	3029	3030	
3	2564	1654	2785	
3	1590	1654	2541	
3	3022	2544	2549	
3	2773	3024	2775	
3	3031	3032	2787	
3	2774	3015	3016	
3	2791	3033	3034	
3	3027	3023	3035	
3	3021	3026	3028	
3	2791	2534	2788	
3	3036	2772	3037	
3	3038	3027	3039	
3	2787	3032	2561	
3	2521	2533	2535	
3	3014	2532	2531	
3	3034	2534	2791	
3	3022	3021	2790	
3	3040	2522	3034	
3	2773	2772	3041	
3	2773	2775	2532	
3	3042	2920	3043	
3	2535	2522	2521	
3	3035	3023	2549	
3	3034	3033	3044	
3	3019	3018	3045	
3	2461	2569	3020	
3	3046	3047	3048	
3	3040	2523	2522	
3	3036	3041	2772	
3	3036	3049	3050	
3	3034	2522	2535	
3	2523	3051	3052	
3	3013	2718	3053	
3	2718	3012	3053	
3	2275	2273	2290	
3	1875	2273	2272	
3	2263	2320	2638	
3	2291	2320	2292	
3	2321	2797	3054	
3	2801	2800	2820	
3	2817	2807	2812	
3	2818	2813	2814	
3	2812	2801	2817	
3	2817	2801	2821	
3	2799	2801	2812	
3	2801	2820	2821	
3	2799	2816	2800	
3	2800	2816	2819	
3	2820	2894	2893	
3	2818	2821	2825	
3	2794	2816	2799	
3	2819	2816	2808	
3	3055	2854	2894	
3	2894	2810	3056	
3	2821	2820	2893	
3	2825	2885	2884	
3	2886	2885	3057	
3	2885	2825	3058	
3	3058	3057	2885	
3	2891	2890	3059	
3	2894	2820	2819	
3	3058	2893	2853	
3	3060	2827	3061	
3	3060	2890	3062	
3	2810	2819	2811	
3	2894	2819	2810	
3	3063	3064	3065	
3	2855	3063	3057	
3	2884	2823	2825	
3	2813	2822	3061	
3	2842	2849	3066	
3	3067	3068	3069	
3	3058	2825	2821	
3	2875	3064	2855	
3	2821	2893	3058	
3	2853	2893	2854	
3	2854	2876	2855	
3	2849	3070	3066	
3	2854	3055	2876	
3	3057	3058	2853	
3	3055	2894	3056	
3	3068	3067	3071	
3	2811	2819	2808	
3	3069	3056	2810	
3	2322	2811	2808	
3	2811	2321	3054	
3	3068	3056	3069	
3	3072	3073	3074	
3	3069	2810	2809	
3	3056	3068	3055	
3	3054	2797	3075	
3	3069	3066	3067	
3	3076	3077	3078	
3	3055	3079	2876	
3	2689	2691	2847	
3	3069	2809	3066	
3	3066	3070	3067	
3	3078	2875	2876	
3	2862	2863	3080	
3	3067	3070	3081	
3	3082	2846	2872	
3	3068	3079	3055	
3	3071	3081	3076	
3	3070	2849	3083	
3	3084	3085	3080	
3	2872	3086	3082	
3	3057	2853	2855	
3	3075	3066	2809	
3	3081	3070	3083	
3	2847	2691	3087	
3	3082	3088	3083	
3	3089	3076	3081	
3	3090	3077	3091	
3	3092	3093	3094	
3	2798	2842	2797	
3	2847	2848	2795	
3	3078	2876	3079	
3	3091	3095	3096	
3	3076	3078	3079	
3	3090	2875	3078	
3	3065	3097	3092	
3	3098	2865	2864	
3	3076	3079	3071	
3	3078	3077	3090	
3	3090	3064	2875	
3	3096	3064	3090	
3	3076	3073	3077	
3	3073	2887	3077	
3	3074	3099	3072	
3	3065	3100	3063	
3	3091	3077	2887	
3	2887	2889	3091	
3	3068	3071	3079	
3	3081	3071	3067	
3	3057	3063	2886	
3	3064	3063	2855	
3	3097	3065	3064	
3	2887	3073	3072	
3	3065	3101	3100	
3	3102	3091	2889	
3	3095	3103	3097	
3	3104	3105	3106	
3	3072	2888	2887	
3	3088	3074	3089	
3	2888	3072	3106	
3	3074	3088	3107	
3	3084	3108	3086	
3	3109	2888	3106	
3	3102	3110	3095	
3	3106	3072	3111	
3	2888	3109	2889	
3	3084	3112	3108	
3	3106	3111	3104	
3	3113	2922	2921	
3	3109	3106	3105	
3	3113	3105	3104	
3	2877	2879	3109	
3	2879	2889	3109	
3	2889	2879	3102	
3	2877	3109	3105	
3	3103	3095	3110	
3	3102	2879	3114	
3	3096	3095	3097	
3	2922	3115	3116	
3	3117	3048	3118	
3	3119	3105	3113	
3	3120	3121	3122	
3	2878	3123	2879	
3	3124	3125	3120	
3	3091	3102	3095	
3	3102	3114	3110	
3	3115	2922	3113	
3	3126	2878	3119	
3	2877	3105	3119	
3	3127	3128	3129	
3	3123	2878	3126	
3	3114	2879	3123	
3	3120	3122	3124	
3	3125	3123	3130	
3	3110	3114	3124	
3	3122	3093	3110	
3	3064	3096	3097	
3	3091	3096	3090	
3	2882	3116	3131	
3	2883	2882	2919	
3	2921	3132	3113	
3	3133	3042	3134	
3	3119	2878	2877	
3	2903	2905	3135	
3	3115	3113	3104	
3	3120	3125	3135	
3	2882	2920	2922	
3	3112	3136	3115	
3	3137	3131	3138	
3	2882	2881	2920	
3	3139	3140	3141	
3	3084	3136	3112	
3	3086	3085	3084	
3	3116	3115	3138	
3	3136	3138	3115	
3	2882	2922	3116	
3	2920	2881	3043	
3	3131	3116	3138	
3	3131	3137	2919	
3	2880	3142	3137	
3	3143	2852	2918	
3	2919	3137	3142	
3	2850	3144	3145	
3	2852	2851	3146	
3	3147	3148	3149	
3	3123	3124	3114	
3	3150	2891	3151	
3	3112	3115	3104	
3	3124	3122	3110	
3	3104	3111	3112	
3	3080	3136	3084	
3	3108	3112	3111	
3	3111	3099	3108	
3	3086	2872	3085	
3	3072	3099	3111	
3	3086	3099	3107	
3	3099	3086	3108	
3	3082	3086	3107	
3	3089	3074	3073	
3	3107	3099	3074	
3	3076	3089	3073	
3	3089	3081	3088	
3	3081	3083	3088	
3	3083	3152	3082	
3	3082	3153	2846	
3	3107	3088	3082	
3	2872	2860	3085	
3	2862	3085	2860	
3	3137	3138	2863	
3	2882	3131	2919	
3	2863	2880	3137	
3	3154	3142	2880	
3	2339	2880	2863	
3	2880	2686	3154	
3	3154	2686	2873	
3	3155	3143	3156	
3	3143	3142	2898	
3	2919	3142	2918	
3	2686	2687	2873	
3	3142	3154	2898	
3	2869	2874	2900	
3	2898	3154	2873	
3	2899	2858	2857	
3	2869	2897	2873	
3	2874	2861	2900	
3	2869	2868	2897	
3	2681	2844	2856	
3	2856	2844	2900	
3	3157	3158	2857	
3	3159	3160	3161	
3	3124	3123	3125	
3	3121	3120	3162	
3	3130	3123	3126	
3	3162	3135	2905	
3	3122	3163	3093	
3	3121	3164	3163	
3	3164	3165	3094	
3	2339	2862	2860	
3	3080	2863	3138	
3	3080	3138	3136	
3	3085	2862	3080	
3	3166	3143	2898	
3	3156	3167	3168	
3	2680	2845	2681	
3	2694	2843	2845	
3	2843	2693	3158	
3	2900	2844	2843	
3	3110	3093	3103	
3	3097	3103	3093	
3	3166	2898	2897	
3	3155	2850	3143	
3	2681	2845	2844	
3	2694	2845	2680	
3	2695	2680	2341	
3	2843	2694	2693	
3	2684	2341	1854	
3	2695	2684	2899	
3	2858	2685	2453	
3	2899	2685	2858	
3	3169	2859	2723	
3	2693	2899	2857	
3	2859	2858	3170	
3	3158	2868	2867	
3	3171	3172	3159	
3	2868	3158	3173	
3	2693	2857	3158	
3	2857	2859	3157	
3	3170	2858	2332	
3	2859	3174	3157	
3	2723	3170	2331	
3	2331	2724	2723	
3	3160	3172	3167	
3	3158	3157	3173	
3	2900	2843	2867	
3	3158	2867	2843	
3	2897	2868	3173	
3	3175	3176	3174	
3	3155	3168	3144	
3	2852	3143	2850	
3	2331	3170	2332	
3	2859	3170	2723	
3	2332	1878	1880	
3	2331	2335	2724	
3	2330	1880	1879	
3	2335	2331	1880	
3	2335	2923	2724	
3	2923	2731	2896	
3	2453	1878	2332	
3	1251	1878	1643	
3	2858	2453	2332	
3	2453	2685	1877	
3	2334	2923	2335	
3	2731	2726	2896	
3	2330	2334	2335	
3	2334	2333	2692	
3	2895	2717	2716	
3	2724	2923	2896	
3	3176	3175	3161	
3	2725	2724	2896	
3	2725	2895	3177	
3	2859	3169	3174	
3	3169	3175	3174	
3	3178	3177	3179	
3	3143	2918	3142	
3	2918	2852	3146	
3	2723	2725	3169	
3	3177	3175	2725	
3	3177	2895	3179	
3	3180	3181	3182	
3	2725	3175	3169	
3	3161	3175	3178	
3	3178	3181	3159	
3	3161	3160	3176	
3	3183	2870	2916	
3	3160	3159	3172	
3	3160	3167	3173	
3	3174	3176	3157	
3	3178	3159	3161	
3	3184	3172	3171	
3	3183	3185	3180	
3	3145	3186	2850	
3	3168	3172	3184	
3	3172	3168	3167	
3	3144	3168	3184	
3	3155	3156	3168	
3	3187	3156	3166	
3	3167	3187	3173	
3	3157	3176	3173	
3	3173	3176	3160	
3	3184	3188	3189	
3	2851	3190	3146	
3	3179	2895	2716	
3	3175	3177	3178	
3	3182	3179	2716	
3	3159	3181	3171	
3	3182	2871	2870	
3	3185	3188	3180	
3	3156	3187	3167	
3	2897	3173	3187	
3	3144	3184	3189	
3	3191	3140	3192	
3	3178	3179	3181	
3	3182	3181	3179	
3	2912	3193	2917	
3	3194	3145	3189	
3	3188	3184	3171	
3	3189	3195	3194	
3	3180	3188	3171	
3	3195	3189	3188	
3	3196	3195	3185	
3	3197	3198	3199	
3	3181	3180	3171	
3	3180	3182	3183	
3	2914	2916	2870	
3	3200	2909	3198	
3	3196	3185	2916	
3	3195	3188	3185	
3	2870	3183	3182	
3	3185	3183	2916	
3	2871	3182	2716	
3	2870	2719	2914	
3	2721	2871	2716	
3	2871	2722	2719	
3	2917	2719	2913	
3	3200	3201	3202	
3	2715	2721	2716	
3	2722	2708	2710	
3	2719	2722	2710	
3	2871	2721	2722	
3	2913	2912	2917	
3	3193	2915	2914	
3	3052	3013	3053	
3	3203	3196	2915	
3	3193	2914	2917	
3	2915	3204	3203	
3	3205	2912	2910	
3	2915	3193	3202	
3	3046	3206	3201	
3	3195	3203	3207	
3	2915	3196	2916	
3	3195	3196	3203	
3	3061	2815	2813	
3	2822	3059	3061	
3	2822	2823	3151	
3	3059	3060	3061	
3	3208	2828	2827	
3	2827	2815	3061	
3	2866	3209	3150	
3	3151	2884	3150	
3	2892	3150	3209	
3	3150	2884	2866	
3	2827	2824	2815	
3	2890	3060	3059	
3	3062	3208	3060	
3	3208	3210	2828	
3	2834	3211	2837	
3	2805	2824	2826	
3	2647	2646	2618	
3	2643	2646	2645	
3	3211	2834	2833	
3	2805	3211	2647	
3	2643	2645	2832	
3	2643	2626	2609	
3	2835	2832	2645	
3	2839	2630	2832	
3	3212	3213	2840	
3	2645	2647	2833	
3	3211	2833	2647	
3	2834	2840	2835	
3	2838	2837	3211	
3	3210	2836	2838	
3	2832	2835	2839	
3	2645	2833	2835	
3	3212	2840	2834	
3	2802	2840	3213	
3	3214	2826	2828	
3	2836	3212	2837	
3	3214	3211	2805	
3	2834	2837	3212	
3	3210	2838	2828	
3	2668	2802	3213	
3	2839	2802	2803	
3	2195	2186	2185	
3	2594	2186	2831	
3	2829	2831	2192	
3	2657	2671	2830	
3	2594	2831	3215	
3	3216	3217	2653	
3	3218	3219	2679	
3	2594	3215	2669	
3	3220	3221	2671	
3	2669	3215	3221	
3	2197	2669	3217	
3	3222	3223	3218	
3	2653	2652	3216	
3	2669	3221	2653	
3	2197	3217	2676	
3	2671	3221	3215	
3	3221	3220	2653	
3	2830	2671	3215	
3	2678	2670	2658	
3	2654	2653	3220	
3	2653	3217	2669	
3	3218	3223	3224	
3	3225	2652	2654	
3	2676	3217	3216	
3	3219	3220	2671	
3	3226	3227	3225	
3	2670	3219	2671	
3	3226	3225	2654	
3	2677	3218	2679	
3	2658	2656	2678	
3	2675	2677	2678	
3	2670	2679	3219	
3	2678	2677	2679	
3	3218	2677	3222	
3	3223	3222	3228	
3	3224	3219	3218	
3	3226	3223	3228	
3	3224	2654	3220	
3	2654	3224	3223	
3	3220	3219	3224	
3	3223	3226	2654	
3	3227	3226	3228	
3	2317	2303	2302	
3	2795	2303	2329	
3	1874	2324	1875	
3	2303	2324	2323	
3	2324	2796	1875	
3	2796	2795	2848	
3	2683	2856	1909	
3	2540	1909	2856	
3	2900	2861	2856	
3	2861	2874	2687	
3	2687	2338	2540	
3	2873	2687	2874	
3	3083	3087	3152	
3	2849	3087	3083	
3	2847	3087	2849	
3	3152	3087	2691	
3	2691	3153	3152	
3	3082	3152	3153	
3	2841	2690	2729	
3	2691	2690	3153	
3	2713	2711	2358	
3	2352	2711	2712	
3	2508	2700	2516	
3	2699	2516	2700	
3	2701	2910	2727	
3	3205	2910	2909	
3	2909	2701	2911	
3	3193	2912	3205	
3	3229	3197	3199	
3	2909	3200	3205	
3	2704	2692	2682	
3	2334	2692	2731	
3	2730	2704	2682	
3	2704	2063	2726	
3	2896	2726	2717	
3	2704	2726	2731	
3	2734	2747	2380	
3	2369	2924	2929	
3	2747	2753	2378	
3	2753	2746	2927	
3	2753	2927	2951	
3	2949	2950	2951	
3	2407	2757	2946	
3	2999	2947	2744	
3	2962	2961	2998	
3	2042	2419	2422	
3	2414	2419	2415	
3	2422	2420	2426	
3	2427	2426	2420	
3	2952	2781	2954	
3	2782	3230	2778	
3	3231	3232	3233	
3	3049	3036	3037	
3	2988	2986	3234	
3	2983	2933	2931	
3	2756	2956	2965	
3	2934	2956	2955	
3	2976	2941	2998	
3	2956	2976	2961	
3	2948	2998	2941	
3	2999	2998	2947	
3	2940	2948	2941	
3	2948	2946	2949	
3	2743	2942	2995	
3	2942	2735	3008	
3	2745	2942	2743	
3	3008	2735	2400	
3	2943	3008	2400	
3	2942	3008	2945	
3	2758	2943	2400	
3	2978	2944	2997	
3	2388	2758	2400	
3	2977	2758	2390	
3	2990	2977	2932	
3	2943	2977	2997	
3	2937	2983	2931	
3	3235	3236	3234	
3	3237	3238	3239	
3	2978	2980	2981	
3	3004	3240	3005	
3	2942	2945	2995	
3	2997	2990	2979	
3	2931	2933	2390	
3	2988	3241	2989	
3	2986	2988	2933	
3	2983	2986	2933	
3	2979	2990	2989	
3	2994	2995	2944	
3	2945	2944	2995	
3	2979	2978	2997	
3	2994	2978	2981	
3	2930	3242	2937	
3	3001	3243	3244	
3	3245	3246	3247	
3	3248	3249	2985	
3	2986	2985	3234	
3	2930	2392	3242	
3	3250	3251	3252	
3	3253	3254	3255	
3	2983	2984	2986	
3	3248	2984	3256	
3	3242	3257	2937	
3	3248	2985	2984	
3	3256	3258	3259	
3	3241	3234	3240	
3	3251	3250	3260	
3	3256	2984	3258	
3	3261	3251	3262	
3	3234	2985	3235	
3	3236	3263	3264	
3	3240	3234	3236	
3	3234	3241	2988	
3	3235	3249	3236	
3	3243	3006	3005	
3	3005	3240	3265	
3	2989	3240	3004	
3	3247	3005	3265	
3	3006	2987	3007	
3	3264	3266	3245	
3	3239	3246	3245	
3	3005	3247	3243	
3	2996	3006	3243	
3	3264	3245	3247	
3	3247	3246	3243	
3	3267	3268	3269	
3	3266	3263	3268	
3	3244	3246	3270	
3	2996	3243	3001	
3	3264	3247	3265	
3	3239	3245	3266	
3	3236	3265	3240	
3	3236	3264	3265	
3	3271	3239	3272	
3	3273	3274	3275	
3	3235	2985	3249	
3	3236	3276	3263	
3	3261	3252	3251	
3	3264	3263	3266	
3	3277	3278	3279	
3	3263	3276	3269	
3	3001	3280	3000	
3	2987	3006	2996	
3	3239	3281	3272	
3	3001	3244	3282	
3	3283	3284	3267	
3	3281	3266	3268	
3	3246	3244	3243	
3	3282	3244	3270	
3	3285	3010	3270	
3	3282	3009	3280	
3	3271	3286	3237	
3	3285	3237	3287	
3	3288	3269	3276	
3	3269	3288	3279	
3	3288	3260	3250	
3	3289	3287	3290	
3	3291	3283	3278	
3	3269	3279	3283	
3	3269	3268	3263	
3	3281	3268	3267	
3	3272	3267	3292	
3	3239	3266	3281	
3	3293	3294	3295	
3	3272	3292	3296	
3	3267	3272	3281	
3	3271	3272	3296	
3	3292	3297	3298	
3	3286	3299	3300	
3	3286	3271	3299	
3	3237	3239	3271	
3	3298	3294	3296	
3	3301	3302	3303	
3	3287	3237	3304	
3	3246	3238	3270	
3	3299	3305	3300	
3	3237	3286	3304	
3	3306	3307	3308	
3	3308	3309	3274	
3	2938	2973	2939	
3	2974	2938	2755	
3	3013	3199	2902	
3	2911	3198	2909	
3	3013	3229	3199	
3	2911	3199	3198	
3	3310	3044	3311	
3	3117	3312	3046	
3	3047	3197	3313	
3	3202	3201	3204	
3	3314	3313	3229	
3	3315	3048	3316	
3	3198	3197	3201	
3	3201	3197	3047	
3	3048	3047	3313	
3	3201	3047	3046	
3	3317	3311	2792	
3	3318	3319	3320	
3	2700	2902	2911	
3	2911	2902	3199	
3	3039	3024	3041	
3	2788	3020	2786	
3	2531	2512	2444	
3	3021	3045	3026	
3	2484	3321	2482	
3	2772	3016	3037	
3	2546	2776	3035	
3	2566	2551	2550	
3	2535	2534	3034	
3	3041	3024	2773	
3	2787	2563	2791	
3	2544	2559	2537	
3	2549	3023	3022	
3	3035	2549	2560	
3	3045	3021	3023	
3	3022	2790	2544	
3	2786	3322	3031	
3	2531	2430	3014	
3	2790	2559	2544	
3	3039	3027	3024	
3	3036	3039	3041	
3	3323	3324	3325	
3	2773	2532	2774	
3	2567	2551	3326	
3	3045	3023	3027	
3	3016	2513	3327	
3	2532	2775	2512	
3	2532	3014	2774	
3	3015	2484	2483	
3	2513	3016	3015	
3	2484	3015	3014	
3	3016	3327	3037	
3	3328	3329	3330	
3	3331	3332	2765	
3	3333	3331	3334	
3	3335	3049	3332	
3	3332	3049	3037	
3	2483	2513	3015	
3	3327	2513	2514	
3	3332	3037	3327	
3	3049	3335	3336	
3	2441	2472	2442	
3	3337	2784	3338	
3	2514	2766	3327	
3	3327	2766	3332	
3	2969	3339	2483	
3	3335	3332	3331	
3	2765	3330	3331	
3	3335	3331	3333	
3	3331	3330	3334	
3	3340	3341	3342	
3	2786	3020	2568	
3	2791	2788	2787	
3	2568	3322	2786	
3	3325	3322	3343	
3	2567	2568	2565	
3	3325	3031	3322	
3	3344	3345	3025	
3	3030	3346	3347	
3	3032	3031	3324	
3	2787	2786	3031	
3	3323	3325	3343	
3	3324	3031	3325	
3	3045	3018	3026	
3	3348	3349	3350	
3	3351	3352	3353	
3	2563	2787	2561	
3	3014	2430	2484	
3	2430	2441	3321	
3	2767	2766	2514	
3	3332	2766	2765	
3	2482	2970	2483	
3	3354	3355	3356	
3	2765	3328	3330	
3	3357	3358	3359	
3	3050	3336	3360	
3	3025	3018	3361	
3	3324	3362	3363	
3	2562	3364	2563	
3	3365	3366	3367	
3	3368	3369	3370	
3	3351	3371	3372	
3	2528	2530	3353	
3	3328	2765	2767	
3	3357	3334	3330	
3	2970	3373	2969	
3	3374	3373	3375	
3	3359	3334	3357	
3	3336	3050	3049	
3	3357	3330	3329	
3	3334	3359	3333	
3	3376	3329	3328	
3	3377	3378	3379	
3	3377	3333	3359	
3	3335	3333	3336	
3	3380	3381	3382	
3	3329	3376	3383	
3	3384	3385	3386	
3	3359	3387	3377	
3	3019	3045	3038	
3	3361	3018	3388	
3	3036	3029	3039	
3	3029	3050	3030	
3	3344	3361	3340	
3	3343	3345	3389	
3	3340	3361	3388	
3	3361	3344	3025	
3	3346	3050	3360	
3	3390	3391	3392	
3	3389	3345	3344	
3	3026	3025	3028	
3	2789	3345	3326	
3	2789	2790	3028	
3	3025	3345	3028	
3	2789	3028	3345	
3	3032	3363	3393	
3	3394	3348	3350	
3	3362	3324	3323	
3	3348	3395	3396	
3	3323	3342	3395	
3	3362	3323	3395	
3	3340	3342	3344	
3	3362	3395	3348	
3	3321	2484	2430	
3	2530	2970	2482	
3	2441	2430	2472	
3	3397	2482	3321	
3	2530	2529	2970	
3	3398	3399	3400	
3	2474	2556	2442	
3	3321	2441	2440	
3	2530	2482	3397	
3	2970	2529	3373	
3	2557	2556	2474	
3	3401	2457	2771	
3	2440	3351	3397	
3	3353	3397	3351	
3	2759	3402	3403	
3	2770	3404	3402	
3	2771	3405	3401	
3	3406	3407	3356	
3	3408	3409	3399	
3	3339	2767	2514	
3	2474	2442	2472	
3	2440	2442	2556	
3	1611	2474	2472	
3	2474	2410	2557	
3	2556	2558	3371	
3	2440	3397	3321	
3	2410	2412	2557	
3	2412	3401	2558	
3	2411	2410	2437	
3	2412	2457	3401	
3	2437	2024	2411	
3	2026	2411	2024	
3	3410	2511	3411	
3	3372	3371	2558	
3	2412	2558	2557	
3	2558	3401	3372	
3	3405	2771	3410	
3	2759	2770	3402	
3	3351	3372	3352	
3	2440	2556	3371	
3	3370	3369	3412	
3	3368	3347	3346	
3	3333	3377	3336	
3	3336	3377	3360	
3	3413	3414	3415	
3	3359	3358	3387	
3	3382	3412	3379	
3	3416	3381	3380	
3	3417	3418	3419	
3	3341	3396	3342	
3	3358	3357	3420	
3	3346	3360	3369	
3	3421	3358	3422	
3	3423	3424	3385	
3	3346	3369	3368	
3	3388	3018	3017	
3	3326	3345	3343	
3	2789	2551	2566	
3	3326	3343	2567	
3	2551	2789	3326	
3	3343	3322	2567	
3	2568	2567	3322	
3	3425	3341	3426	
3	2440	3371	3351	
3	3426	3388	3347	
3	3323	3389	3342	
3	3377	3427	3360	
3	3425	3385	3428	
3	3050	3346	3030	
3	3368	3370	3429	
3	3385	3384	3423	
3	3396	3395	3342	
3	3363	3032	3324	
3	3363	3362	3394	
3	2561	3367	2562	
3	3032	3393	2561	
3	2563	3364	2792	
3	3369	3360	3427	
3	3347	3368	3429	
3	3369	3427	3412	
3	3396	3349	3348	
3	3426	3347	3429	
3	3388	3017	3347	
3	3039	3029	3019	
3	3050	3029	3036	
3	3019	3030	3017	
3	3347	3017	3030	
3	3350	3430	3394	
3	3366	2562	3367	
3	3367	2561	3393	
3	3364	2562	3431	
3	3432	3433	3434	
3	3435	3436	3437	
3	3425	3426	3429	
3	3388	3426	3340	
3	3386	3429	3370	
3	3425	3428	3349	
3	3432	3438	3439	
3	3438	3367	3393	
3	3440	3366	3365	
3	3441	3442	3313	
3	3349	3396	3341	
3	3435	3350	3349	
3	3437	3350	3435	
3	3365	3367	3443	
3	3435	3349	3428	
3	3350	3437	3430	
3	3436	3424	3444	
3	3445	3446	3447	
3	3429	3386	3425	
3	3445	3434	3448	
3	3435	3428	3424	
3	3449	3447	3446	
3	3436	3435	3424	
3	3394	3439	3363	
3	3450	3451	3452	
3	3443	3453	3365	
3	3431	2562	3366	
3	2792	3364	3317	
3	3317	3454	3311	
3	2792	3033	2791	
3	3317	3431	3455	
3	3456	3457	3319	
3	3348	3394	3362	
3	3439	3394	3430	
3	3458	3433	3459	
3	3460	3453	3434	
3	3367	3438	3443	
3	3461	3450	3460	
3	3439	3438	3393	
3	3438	3432	3443	
3	3363	3439	3393	
3	3439	3430	3459	
3	3434	3443	3432	
3	3443	3434	3453	
3	3433	3432	3459	
3	3445	3460	3434	
3	3462	3318	3463	
3	3455	3431	3440	
3	3461	3460	3445	
3	3464	3365	3453	
3	3450	3461	3451	
3	3453	3460	3465	
3	3466	3462	3463	
3	3317	3455	3467	
3	3461	3445	3447	
3	3434	3433	3448	
3	3444	3424	3468	
3	3425	3386	3385	
3	3445	3448	3446	
3	3319	3469	3456	
3	3365	3464	3440	
3	3466	3465	3452	
3	3460	3450	3465	
3	3470	3462	3466	
3	3465	3466	3464	
3	3453	3465	3464	
3	3465	3450	3452	
3	3470	3452	3471	
3	3464	3466	3463	
3	3316	3048	3442	
3	3455	3472	3467	
3	3319	3462	3470	
3	3472	3463	3318	
3	3129	3473	3474	
3	3318	3462	3319	
3	3455	3440	3463	
3	3463	3440	3464	
3	3470	3469	3319	
3	3470	3471	3469	
3	3320	3457	3475	
3	3471	3456	3469	
3	3471	3452	3451	
3	3466	3452	3470	
3	3476	3477	3478	
3	3475	3148	3147	
3	3456	3148	3457	
3	3479	3147	3480	
3	3319	3457	3320	
3	3048	3313	3442	
3	3481	3482	3483	
3	3484	3485	3486	
3	3012	2718	2507	
3	3052	3053	2523	
3	2521	3012	2507	
3	2523	3053	3012	
3	3051	2523	3040	
3	3229	3313	3197	
3	3441	3314	3487	
3	3441	3313	3314	
3	3013	3052	3229	
3	3314	3052	3051	
3	3487	3051	3040	
3	3487	3488	3441	
3	3044	3487	3040	
3	3310	3487	3044	
3	3034	3044	3040	
3	3044	3033	3311	
3	3310	3489	3477	
3	3487	3310	3488	
3	3467	3490	3454	
3	3491	3480	3492	
3	3310	3477	3488	
3	3488	3476	3442	
3	3441	3488	3442	
3	3476	3488	3477	
3	3493	3478	3494	
3	3442	3476	3316	
3	3495	3496	3497	
3	3141	3140	3118	
3	3498	3476	3478	
3	3191	3118	3140	
3	3494	3478	3477	
3	3478	3493	3498	
3	3498	3316	3476	
3	3498	3141	3315	
3	3490	3489	3454	
3	3491	3499	3486	
3	3498	3493	3500	
3	3048	3315	3118	
3	3475	3486	3320	
3	3501	3502	3503	
3	3316	3498	3315	
3	3141	3498	3139	
3	3504	3140	3139	
3	3118	3315	3141	
3	3505	3506	3507	
3	3146	3508	2883	
3	3140	3509	3192	
3	3510	3503	3511	
3	3512	3513	3043	
3	3194	3195	3207	
3	3514	3511	3207	
3	3117	3191	3312	
3	2811	2322	2321	
3	2808	2816	2639	
3	2629	2639	2794	
3	2638	2322	2639	
3	3075	2797	2842	
3	2811	3054	2809	
3	3066	3075	2842	
3	2809	3054	3075	
3	2690	2846	3153	
3	2860	2846	2841	
3	2884	2886	2866	
3	3515	3098	3165	
3	2892	2891	3150	
3	3059	2822	3151	
3	3151	2823	2884	
3	3098	3094	3165	
3	3209	2866	2865	
3	3092	3094	3101	
3	3164	3094	3093	
3	3059	3151	2891	
3	3065	3092	3101	
3	3093	3092	3097	
3	2864	2866	2886	
3	3515	3209	2865	
3	2886	3100	2864	
3	2864	3100	3098	
3	3100	2886	3063	
3	3098	3100	3101	
3	3098	3101	3094	
3	2865	3098	3515	
3	2291	2798	2797	
3	2796	2798	2274	
3	2849	2848	2847	
3	2796	2848	2842	
3	3130	3126	3128	
3	3125	3130	2903	
3	3126	3119	3516	
3	3517	3518	3519	
3	3128	2903	3130	
3	3520	3521	3522	
3	3129	3128	3126	
3	3128	3127	3523	
3	3516	3132	3133	
3	3495	3524	3525	
3	3120	3135	3162	
3	3523	2904	2903	
3	2903	3135	3125	
3	3121	3163	3122	
3	3164	3093	3163	
3	2899	2684	2685	
3	2341	2684	2695	
3	3187	3166	2897	
3	3143	3166	3156	
3	3509	3526	3192	
3	3512	3043	3508	
3	3144	2850	3155	
3	2851	2850	3186	
3	3527	2851	3186	
3	3146	2883	2918	
3	3186	3145	3502	
3	3528	3509	3529	
3	3190	2851	3527	
3	2883	3508	2881	
3	3530	3190	3527	
3	3508	3190	3531	
3	3190	3508	3146	
3	3508	3531	3512	
3	3530	3531	3190	
3	3530	3525	3531	
3	3189	3145	3144	
3	3502	3145	3194	
3	3514	3207	3203	
3	3191	3192	3510	
3	3532	3514	3203	
3	3532	3206	3533	
3	3526	3528	3501	
3	3194	3207	3503	
3	3532	3203	3204	
3	3511	3514	3533	
3	3206	3532	3204	
3	3533	3514	3532	
3	3533	3312	3510	
3	3207	3511	3503	
3	3201	3206	3204	
3	3206	3046	3312	
3	3060	3208	2827	
3	3210	3208	3062	
3	2827	2826	2824	
3	3214	2828	2838	
3	3211	3214	2838	
3	2805	2826	3214	
3	2627	2829	2192	
3	3215	2831	2829	
3	2829	2830	3215	
3	2657	2830	2627	
3	2655	2657	2627	
3	2670	2657	2658	
3	1982	2396	2394	
3	1986	2926	2396	
3	2925	2733	2926	
3	2394	2733	2924	
3	2757	2949	2946	
3	2744	2949	2951	
3	2927	2744	2951	
3	2999	2744	2743	
3	2995	2999	2743	
3	2998	2999	2962	
3	2783	2780	2952	
3	2780	2782	2778	
3	3534	2954	2738	
3	2782	2784	3404	
3	2782	3404	3230	
3	2527	2778	2769	
3	2971	3534	2738	
3	3535	3355	3536	
3	3537	2783	2954	
3	2768	3403	3411	
3	2770	2769	3230	
3	2769	2778	3230	
3	3538	3539	3540	
3	3537	2954	3541	
3	3338	2784	2783	
3	3404	2784	3337	
3	3539	3542	3535	
3	3543	3544	3545	
3	3404	3337	3402	
3	3404	2770	3230	
3	3402	3337	3546	
3	3546	3403	3402	
3	3547	3546	3337	
3	3338	3535	3547	
3	3403	3548	3543	
3	2477	2768	2511	
3	3547	3337	3338	
3	3403	3546	3548	
3	3535	3338	3539	
3	3546	3547	3536	
3	3538	3549	3539	
3	3536	3548	3546	
3	3537	3539	3338	
3	3535	3542	3355	
3	2971	3540	3534	
3	3541	3540	3539	
3	3550	3549	3551	
3	3398	3400	3552	
3	2954	3534	3541	
3	3338	2783	3537	
3	3540	3541	3534	
3	3539	3537	3541	
3	3548	3544	3543	
3	3400	3553	3554	
3	2759	3403	2768	
3	3403	3543	3411	
3	2971	3555	3540	
3	3540	3556	3538	
3	3544	3548	3355	
3	3543	3545	3411	
3	3553	3557	3545	
3	2511	2768	3411	
3	2960	3555	2971	
3	2991	3555	2968	
3	3538	3556	3551	
3	3558	2528	3399	
3	3549	3406	3542	
3	3355	3354	3544	
3	3556	3540	3555	
3	3549	3538	3551	
3	3559	3560	3561	
3	3562	3550	3563	
3	3406	3549	3550	
3	3539	3549	3542	
3	3559	3551	3556	
3	3409	3558	3399	
3	3406	3562	3407	
3	3542	3406	3356	
3	3407	3564	3565	
3	3545	3544	3552	
3	3564	3407	3562	
3	3356	3407	3565	
3	3559	3563	3550	
3	3566	3567	3568	
3	3356	3565	3354	
3	3356	3355	3542	
3	3354	3565	3569	
3	3544	3354	3552	
3	3556	2991	3560	
3	3570	3560	3571	
3	3572	3569	3565	
3	3273	3573	3572	
3	3398	3354	3569	
3	3398	3552	3354	
3	3560	2991	2993	
3	3559	3561	3563	
3	3572	3565	3564	
3	3569	3408	3398	
3	3572	3564	3273	
3	3408	3569	3572	
3	3408	3399	3398	
3	3574	3575	3352	
3	3572	3573	3408	
3	3575	2528	3352	
3	3575	3400	3399	
3	3400	3575	3553	
3	2528	3575	3399	
3	3574	3352	3372	
3	2992	2968	3002	
3	3231	3576	3577	
3	3578	3579	3580	
3	3562	3563	3581	
3	3581	3564	3562	
3	3582	3566	3568	
3	3405	3583	3401	
3	3552	3554	3545	
3	3556	3560	3559	
3	3560	2993	3571	
3	3584	3585	3586	
3	3587	3588	3589	
3	3273	3564	3590	
3	3273	3591	3573	
3	3592	3593	3594	
3	3567	3566	3595	
3	3595	3573	3591	
3	3408	3573	3409	
3	3592	3567	3593	
3	3596	3597	3374	
3	3598	3573	3595	
3	3599	3558	3409	
3	3593	3567	3595	
3	3566	3599	3598	
3	3409	3598	3599	
3	2528	3558	3375	
3	3566	3582	3600	
3	3599	3374	3375	
3	3601	3602	3603	
3	3588	3604	3589	
3	3593	3595	3591	
3	3589	3568	3567	
3	3591	3275	3593	
3	3275	3309	3594	
3	3568	3589	3604	
3	3605	3606	3607	
3	3273	3275	3591	
3	3275	3274	3309	
3	3589	3567	3592	
3	3582	3568	3604	
3	3608	3563	3561	
3	3307	3609	3309	
3	3592	3594	3610	
3	3589	3592	3587	
3	3592	3610	3587	
3	3307	3306	3301	
3	3611	3609	3612	
3	3329	3420	3357	
3	3613	3607	3582	
3	2767	3614	3328	
3	3275	3594	3593	
3	3594	3309	3610	
3	3309	3308	3307	
3	3609	3307	3612	
3	3615	3579	3616	
3	3609	3610	3309	
3	3302	3301	3617	
3	3618	3619	3620	
3	3308	3274	3621	
3	3622	3621	3615	
3	3306	3308	3622	
3	3611	3610	3609	
3	3623	3624	3625	
3	3612	3307	3301	
3	3622	3615	3626	
3	3627	3628	3629	
3	3630	3631	3632	
3	3611	3629	3610	
3	3633	3634	3303	
3	3632	3631	3617	
3	3617	3301	3306	
3	3308	3621	3622	
3	3635	3301	3303	
3	3420	3636	3422	
3	3590	3274	3273	
3	3580	3608	3561	
3	3634	3620	3635	
3	3632	3626	3616	
3	3616	3626	3615	
3	3622	3626	3306	
3	3617	3306	3626	
3	3579	3637	3638	
3	3639	3640	3641	
3	3615	3580	3579	
3	3632	3616	3642	
3	3637	3579	3578	
3	3642	3616	3579	
3	3632	3642	3630	
3	3626	3632	3617	
3	3643	3642	3638	
3	3644	3645	3646	
3	3644	3631	3630	
3	3617	3631	3302	
3	3643	3630	3642	
3	3303	3302	3633	
3	3644	3302	3631	
3	3302	3644	3633	
3	3645	3644	3630	
3	3644	3646	3633	
3	3647	3646	3648	
3	3635	3612	3301	
3	3649	3650	3651	
3	3623	3647	3624	
3	3608	3580	3615	
3	3580	3561	3570	
3	3615	3621	3608	
3	3563	3608	3621	
3	3233	3637	3578	
3	3585	3652	3653	
3	3654	3655	3656	
3	3633	3646	3623	
3	3657	3658	3656	
3	3618	3620	3659	
3	3578	3660	3233	
3	3638	3637	3232	
3	3571	3661	3660	
3	3662	2972	3663	
3	3232	3664	3638	
3	3579	3638	3642	
3	3232	3231	3584	
3	3584	3665	3585	
3	3664	3643	3638	
3	3641	3643	3639	
3	3648	3646	3645	
3	3625	3634	3633	
3	3625	3633	3623	
3	3620	3634	3659	
3	3641	3640	3645	
3	3647	3666	3624	
3	3667	3668	3658	
3	3659	3634	3625	
3	3669	3618	3668	
3	3635	3611	3612	
3	3646	3647	3623	
3	3670	3671	3666	
3	3672	3673	3674	
3	3667	3675	3668	
3	3676	3677	3678	
3	3656	3624	3654	
3	3667	3679	3675	
3	3588	3587	3628	
3	2967	2960	2959	
3	3555	2960	2968	
3	2939	2967	2959	
3	2967	2973	3002	
3	2973	2972	3002	
3	3662	2992	3002	
3	3662	3002	2972	
3	3660	3661	3576	
3	3663	2972	3003	
3	3662	3680	3661	
3	2993	2992	3661	
3	3662	3661	2992	
3	3009	3681	3003	
3	3661	3680	3576	
3	3660	3576	3233	
3	3571	3660	3578	
3	3231	3233	3576	
3	3232	3637	3233	
3	3571	3578	3570	
3	3661	3571	2993	
3	3576	3680	3577	
3	3664	3584	3639	
3	3580	3570	3578	
3	3560	3570	3561	
3	3681	3577	3663	
3	3682	3577	3011	
3	3665	3231	3577	
3	3683	3289	3652	
3	3003	3681	3663	
3	3665	3584	3231	
3	3652	3682	3683	
3	3683	3287	3289	
3	2979	3007	2980	
3	3006	3007	3004	
3	2397	2391	3684	
3	3255	3254	2397	
3	3258	2984	2982	
3	3257	3254	3685	
3	3259	3248	3256	
3	2982	3257	3258	
3	3259	3258	3685	
3	2937	3257	2982	
3	3254	3257	3242	
3	3254	3242	2397	
3	3261	3262	3253	
3	3257	3685	3258	
3	3253	3685	3254	
3	3259	3685	3262	
3	3253	3262	3685	
3	3288	3250	3686	
3	3259	3262	3251	
3	3248	3259	3251	
3	3686	3250	3252	
3	3288	3276	3260	
3	3249	3260	3276	
3	3251	3260	3248	
3	3260	3249	3248	
3	3236	3249	3276	
3	3687	3300	3688	
3	3285	3287	3683	
3	3653	3689	3586	
3	3285	3683	3010	
3	3285	3270	3238	
3	3290	3287	3304	
3	3652	3289	3690	
3	3652	3690	3653	
3	3652	3665	3682	
3	3691	3692	3693	
3	3639	3584	3586	
3	3577	3682	3665	
3	3683	3682	3011	
3	3239	3238	3246	
3	3285	3238	3237	
3	2915	3202	3204	
3	3200	3193	3205	
3	2546	3035	2560	
3	3027	3035	2776	
3	2565	2569	2463	
3	3020	2569	2568	
3	3604	3588	3694	
3	3695	3696	3697	
3	3027	3038	3045	
3	3039	3019	3038	
3	3342	3389	3344	
3	3343	3389	3323	
3	3397	3353	2530	
3	3352	2528	3353	
3	2483	3339	2514	
3	3597	3339	2969	
3	2515	2771	2457	
3	3410	2771	2543	
3	2511	3410	2543	
3	3410	3411	3557	
3	3545	3557	3411	
3	3553	3372	3583	
3	3410	3557	3405	
3	3583	3405	3557	
3	3553	3583	3557	
3	3401	3583	3372	
3	3412	3427	3379	
3	3698	3384	3386	
3	3698	3386	3370	
3	3424	3428	3385	
3	3391	3384	3698	
3	3412	3381	3370	
3	3381	3412	3382	
3	3391	3698	3416	
3	3391	3423	3384	
3	3378	3382	3379	
3	3423	3391	3390	
3	3699	3700	3701	
3	3701	3380	3699	
3	3702	3703	3704	
3	3424	3423	3468	
3	3364	3431	3317	
3	3468	3705	3706	
3	3440	3431	3366	
3	3455	3463	3472	
3	3489	3490	3477	
3	3432	3439	3459	
3	3446	3448	3707	
3	3430	3437	3459	
3	3708	3709	3449	
3	3459	3437	3458	
3	3436	3710	3437	
3	3707	3458	3703	
3	3433	3458	3707	
3	3710	3703	3458	
3	3448	3433	3707	
3	3446	3707	3708	
3	3704	3436	3444	
3	3449	3446	3708	
3	3707	3703	3708	
3	3703	3702	3709	
3	3703	3709	3708	
3	3480	3147	3149	
3	3147	3479	3475	
3	3711	3712	3713	
3	3505	3714	3715	
3	3712	3492	3480	
3	3149	3713	3712	
3	3716	3139	3500	
3	3475	3457	3148	
3	3486	3475	3479	
3	3494	3484	3482	
3	3486	3482	3484	
3	3494	3490	3717	
3	3318	3320	3485	
3	3052	3314	3229	
3	3487	3314	3051	
3	3509	3140	3504	
3	3510	3192	3526	
3	3529	3509	3504	
3	3528	3526	3509	
3	3504	3716	3718	
3	3513	3512	3497	
3	3528	3529	3525	
3	3526	3501	3503	
3	3495	3525	3506	
3	3512	3531	3524	
3	3530	3501	3528	
3	3502	3501	3527	
3	3186	3502	3527	
3	3194	3503	3502	
3	3495	3506	3715	
3	3719	3521	3127	
3	3531	3525	3524	
3	3529	3506	3525	
3	3495	3715	3496	
3	3524	3495	3497	
3	3529	3718	3507	
3	3529	3507	3506	
3	3496	3519	3518	
3	3518	3517	3473	
3	3716	3720	3718	
3	3721	3722	3723	
3	3519	3496	3715	
3	3497	3496	3518	
3	3505	3715	3506	
3	3719	3724	3521	
3	3497	3518	3134	
3	3497	3512	3524	
3	3718	3529	3504	
3	3507	3720	3505	
3	3716	3504	3139	
3	3720	3507	3718	
3	3720	3716	3723	
3	3519	3715	3714	
3	3716	3500	3721	
3	3716	3721	3723	
3	3481	3493	3494	
3	3725	3714	3505	
3	3499	3483	3482	
3	3720	3723	3726	
3	3517	3727	3474	
3	3129	3474	3719	
3	3722	3728	3729	
3	3522	3730	3731	
3	3492	3732	3491	
3	3726	3733	3725	
3	3727	3517	3519	
3	3473	3517	3474	
3	3714	3734	3519	
3	3735	3725	3733	
3	3133	3473	3129	
3	3497	3134	3513	
3	3728	3733	3729	
3	3714	3725	3735	
3	3474	3727	3724	
3	3474	3724	3719	
3	3516	3133	3129	
3	3133	3132	3042	
3	3518	3473	3134	
3	3133	3134	3473	
3	3726	3725	3505	
3	3736	3737	3738	
3	3720	3726	3505	
3	3723	3722	3729	
3	3129	3719	3127	
3	3739	3740	3728	
3	3519	3734	3727	
3	3741	3730	3727	
3	3727	3734	3742	
3	3727	3742	3741	
3	3522	3743	3520	
3	3730	3521	3724	
3	2904	3523	3520	
3	3733	3726	3729	
3	3723	3729	3726	
3	3722	3732	3744	
3	3728	3744	3745	
3	3048	3117	3046	
3	3118	3191	3117	
3	3312	3191	3510	
3	3312	3533	3206	
3	3128	3523	2903	
3	3520	3127	3521	
3	3043	3513	3042	
3	3508	3043	2881	
3	3503	3510	3526	
3	3510	3511	3533	
3	3535	3536	3547	
3	3355	3548	3536	
3	3406	3550	3562	
3	3559	3550	3551	
3	3563	3621	3581	
3	3590	3621	3274	
3	3564	3581	3590	
3	3621	3590	3581	
3	3372	3553	3574	
3	3575	3574	3553	
3	3400	3554	3552	
3	3553	3545	3554	
3	3573	3598	3409	
3	3566	3598	3595	
3	3566	3600	3599	
3	3600	3596	3374	
3	3339	3597	2767	
3	3607	3606	3746	
3	3596	3600	3582	
3	3374	3599	3600	
3	3582	3746	3596	
3	3597	3596	3746	
3	3597	3746	3614	
3	3597	2969	3373	
3	3659	3658	3668	
3	3415	3747	3413	
3	3634	3635	3303	
3	3611	3635	3620	
3	3748	3650	3749	
3	3624	3666	3654	
3	3658	3625	3656	
3	3656	3625	3624	
3	3659	3625	3658	
3	3667	3658	3657	
3	3750	3651	3654	
3	3751	3752	3753	
3	3670	3754	3671	
3	3673	3755	3756	
3	3656	3655	3657	
3	3668	3675	3669	
3	3757	3679	3667	
3	3675	3758	3759	
3	3627	3629	3619	
3	3760	3761	3627	
3	3667	3657	3757	
3	3759	3760	3627	
3	3762	3763	3764	
3	3657	3655	3765	
3	3679	3757	3766	
3	3767	3655	3654	
3	3767	3768	3769	
3	3770	3650	3649	
3	3771	3767	3650	
3	3654	3651	3767	
3	3767	3771	3768	
3	3649	3651	3750	
3	3651	3650	3767	
3	3750	3671	3672	
3	3649	3674	3770	
3	3602	3772	3773	
3	3771	3650	3748	
3	3648	3774	3670	
3	3755	3775	3776	
3	3674	3777	3778	
3	3749	3778	3779	
3	3780	3781	3782	
3	3783	3784	3785	
3	3786	3601	3603	
3	3787	3748	3749	
3	3787	3788	3753	
3	3766	3765	3789	
3	3662	3663	3680	
3	3577	3680	3663	
3	3664	3639	3643	
3	3232	3584	3664	
3	3003	3280	3009	
3	3577	3681	3011	
3	3010	3009	3282	
3	3011	3681	3009	
3	2974	3280	3003	
3	3282	3280	3001	
3	3010	3282	3270	
3	3011	3010	3683	
3	2974	3000	3280	
3	2975	2996	3000	
3	2393	2392	2930	
3	3684	3255	2397	
3	2936	2393	2930	
3	2929	2393	2384	
3	2391	2393	2929	
3	2397	3242	2392	
3	3684	2391	2928	
3	2389	2936	2930	
3	2398	2387	2740	
3	2369	2929	2384	
3	2929	2924	2928	
3	2924	2925	2928	
3	3684	2928	2925	
3	3686	3277	3288	
3	3291	3284	3283	
3	3689	3653	3790	
3	3639	3586	3640	
3	3776	3754	3774	
3	3791	3792	3793	
3	3791	3586	3689	
3	3586	3791	3640	
3	3790	3653	3690	
3	3689	3794	3791	
3	3692	3790	3690	
3	3689	3790	3691	
3	3792	3791	3794	
3	3793	3640	3791	
3	3687	3290	3304	
3	3687	3795	3692	
3	3796	3794	3691	
3	3782	3797	3792	
3	3793	3797	3776	
3	3645	3640	3793	
3	3792	3794	3796	
3	3793	3792	3797	
3	3798	3799	3294	
3	3800	3801	3802	
3	3803	3755	3776	
3	3754	3776	3775	
3	3652	3585	3665	
3	3586	3585	3653	
3	3606	3328	3614	
3	3804	3805	3383	
3	3806	3807	3808	
3	3606	3605	3376	
3	3809	3422	3636	
3	3810	3811	3812	
3	3377	3379	3427	
3	3419	3382	3378	
3	3378	3387	3421	
3	3417	3811	3813	
3	3417	3813	3699	
3	3418	3380	3382	
3	3380	3418	3699	
3	3370	3381	3698	
3	3421	3387	3358	
3	3377	3387	3378	
3	3813	3811	3814	
3	3382	3419	3418	
3	3420	3422	3358	
3	3812	3811	3417	
3	3378	3421	3419	
3	3812	3417	3421	
3	3812	3421	3422	
3	3809	3810	3812	
3	3421	3417	3419	
3	3700	3815	3701	
3	3700	3813	3816	
3	3699	3418	3417	
3	3698	3381	3416	
3	3423	3390	3468	
3	3390	3392	3817	
3	3468	3390	3705	
3	3392	3391	3416	
3	3818	3383	3805	
3	3805	3819	3820	
3	3422	3809	3812	
3	3821	3414	3413	
3	3414	3810	3809	
3	3810	3814	3811	
3	3809	3415	3414	
3	3816	3813	3814	
3	3413	3747	3822	
3	3415	3809	3636	
3	3823	3814	3821	
3	3413	3824	3821	
3	3818	3636	3420	
3	3822	3764	3825	
3	3823	3821	3826	
3	3810	3414	3821	
3	3821	3814	3810	
3	3814	3823	3816	
3	3807	3827	3804	
3	3813	3700	3699	
3	3818	3820	3636	
3	3820	3415	3636	
3	3828	3762	3764	
3	3383	3818	3420	
3	3820	3818	3805	
3	3329	3383	3420	
3	3804	3383	3376	
3	3819	3805	3827	
3	3415	3820	3829	
3	3830	3831	3832	
3	3828	3829	3819	
3	3827	3805	3804	
3	3828	3819	3833	
3	3804	3834	3807	
3	3833	3819	3827	
3	3835	3762	3828	
3	3764	3747	3828	
3	3806	3808	3694	
3	3827	3807	3695	
3	3696	3806	3628	
3	3835	3697	3831	
3	3747	3415	3829	
3	3836	3837	3838	
3	3762	3835	3830	
3	3825	3764	3763	
3	3819	3829	3820	
3	3747	3829	3828	
3	3826	3824	3839	
3	3822	3747	3764	
3	3835	3828	3833	
3	3763	3762	3830	
3	3833	3697	3835	
3	3831	3830	3835	
3	3837	3763	3838	
3	3827	3695	3833	
3	3695	3697	3833	
3	3697	3761	3831	
3	3838	3763	3830	
3	3825	3837	3840	
3	3841	3825	3840	
3	3628	3761	3696	
3	3696	3695	3807	
3	3839	3822	3841	
3	3832	3831	3760	
3	3773	3836	3678	
3	3842	3840	3837	
3	3837	3825	3763	
3	3761	3697	3696	
3	3761	3760	3831	
3	3619	3759	3627	
3	3758	3679	3843	
3	3844	3845	3842	
3	3675	3759	3669	
3	3758	3832	3760	
3	3844	3842	3837	
3	3830	3832	3838	
3	3676	3836	3838	
3	3759	3758	3760	
3	3675	3679	3758	
3	3676	3838	3832	
3	3679	3846	3677	
3	3837	3836	3844	
3	3836	3847	3845	
3	3836	3845	3844	
3	3843	3832	3758	
3	3843	3677	3676	
3	3601	3772	3602	
3	3772	3847	3773	
3	3677	3843	3679	
3	3832	3843	3676	
3	3846	3679	3766	
3	3602	3677	3846	
3	3846	3766	3603	
3	3602	3846	3603	
3	3765	3757	3657	
3	3757	3765	3766	
3	3678	3677	3602	
3	3676	3678	3836	
3	3848	3751	3849	
3	3850	3848	3786	
3	3789	3850	3786	
3	3468	3706	3444	
3	3704	3706	3702	
3	3436	3704	3703	
3	3706	3704	3444	
3	3454	3489	3311	
3	3317	3467	3454	
3	3311	3489	3310	
3	3033	2792	3311	
3	3485	3472	3318	
3	3717	3472	3484	
3	3717	3490	3467	
3	3494	3477	3490	
3	3472	3717	3467	
3	3494	3717	3484	
3	3703	3710	3436	
3	3458	3437	3710	
3	3486	3499	3482	
3	3732	3722	3483	
3	3491	3486	3479	
3	3483	3499	3732	
3	3480	3491	3479	
3	3732	3499	3491	
3	3722	3721	3483	
3	3481	3483	3721	
3	3480	3149	3712	
3	3492	3712	3745	
3	3711	3713	3851	
3	3711	3745	3712	
3	3722	3744	3728	
3	3732	3492	3744	
3	3852	3739	3711	
3	3739	3728	3745	
3	3853	3737	3736	
3	3740	3735	3733	
3	3486	3485	3320	
3	3472	3485	3484	
3	3501	3530	3527	
3	3525	3530	3528	
3	3126	3516	3129	
3	3132	3516	3119	
3	3113	3132	3119	
3	3042	3132	2921	
3	2920	3042	2921	
3	3134	3042	3513	
3	3714	3735	3734	
3	3734	3735	3742	
3	3854	3735	3740	
3	3854	3736	3742	
3	3727	3730	3724	
3	3736	3738	3741	
3	3730	3741	3738	
3	2904	3520	3743	
3	3127	3520	3523	
3	3375	3373	2529	
3	3597	3373	3374	
3	2528	3375	2529	
3	3599	3375	3558	
3	3597	3614	2767	
3	3606	3614	3746	
3	3746	3582	3607	
3	3376	3328	3606	
3	3613	3582	3604	
3	3834	3804	3605	
3	3694	3613	3604	
3	3834	3613	3808	
3	3607	3613	3834	
3	3804	3376	3605	
3	3834	3808	3807	
3	3607	3834	3605	
3	3629	3628	3587	
3	3628	3627	3761	
3	3610	3629	3587	
3	3629	3611	3619	
3	3620	3619	3611	
3	3619	3669	3759	
3	3668	3618	3659	
3	3619	3618	3669	
3	2393	2740	2384	
3	2398	2740	2936	
3	3686	3855	3277	
3	3283	3279	3278	
3	3856	3855	3857	
3	3277	3279	3288	
3	3858	3291	3856	
3	3269	3283	3267	
3	3278	3277	3855	
3	3857	3859	3860	
3	3292	3284	3297	
3	3297	3284	3858	
3	3292	3267	3284	
3	3856	3291	3278	
3	3858	3284	3291	
3	3855	3856	3278	
3	3861	3859	3862	
3	3859	3861	3860	
3	3857	3860	3856	
3	3863	3858	3860	
3	3858	3864	3297	
3	3858	3856	3860	
3	3864	3798	3297	
3	3296	3293	3299	
3	3798	3864	3865	
3	3866	3867	3868	
3	3858	3863	3864	
3	3864	3863	3865	
3	3869	3799	3865	
3	3688	3802	3795	
3	3799	3798	3865	
3	3298	3798	3294	
3	3870	3871	3867	
3	3872	3688	3305	
3	3798	3298	3297	
3	3294	3293	3296	
3	3271	3296	3299	
3	3292	3298	3296	
3	3295	3294	3799	
3	3305	3688	3300	
3	3799	3873	3874	
3	3872	3305	3293	
3	3299	3293	3305	
3	3872	3293	3295	
3	3875	3876	3877	
3	3878	3879	3880	
3	3688	3795	3687	
3	3304	3286	3300	
3	3874	3295	3799	
3	3874	3872	3295	
3	3290	3687	3692	
3	3304	3300	3687	
3	3873	3880	3874	
3	3872	3874	3802	
3	3688	3872	3802	
3	3802	3801	3881	
3	3692	3690	3290	
3	3289	3290	3690	
3	3873	3869	3882	
3	3780	3883	3884	
3	3874	3800	3802	
3	3881	3801	3885	
3	3693	3885	3796	
3	3692	3795	3693	
3	3886	3887	3878	
3	3869	3873	3799	
3	3780	3888	3883	
3	3796	3885	3782	
3	3889	3890	3891	
3	3869	3876	3882	
3	3865	3868	3869	
3	3878	3880	3882	
3	3866	3868	3865	
3	3877	3876	3867	
3	3869	3868	3876	
3	3882	3886	3878	
3	3866	3865	3863	
3	3868	3867	3876	
3	3861	3866	3863	
3	3870	3862	3892	
3	3867	3871	3877	
3	3886	3882	3876	
3	3875	3893	3886	
3	3894	3883	3895	
3	3875	3896	3893	
3	3866	3870	3867	
3	3875	3886	3876	
3	3862	3870	3866	
3	3871	3870	3892	
3	3892	3897	3871	
3	3877	3871	3897	
3	3898	3899	3877	
3	3877	3897	3898	
3	3875	3877	3899	
3	3900	3901	3898	
3	3896	3902	3893	
3	3784	3903	3904	
3	3886	3905	3887	
3	3896	3875	3899	
3	3906	3905	3902	
3	3899	3901	3896	
3	3896	3901	3907	
3	3890	3908	3891	
3	3778	3785	3779	
3	3898	3901	3899	
3	3673	3756	3674	
3	3909	3901	3900	
3	3907	3902	3896	
3	3784	3783	3903	
3	3910	3911	3912	
3	3913	3914	3915	
3	3916	3917	3918	
3	3788	3912	3911	
3	3777	3919	3783	
3	3919	3920	3921	
3	3919	3777	3756	
3	3777	3783	3785	
3	3645	3630	3641	
3	3641	3630	3643	
3	3645	3793	3774	
3	3776	3774	3793	
3	3888	3780	3782	
3	3922	3923	3906	
3	3671	3754	3775	
3	3774	3754	3670	
3	3775	3673	3672	
3	3671	3750	3666	
3	3666	3750	3654	
3	3670	3666	3647	
3	3806	3694	3588	
3	3613	3694	3808	
3	3628	3806	3588	
3	3806	3696	3807	
3	3705	3390	3817	
3	3815	3924	3701	
3	3701	3924	3380	
3	3817	3924	3815	
3	3380	3924	3416	
3	3416	3924	3392	
3	3817	3392	3924	
3	3822	3839	3824	
3	3836	3773	3847	
3	3602	3773	3678	
3	3765	3655	3769	
3	3751	3848	3752	
3	3749	3650	3770	
3	3787	3771	3748	
3	3770	3778	3749	
3	3779	3912	3787	
3	3674	3778	3770	
3	3920	3919	3756	
3	3777	3785	3778	
3	3779	3787	3749	
3	3674	3756	3777	
3	3919	3921	3903	
3	3925	3779	3785	
3	3920	3756	3926	
3	3903	3783	3919	
3	3926	3927	3920	
3	3915	3921	3927	
3	3915	3914	3928	
3	3910	3925	3929	
3	3785	3784	3925	
3	3929	3925	3784	
3	3902	3907	3922	
3	3907	3930	3922	
3	3927	3926	3780	
3	3906	3923	3931	
3	3779	3925	3912	
3	3910	3912	3925	
3	3930	3909	3932	
3	3922	3890	3923	
3	3918	3917	3933	
3	3922	3934	3908	
3	3935	3914	3913	
3	3894	3936	3937	
3	3755	3803	3926	
3	3927	3884	3915	
3	3782	3885	3888	
3	3884	3927	3780	
3	3913	3894	3937	
3	3913	3937	3935	
3	3481	3721	3500	
3	3912	3788	3787	
3	3482	3481	3494	
3	3728	3740	3733	
3	3739	3852	3938	
3	3854	3740	3938	
3	3852	3711	3851	
3	3740	3739	3938	
3	3745	3744	3492	
3	3711	3739	3745	
3	3730	3522	3521	
3	3731	3743	3522	
3	3737	3731	3738	
3	3730	3738	3731	
3	3741	3742	3736	
3	3735	3854	3742	
3	3852	3854	3938	
3	3853	3736	3854	
3	3866	3861	3862	
3	3860	3861	3863	
3	3792	3796	3782	
3	3794	3689	3691	
3	3692	3691	3790	
3	3693	3796	3691	
3	3693	3795	3881	
3	3802	3881	3795	
3	3881	3885	3693	
3	3885	3801	3888	
3	3800	3939	3801	
3	3879	3895	3939	
3	3888	3895	3883	
3	3894	3884	3883	
3	3939	3895	3888	
3	3878	3887	3936	
3	3895	3936	3894	
3	3937	3931	3923	
3	3936	3895	3879	
3	3937	3936	3931	
3	3935	3940	3941	
3	3894	3913	3884	
3	3935	3937	3940	
3	3915	3884	3913	
3	3889	3941	3940	
3	3904	3903	3928	
3	3940	3937	3923	
3	3935	3941	3914	
3	3923	3890	3940	
3	3889	3940	3890	
3	3942	3914	3941	
3	3903	3921	3928	
3	3916	3930	3932	
3	3942	3943	3944	
3	3941	3943	3942	
3	3904	3945	3784	
3	3946	3914	3942	
3	3914	3946	3928	
3	3917	3947	3933	
3	3948	3949	3950	
3	3943	3941	3889	
3	3942	3944	3946	
3	3951	3952	3891	
3	3953	3954	3949	
3	3955	3904	3946	
3	3928	3946	3904	
3	3955	3946	3944	
3	3949	3956	3950	
3	3957	3929	3945	
3	3944	3948	3950	
3	3945	3956	3957	
3	3904	3955	3945	
3	3956	3945	3955	
3	3908	3951	3891	
3	3952	3958	3891	
3	3922	3908	3890	
3	3918	3951	3934	
3	3930	3916	3934	
3	3891	3958	3889	
3	3933	3951	3918	
3	3908	3934	3951	
3	3916	3918	3934	
3	3959	3960	3961	
3	3944	3950	3955	
3	3917	3916	3932	
3	3956	3955	3950	
3	3962	3963	3964	
3	3961	3965	3959	
3	3922	3930	3934	
3	3930	3907	3909	
3	3901	3909	3907	
3	3932	3909	3900	
3	3959	3965	3958	
3	3948	3953	3949	
3	3958	3943	3889	
3	3944	3943	3948	
3	3951	3933	3952	
3	3948	3943	3953	
3	3962	3960	3933	
3	3943	3958	3953	
3	3965	3953	3958	
3	3958	3952	3959	
3	3964	3960	3962	
3	3960	3959	3952	
3	3961	3954	3965	
3	3953	3965	3954	
3	3933	3960	3952	
3	3961	3960	3964	
3	3933	3947	3962	
3	3963	3962	3947	
3	3874	3880	3800	
3	3882	3880	3873	
3	3905	3886	3893	
3	3936	3887	3931	
3	3803	3776	3797	
3	3756	3755	3926	
3	3781	3797	3782	
3	3780	3926	3803	
3	3821	3824	3826	
3	3822	3824	3413	
3	3786	3848	3849	
3	3825	3841	3822	
3	3752	3848	3850	
3	3601	3786	3849	
3	3603	3766	3789	
3	3768	3752	3850	
3	3753	3752	3771	
3	3787	3753	3771	
3	3751	3753	3966	
3	3752	3768	3771	
3	3769	3850	3765	
3	3767	3769	3655	
3	3850	3769	3768	
3	3672	3674	3649	
3	3755	3673	3775	
3	3945	3929	3784	
3	3910	3929	3957	
3	3931	3887	3905	
3	3922	3906	3902	
3	3927	3921	3920	
3	3928	3921	3915	
3	3911	3966	3788	
3	3753	3788	3966	
3	3851	3853	3852	
3	3854	3852	3853	
3	3801	3939	3888	
3	3879	3939	3800	
3	3880	3879	3800	
3	3936	3879	3878	
3	3780	3803	3781	
3	3797	3781	3803	
3	3850	3789	3765	
3	3603	3789	3786	
3	3750	3672	3649	
3	3775	3672	3671	
3	3902	3905	3893	
3	3931	3905	3906	
3	1452	1409	1405	
3	1410	1409	1428	
3	1842	1794	1235	
3	2116	1794	1843	
3	1226	1217	1180	
3	1788	1217	1876	
3	1130	1188	1211	
3	1248	1188	1129	
3	934	1119	1657	
3	1667	1119	1120	
3	2459	2460	2502	
3	2451	2460	2452	
3	2018	2458	2013	
3	2458	2429	2481	
3	2763	2781	2761	
3	2954	2781	2738	
3	3240	2989	3241	
3	2979	2989	3004	
3	3426	3341	3340	
3	3349	3341	3425	
3	3555	2991	3556	
3	2992	2991	2968	
3	3774	3648	3645	
3	3647	3648	3670	
3	3201	3200	3198	
3	3193	3200	3202	
3	3498	3500	3139	
3	3481	3500	3493	
CELL_TYPES 7621
5 5 5 5 5 5 5 5 5 5 5 5 5 5 5 5 5 5 5 5 5 5 5 5 5 5 5 5 5 5 5 5 5 5 5 5 5 5 5 5 5 5 5 5 5 5 5 5 5 5 5 5 5 5 5 5 5 5 5 5 5 5 5 5 5 5 5 5 5 5 5 5 5 5 5 5 5 5 5 5 5 5 5 5 5 5 5 5 5 5 5 5 5 5 5 5 5 5 5 5 5 5 5 5 5 5 5 5 5 5 5 5 5 5 5 5 5 5 5 5 5 5 5 5 5 5 5 5 5 5 5 5 5 5 5 5 5 5 5 5 5 5 5 5 5 5 5 5 5 5 5 5 5 5 5 5 5 5 5 5 5 5 5 5 5 5 5 5 5 5 5 5 5 5 5 5 5 5 5 5 5 5 5 5 5 5 5 5 5 5 5 5 5 5 5 5 5 5 5 5 5 5 5 5 5 5 5 5 5 5 5 5 5 5 5 5 5 5 5 5 5 5 5 5 5 5 5 5 5 5 5 5 5 5 5 5 5 5 5 5 5 5 5 5 5 5 5 5 5 5 5 5 5 5 5 5 5 5 5 5 5 5 5 5 5 5 5 5 5 5 5 5 5 5 5 5 5 5 5 5 5 5 5 5 5 5 5 5 5 5 5 5 5 5 5 5 5 5 5 5 5 5 5 5 5 5 5 5 5 5 5 5 5 5 5 5 5 5 5 5 5 5 5 5 5 5 5 5 5 5 5 5 5 5 5 5 5 5 5 5 5 5 5 5 5 5 5 5 5 5 5 5 5 5 5 5 5 5 5 5 5 5 5 5 5 5 5 5 5 5 5 5 5 5 5 5 5 5 5 5 5 5 5 5 5 5 5 5 5 5 5 5 5 5 5 5 5 5 5 5 5 5 5 5 5 5 5 5 5 5 5 5 5 5 5 5 5 5 5 5 5 5 5 5 5 5 5 5 5 5 5 5 5 5 5 5 5 5 5 5 5 5 5 5 5 5 5 5 5 5 5 5 5 5 5 5 5 5 5 5 5 5 5 5 5 5 5 5 5 5 5 5 5 5 5 5 5 5 5 5 5 5 5 5 5 5 5 5 5 5 5 5 5 5 5 5 5 5 5 5 5 5 5 5 5 5 5 5 5 5 5 5 5 5 5 5 5 5 5 5 5 5 5 5 5 5 5 5 5 5 5 5 5 5 5 5 5 5 5 5 5 5 5 5 5 5 5 5 5 5 5 5 5 5 5 5 5 5 5 5 5 5 5 5 5 5 5 5 5 5 5 5 5 5 5 5 5 5 5 5 5 5 5 5 5 5 5 5 5 5 5 5 5 5 5 5 5 5 5 5 5 5 5 5 5 5 5 5 5 5 5 5 5 5 5 5 5 5 5 5 5 5 5 5 5 5 5 5 5 5 5 5 5 5 5 5 5 5 5 5 5 5 5 5 5 5 5 5 5 5 5 5 5 5 5 5 5 5 5 5 5 5 5 5 5 5 5 5 5 5 5 5 5 5 5 5 5 5 5 5 5 5 5 5 5 5 5 5 5 5 5 5 5 5 5 5 5 5 5 5 5 5 5 5 5 5 5 5 5 5 5 5 5 5 5 5 5 5 5 5 5 5 5 5 5 5 5 5 5 5 5 5 5 5 5 5 5 5 5 5 5 5 5 5 5 5 5 5 5 5 5 5 5 5 5 5 5 5 5 5 5 5 5 5 5 5 5 5 5 5 5 5 5 5 5 5 5 5 5 5 5 5 5 5 5 5 5 5 5 5 5 5 5 5 5 5 5 5 5 5 5 5 5 5 5 5 5 5 5 5 5 5 5 5 5 5 5 5 5 5 5 5 5 5 5 5 5 5 5 5 5 5 5 5 5 5 5 5 5 5 5 5 5 5 5 5 5 5 5 5 5 5 5 5 5 5 5 5 5 5 5 5 5 5 5 5 5 5 5 5 5 5 5 5 5 5 5 5 5 5 5 5 5 5 5 5 5 5 5 5 5 5 5 5 5 5 5 5 5 5 5 5 5 5 5 5 5 5 5 5 5 5 5 5 5 5 5 5 5 5 5 5 5 5 5 5 5 5 5 5 5 5 5 5 5 5 5 5 5 5 5 5 5 5 5 5 5 5 5 5 5 5 5 5 5 5 5 5 5 5 5 5 5 5 5 5 5 5 5 5 5 5 5 5 5 5 5 5 5 5 5 5 5 5 5 5 5 5 5 5 5 5 5 5 5 5 5 5 5 5 5 5 5 5 5 5 5 5 5 5 5 5 5 5 5 5 5 5 5 5 5 5 5 5 5 5 5 5 5 5 5 5 5 5 5 5 5 5 5 5 5 5 5 5 5 5 5 5 5 5 5 5 5 5 5 5 5 5 5 5 5 5 5 5 5 5 5 5 5 5 5 5 5 5 5 5 5 5 5 5 5 5 5 5 5 5 5 5 5 5 5 5 5 5 5 5 5 5 5 5 5 5 5 5 5 5 5 5 5 5 5 5 5 5 5 5 5 5 5 5 5 5 5 5 5 5 5 5 5 5 5 5 5 5 5 5 5 5 5 5 5 5 5 5 5 5 5 5 5 5 5 5 5 5 5 5 5 5 5 5 5 5 5 5 5 5 5 5 5 5 5 5 5 5 5 5 5 5 5 5 5 5 5 5 5 5 5 5 5 5 5 5 5 5 5 5 5 5 5 5 5 5 5 5 5 5 5 5 5 5 5 5 5 5 5 5 5 5 5 5 5 5 5 5 5 5 5 5 5 5 5 5 5 5 5 5 5 5 5 5 5 5 5 5 5 5 5 5 5 5 5 5 5 5 5 5 5 5 5 5 5 5 5 5 5 5 5 5 5 5 5 5 5 5 5 5 5 5 5 5 5 5 5 5 5 5 5 5 5 5 5 5 5 5 5 5 5 5 5 5 5 5 5 5 5 5 5 5 5 5 5 5 5 5 5 5 5 5 5 5 5 5 5 5 5 5 5 5 5 5 5 5 5 5 5 5 5 5 5 5 5 5 5 5 5 5 5 5 5 5 5 5 5 5 5 5 5 5 5 5 5 5 5 5 5 5 5 5 5 5 5 5 5 5 5 5 5 5 5 5 5 5 5 5 5 5 5 5 5 5 5 5 5 5 5 5 5 5 5 5 5 5 5 5 5 5 5 5 5 5 5 5 5 5 5 5 5 5 5 5 5 5 5 5 5 5 5 5 5 5 5 5 5 5 5 5 5 5 5 5 5 5 5 5 5 5 5 5 5 5 5 5 5 5 5 5 5 5 5 5 5 5 5 5 5 5 5 5 5 5 5 5 5 5 5 5 5 5 5 5 5 5 5 5 5 5 5 5 5 5 5 5 5 5 5 5 5 5 5 5 5 5 5 5 5 5 5 5 5 5 5 5 5 5 5 5 5 5 5 5 5 5 5 5 5 5 5 5 5 5 5 5 5 5 5 5 5 5 5 5 5 5 5 5 5 5 5 5 5 5 5 5 5 5 5 5 5 5 5 5 5 5 5 5 5 5 5 5 5 5 5 5 5 5 5 5 5 5 5 5 5 5 5 5 5 5 5 5 5 5 5 5 5 5 5 5 5 5 5 5 5 5 5 5 5 5 5 5 5 5 5 5 5 5 5 5 5 5 5 5 5 5 5 5 5 5 5 5 5 5 5 5 5 5 5 5 5 5 5 5 5 5 5 5 5 5 5 5 5 5 5 5 5 5 5 5 5 5 5 5 5 5 5 5 5 5 5 5 5 5 5 5 5 5 5 5 5 5 5 5 5 5 5 5 5 5 5 5 5 5 5 5 5 5 5 5 5 5 5 5 5 5 5 5 5 5 5 5 5 5 5 5 5 5 5 5 5 5 5 5 5 5 5 5 5 5 5 5 5 5 5 5 5 5 5 5 5 5 5 5 5 5 5 5 5 5 5 5 5 5 5 5 5 5 5 5 5 5 5 5 5 5 5 5 5 5 5 5 5 5 5 5 5 5 5 5 5 5 5 5 5 5 5 5 5 5 5 5 5 5 5 5 5 5 5 5 5 5 5 5 5 5 5 5 5 5 5 5 5 5 5 5 5 5 5 5 5 5 5 5 5 5 5 5 5 5 5 5 5 5 5 5 5 5 5 5 5 5 5 5 5 5 5 5 5 5 5 5 5 5 5 5 5 5 5 5 5 5 5 5 5 5 5 5 5 5 5 5 5 5 5 5 5 5 5 5 5 5 5 5 5 5 5 5 5 5 5 5 5 5 5 5 5 5 5 5 5 5 5 5 5 5 5 5 5 5 5 5 5 5 5 5 5 5 5 5 5 5 5 5 5 5 5 5 5 5 5 5 5 5 5 5 5 5 5 5 5 5 5 5 5 5 5 5 5 5 5 5 5 5 5 5 5 5 5 5 5 5 5 5 5 5 5 5 5 5 5 5 5 5 5 5 5 5 5 5 5 5 5 5 5 5 5 5 5 5 5 5 5 5 5 5 5 5 5 5 5 5 5 5 5 5 5 5 5 5 5 5 5 5 5 5 5 5 5 5 5 5 5 5 5 5 5 5 5 5 5 5 5 5 5 5 5 5 5 5 5 5 5 5 5 5 5 5 5 5 5 5 5 5 5 5 5 5 5 5 5 5 5 5 5 5 5 5 5 5 5 5 5 5 5 5 5 5 5 5 5 5 5 5 5 5 5 5 5 5 5 5 5 5 5 5 5 5 5 5 5 5 5 5 5 5 5 5 5 5 5 5 5 5 5 5 5 5 5 5 5 5 5 5 5 5 5 5 5 5 5 5 5 5 5 5 5 5 5 5 5 5 5 5 5 5 5 5 5 5 5 5 5 5 5 5 5 5 5 5 5 5 5 5 5 5 5 5 5 5 5 5 5 5 5 5 5 5 5 5 5 5 5 5 5 5 5 5 5 5 5 5 5 5 5 5 5 5 5 5 5 5 5 5 5 5 5 5 5 5 5 5 5 5 5 5 5 5 5 5 5 5 5 5 5 5 5 5 5 5 5 5 5 5 5 5 5 5 5 5 5 5 5 5 5 5 5 5 5 5 5 5 5 5 5 5 5 5 5 5 5 5 5 5 5 5 5 5 5 5 5 5 5 5 5 5 5 5 5 5 5 5 5 5 5 5 5 5 5 5 5 5 5 5 5 5 5 5 5 5 5 5 5 5 5 5 5 5 5 5 5 5 5 5 5 5 5 5 5 5 5 5 5 5 5 5 5 5 5 5 5 5 5 5 5 5 5 5 5 5 5 5 5 5 5 5 5 5 5 5 5 5 5 5 5 5 5 5 5 5 5 5 5 5 5 5 5 5 5 5 5 5 5 5 5 5 5 5 5 5 5 5 5 5 5 5 5 5 5 5 5 5 5 5 5 5 5 5 5 5 5 5 5 5 5 5 5 5 5 5 5 5 5 5 5 5 5 5 5 5 5 5 5 5 5 5 5 5 5 5 5 5 5 5 5 5 5 5 5 5 5 5 5 5 5 5 5 5 5 5 5 5 5 5 5 5 5 5 5 5 5 5 5 5 5 5 5 5 5 5 5 5 5 5 5 5 5 5 5 5 5 5 5 5 5 5 5 5 5 5 5 5 5 5 5 5 5 5 5 5 5 5 5 5 5 5 5 5 5 5 5 5 5 5 5 5 5 5 5 5 5 5 5 5 5 5 5 5 5 5 5 5 5 5 5 5 5 5 5 5 5 5 5 5 5 5 5 5 5 5 5 5 5 5 5 5 5 5 5 5 5 5 5 5 5 5 5 5 5 5 5 5 5 5 5 5 5 5 5 5 5 5 5 5 5 5 5 5 5 5 5 5 5 5 5 5 5 5 5 5 5 5 5 5 5 5 5 5 5 5 5 5 5 5 5 5 5 5 5 5 5 5 5 5 5 5 5 5 5 5 5 5 5 5 5 5 5 5 5 5 5 5 5 5 5 5 5 5 5 5 5 5 5 5 5 5 5 5 5 5 5 5 5 5 5 5 5 5 5 5 5 5 5 5 5 5 5 5 5 5 5 5 5 5 5 5 5 5 5 5 5 5 5 5 5 5 5 5 5 5 5 5 5 5 5 5 5 5 5 5 5 5 5 5 5 5 5 5 5 5 5 5 5 5 5 5 5 5 5 5 5 5 5 5 5 5 5 5 5 5 5 5 5 5 5 5 5 5 5 5 5 5 5 5 5 5 5 5 5 5 5 5 5 5 5 5 5 5 5 5 5 5 5 5 5 5 5 5 5 5 5 5 5 5 5 5 5 5 5 5 5 5 5 5 5 5 5 5 5 5 5 5 5 5 5 5 5 5 5 5 5 5 5 5 5 5 5 5 5 5 5 5 5 5 5 5 5 5 5 5 5 5 5 5 5 5 5 5 5 5 5 5 5 5 5 5 5 5 5 5 5 5 5 5 5 5 5 5 5 5 5 5 5 5 5 5 5 5 5 5 5 5 5 5 5 5 5 5 5 5 5 5 5 5 5 5 5 5 5 5 5 5 5 5 5 5 5 5 5 5 5 5 5 5 5 5 5 5 5 5 5 5 5 5 5 5 5 5 5 5 5 5 5 5 5 5 5 5 5 5 5 5 5 5 5 5 5 5 5 5 5 5 5 5 5 5 5 5 5 5 5 5 5 5 5 5 5 5 5 5 5 5 5 5 5 5 5 5 5 5 5 5 5 5 5 5 5 5 5 5 5 5 5 5 5 5 5 5 5 5 5 5 5 5 5 5 5 5 5 5 5 5 5 5 5 5 5 5 5 5 5 5 5 5 5 5 5 5 5 5 5 5 5 5 5 5 5 5 5 5 5 5 5 5 5 5 5 5 5 5 5 5 5 5 5 5 5 5 5 5 5 5 5 5 5 5 5 5 5 5 5 5 5 5 5 5 5 5 5 5 5 5 5 5 5 5 5 5 5 5 5 5 5 5 5 5 5 5 5 5 5 5 5 5 5 5 5 5 5 5 5 5 5 5 5 5 5 5 5 5 5 5 5 5 5 5 5 5 5 5 5 5 5 5 5 5 5 5 5 5 5 5 5 5 5 5 5 5 5 5 5 5 5 5 5 5 5 5 5 5 5 5 5 5 5 5 5 5 5 5 5 5 5 5 5 5 5 5 5 5 5 5 5 5 5 5 5 5 5 5 5 5 5 5 5 5 5 5 5 5 5 5 5 5 5 5 5 5 5 5 5 5 5 5 5 5 5 5 5 5 5 5 5 5 5 5 5 5 5 5 5 5 5 5 5 5 5 5 5 5 5 5 5 5 5 5 5 5 5 5 5 5 5 5 5 5 5 5 5 5 5 5 5 5 5 5 5 5 5 5 5 5 5 5 5 5 5 5 5 5 5 5 5 5 5 5 5 5 5 5 5 5 5 5 5 5 5 5 5 5 5 5 5 5 5 5 5 5 5 5 5 5 5 5 5 5 5 5 5 5 5 5 5 5 5 5 5 5 5 5 5 5 5 5 5 5 5 5 5 5 5 5 5 5 5 5 5 5 5 5 5 5 5 5 5 5 5 5 5 5 5 5 5 5 5 5 5 5 5 5 5 5 5 5 5 5 5 5 5 5 5 5 5 5 5 5 5 5 5 5 5 5 5 5 5 5 5 5 5 5 5 5 5 5 5 5 5 5 5 5 5 5 5 5 5 5 5 5 5 5 5 5 5 5 5 5 5 5 5 5 5 5 5 5 5 5 5 5 5 5 5 5 5 5 5 5 5 5 5 5 5 5 5 5 5 5 5 5 5 5 5 5 5 5 5 5 5 5 5 5 5 5 5 5 5 5 5 5 5 5 5 5 5 5 5 5 5 5 5 5 5 5 5 5 5 5 5 5 5 5 5 5 5 5 5 5 5 5 5 5 5 5 5 5 5 5 5 5 5 5 5 5 5 5 5 5 5 5 5 5 5 5 5 5 5 5 5 5 5 5 5 5 5 5 5 5 5 5 5 5 5 5 5 5 5 5 5 5 5 5 5 5 5 5 5 5 5 5 5 5 5 5 5 5 5 5 5 5 5 5 5 5 5 5 5 5 5 5 5 5 5 5 5 5 5 5 5 5 5 5 5 5 5 5 5 5 5 5 5 5 5 5 5 5 5 5 5 5 5 5 5 5 5 5 5 5 5 5 5 5 5 5 5 5 5 5 5 5 5 5 5 5 5 5 5 5 5 5 5 5 5 5 5 5 5 5 5 5 5 5 5 5 5 5 5 5 5 5 5 5 5 5 5 5 5 5 5 5 5 5 5 5 5 5 5 5 5 5 5 5 5 5 5 5 5 5 5 5 5 5 5 5 5 5 5 5 5 5 5 5 5 5 5 5 5 5 5 5 5 5 5 5 5 5 5 5 5 5 5 5 5 5 5 5 5 5 5 5 5 5 5 5 5 5 5 5 5 5 5 5 5 5 5 5 5 5 5 5 5 5 5 5 5 5 5 5 5 5 5 5 5 5 5 5 5 5 5 5 5 5 5 5 5 5 5 5 5 5 5 5 5 5 5 5 5 5 5 5 5 5 5 5 5 5 5 5 5 5 5 5 5 5 5 5 5 5 5 5 5 5 5 5 5 5 5 5 5 5 5 5 5 5 5 5 5 5 5 5 5 5 5 5 5 5 5 5 5 5 5 5 5 5 5 5 5 5 5 5 5 5 5 5 5 5 5 5 5 5 5 5 5 5 5 5 5 5 5 5 5 5 5 5 5 5 5 5 5 5 5 5 5 5 5 5 5 5 5 5 5 5 5 5 5 5 5 5 5 5 5 5 5 5 5 5 5 5 5 5 5 5 5 5 5 5 5 5 5 5 5 5 5 5 5 5 5 5 5 5 5 5 5 5 5 5 5 5 5 5 5 5 5 5 5 5 5 5 5 5 5 5 5 5 5 5 5 5 5 5 5 5 5 5 5 5 5 5 5 5 5 5 5 5 5 5 5 5 5 5 5 5 5 5 5 5 5 5 5 5 5 5 5 5 5 5 5 5 5 5 5 5 5 5 5 5 5 5 5 5 5 5 5 5 5 5 5 5 5 5 5 5 5 5 5 5 5 5 5 5 5 5 5 5 5 5 5 5 5 5 5 5 5 5 5 5 5 5 5 5 5 5 5 5 5 5 5 5 5 5 5 5 5 5 5 5 5 5 5 5 5 5 5 5 5 5 5 5 5 5 5 5 5 5 5 5 5 5 5 5 5 5 5 5 5 5 5 5 5 5 5 5 5 5 5 5 5 5 5 5 5 5 5 5 5 5 5 5 5 5 5 5 5 5 5 5 5 5 5 5 5 5 5 5 5 5 5 5 5 5 5 5 5 5 5 5 5 5 5 5 5 5 5 5 5 5 5 5 5 5 5 5 5 5 5 5 5 5 5 5 5 5 5 5 5 5 5 5 5 5 5 5 5 5 5 5 5 5 5 5 5 5 5 5 5 5 5 5 5 5 5 5 5 5 5 5 5 5 5 5 5 5 5 5 5 5 5 5 5 5 5 5 5 5 5 5 5 5 5 5 5 5 5 5 5 5 5 5 5 5 5 5 5 5 5 5 5 5 5 5 5 5 5 5 5 5 5 5 5 5 5 5 5 5 5 5 5 5 5 5 5 5 5 5 5 5 5 5 5 5 5 5 5 5 5 5 5 5 5 5 5 5 5 5 5 5 5 5 5 5 5 5 5 5 5 5 5 5 5 5 5 5 5 5 5 5 5 5 5 5 5 5 5 5 5 5 5 5 5 5 5 5 5 5 5 5 5 5 5 5 5 5 5 5 5 5 5 5 5 5 5 5 5 5 5 5 5 5 5 5 5 5 5 5 5 5 5 5 5 5 5 5 5 5 5 5 5 5 5 5 5 5 5 5 5 5 5 5 5 5 5 5 5 5 5 5 5 5 5 5 5 5 5 5 5 5 5 5 5 5 5 5 5 5 5 5 5 5 5 5 5 5 5 5 5 5 5 5 5 5 5 5 5 5 5 5 5 5 5 5 5 5 5 5 5 5 5 5 5 5 5 5 5 5 5 5 5 5 5 5 5 5 5 5 5 5 5 5 5 5 5 5 5 5 5 5 5 5 5 5 5 5 5 5 5 5 5 5 5 5 5 5 5 5 5 5 5 5 5 5 5 5 5 5 5 5 5 5 5 5 5 5 5 5 5 5 5 5 5 5 5 5 5 5 5 5 5 5 5 5 5 5 5 5 5 5 5 5 5 5 5 5 5 5 5 5 5 5 5 5 5 5 5 5 5 5 5 5 5 5 5 5 5 5 5 5 5 5 5 5 5 5 5 5 5 5 5 5 5 5 5 5 5 5 5 5 5 5 5 5 5 5 5 5 5 5 5 5 5 5 5 5 5 5 5 5 5 5 5 5 5 5 5 5 5 5 5 5 5 5 5 5 5 5 5 5 5 5 5 5 5 5 5 5 5 5 5 5 5 5 5 5 5 5 5 5 5 5 5 5 5 5 5 5 5 5 5 5 5 5 5 5 5 5 5 5 5 5 5 5 5 5 5 5 5 5 5 5 5 5 5 5 5 5 5 5 5 5 5 5 5 5 5 5 5 5 5 5 5 5 5 5 5 5 5 5 5 5 5 5 5 5 5 5 5 5 5 5 5 5 5 5 5 5 5 5 5 5 5 5 5 5 5 5 5 5 5 5 5 5 5 5 5 5 5 5 5 5 5 5 5 5 5 5 5 5 5 5 5 5 5 5 5 5 5 5 5 5 5 5 5 5 5 5 5 5 5 5 5 5 5 5 5 5 5 5 5 5 5 5 5 5 5 5 5 5 5 5 5 5 5 5 5 5 5 5 5 5 5 5 5 5 5 5 5 5 5 5 5 5 5 5 5 5 5 5 5 5 5 5 5 5 5 5 5 5 5 5 5 5 5 5 5 5 5 5 5 5 5 5 5 5 5 5 5 5 5 5 5 5 5 5 5 5 5 5 5 5 5 5 5 5 5 5 5 5 5 5 5 5 5 5 5 5 5 5 5 5 5 5 5 5 5 5 5 5 5 5 5 5 5 5 5 5 5 5 5 5 5 5 5 5 5 5 5 5 5 5 5 5 5 5 5 5 5 5 5 5 5 5 5 5 5 5 5 5 5 5 5 5 5 5 5 5 5 5 5 5 5 5 5 5 5 5 5 5 5 5 5 5 5 5 5 5 5 5 5 5 5 5 5 5 5 5 5 5 5 5 5 5 5 5 5 5 5 5 5 5 5 5 5 5 5 5 5 5 5 5 5 5 5 5 5 5 5 5 5 5 5 5 5 5 5 5 5 5 5 5 5 5 5 5 5 5 5 5 5 5 5 5 5 5 5 5 5 5 5 5 5 5 5 5 5 5 5 5 5 5 5 5 5 5 5 5 5 5 5 5 5 5 5 5 5 5 5 5 5 5 5 5 5 5 5 5 5 5 5 5 5 5 5 5 5 5 5 5 5 5 5 5 5 5 5 5 5 5 5 5 5 5 5 5 5 5 5 5 5 5 5 5 5 5 5 5 5 5 5 5 5 5 5 5 5 5 5 5 5 5 5 5 5 5 5 5 5 5 5 5 5 5 5 5 5 5 5 5 5 5 5 5 5 5 5 5 5 5 5 5 5 5 5 5 5 5 5 5 5 5 5 5 5 5 5 5 5 5 5 5 5 5 5 5 5 5 5 5 5 5 5 5 5 5 5 5 5 5 5 5 5 5 5 5 5 5 5 5 5 5 5 5 5 5 5 5 5 5 5 5 5 5 5 5 5 5 5 5 5 5 5 5 5 5 5 5 5 5 5 5 5 5 5 5 5 5 5 5 5 5 5 5 5 5 5 5 5 5 5 5 5 5 5 5 5 5 5 5 5 5 5 5 5 5 5 5 5 5 5 5 5 5 5 5 5 5 5 5 5 5 5 5 5 5 5 5 5 5 5 5 5 5 5 5 5 5 5 5 5 5 5 5 5 5 5 5 5 5 5 5 5 5 5 5 5 5 5 5 5 5 5 5 5 5 5 5 5 5 5 5 5 5 5 5 5 5 5 5 5 5 5 5 5 5 5 5 5 5 5 5 5 5 5 5 5 5 5 5 5 5 5 5 5 5 5 5 5 5 5 5 5 5 5 5 5 5 5 5 5 5 5 5 5 5 5 5 5 5 5 5 5 5 5 5 5 5 5 5 5 5 5 5 5 5 5 5 5 5 5 5 5 5 5 5 5 5 5 5 5 5 5 5 5 5 5 5 5 5 5 5 5 5 5 5 5 5 5 5 5 5 5 5 5 5 5 5 5 5 5 5 5 5 5 5 5 5 5 5 5 5 5 5 5 5 5 5 5 5 5 5 5 5 5 5 5 5 5 5 5 5 5 5 5 5 5 5 5 5 5 5 5 5 5 5 5 5 5 5 5 5 5 5 5 5 5 5 5 5 5 5 5 5 5 5 5 5 5 5 5 5 5 5 5 5 5 5 5 5 5 5 5 5 5 5 5 5 5 5 5 5 5 5 5 5 5 5 5 5 5 5 5 5 5 5 5 5 5 5 5 5 5 5 5 5 5 5 5 5 5 5 5 5 5 5 5 5 5 5 5 5 5 5 5 5 5 5 5 5 5 5 5 5 5 5 5 5 5 5 5 5 5 5 5 5 5 5 5 5 5 5 5 5 5 5 5 5 5 5 5 5 5 5 5 5 5 5 5 5 5 5 5 5 5 5 5 5 5 5 5 5 5 5 5 5 5 5 5 5 5 5 5 5 5 5 5 5 5 5 5 5 5 5 5 5 5 5 5 5 5 5 5 5 5 5 5 5 5 5 5 5 5 5 5 5 5 5 5 5 5 5 5 5 5 5 5 5 5 5 5 5 5 5 5 5 5 5 5 5 5 5 5 5 5 5 5 5 5 5 5 5 5 5 5 5 5 5 5 5 5 5 5 5 5 5 5 5 5 5 5 5 5 5 5 5 5 5 5 5 5 5 5 5 5 5 5 5 5 5 5 5 5 5 5 5 5 5 5 5 5 5 5 5 5 5 5 5 5 5 5 5 5 5 5 5 5 5 5 5 5 5 5 5 5 5 5 5 5 5 5 5 5 5 5 5 5 5 5 5 5 5 5 5 5 5 5 5 5 5 5 5 5 5 5 5 5 5 5 5 5 5 5 5 5 5 5 5 5 5 5 5 5 5 5 5 5 5 5 5 5 5 5 5 5 5 5 5 5 5 5 5 5 5 5 5 5 5 5 5 5 5 5 5 5 5 5 5 5 5 5 5 5 5 5 5 5 5 5 5 5 5 5 5 5 5 5 5 5 5 5 5 5 5 5 5 5 5 5 5 5 5 5 5 5 5 5 5 5 5 5 5 5 5 5 5 5 5 5 5 5 5 5 5 5 5 5 5 5 5 5 5 5 5 5 5 5 5 5 5 5 5 5 5 5 5 5 5 5 5 5 5 5 5 5 5 5 5 5 5 5 5 5 5 5 5 5 5 5 5 5 5 5 5 5 5 5 5 5 5 5 5 5 5 5 5 5 5 5 5 5 5 5 5 5 5 5 5 5 5 5 5 5 5 5 5 5 5 5 5 5 5 5 5 5 5 5 5 5 5 5 5 5 5 5 5 5 5 5 5 5 5 5 5 5 5 5 5 5 5 5 5 5 5 5 5 5 5 5 5 5 5 5 5 5 5 5 5 5 5 5 5 5 5 5 5 5 5 5 5 5 5 5 5 5 5 5 5 5 5 5 5 5 5 5 5 5 5 5 5 5 5 5 5 5 5 5 5 5 5 5 5 5 5 5 5 5 5 5 5 5 5 5 5 5 5 5 5 5 5 5 5 5 5 5 5 5 5 5 5 5 5 5 5 5 5 5 5 5 5 5 5 5 5 5 5 5 5 5 5 5 5 5 5 5 5 5 5 5 5 5 5 5 5 5 5 5 5 5 5 5 5 5 5 5 5 5 5 5 5 5 5 5 5 5 5 5 5 5 5 5 5 5 5 5 5 5 5 5 5 5 5 5 5 5 5 5 5 5 5 5 5 5 5 5 5 5 5 5 5 5 5 5 5 5 5 5 5 5 5 5 5 5 5 5 5 5 5 5 5 5 5 5 5 5 5 5 5 5 5 5 5 5 5 5 5 5 5 5 5 5 5 5 5 5 5 5 5 5 5 5 5 5 5 5 5 5 5 5 5 5 5 5 5 5 5 5 5 5 5 5 5 5 5 5 5 5 5 5 5 5 5 5 5 5 5 5 5 5 5 5 5 5 5 5 5 5 5 5 5 5 5 5 5 5 5 5 5 5 5 5 5 5 5 5 5 5 5 5 5 5 5 5 5 5 5 5 5 5 5 5 5 5 5 5 5 5 5 5 5 5 5 5 5 5 5 5 5 5 5 5 5 5 5 5 5 5 5 5 5 5 5 5 5 5 5 5 5 5 5 5 5 5 5 5 5 5 5 5 5 5 5 5 5 5 5 5 5 5 5 5 5 5 5 5 5 5 5 5 5 5 5 5 5 5 5 5 5 5 5 5 5 5 5 5 5 5 5 5 5 5 5 5 5 5 5 5 5 5 5 5 5 5 5 5 5 5 5 5 5 5 5 5 5 5 5 5 5 5 5 5 5 5 5 5 5 5 5 5 5 5 5 5 5 5 5 5 5 5 5 5 5 5 5 5 5 5 5 5 5 5 5 5 5 5 5 5 5 5 5 5 5 5 5 5 5 5 5 5 5 5 5 5 5 5 5 5 5 5 5 5 5 5 5 5 5 5 5 5 5 5 5 5 5 5 5 5 5 5 5 5 5 5 5 5 5 5 5 5 5 5 5 5 5 5 5 5 5 5 5 5 5 5 5 5 5 5 5 5 5 5 5 5 5 5 5 5 5 5 5 5 5 5 5 5 5 5 5 5 5 5 5 5 5 5 5 5 5 5 5 5 5 5 5 5 5 5 5 5 5 5 5 5 5 5 5 5 5 5 5 5 5 5 5 5 5 5 5 5 5 5 5 5 5 5 5 5 5 5 5 5 5 5 5 5 5 5 5 5 5 5 5 5 5 5 5 5 5 5 5 5 5 5 5 5 5 5 5 5 5 5 5 5 5 5 5 5 5 5 5 5 5 5 5 5 5 5 5 5 5 5 5 5 5 5 5 5 5 5 5 5 5 5 5 5 5 5 5 5 5 5 5 5 5 5 5 5 5 5 5 5 5 5 5 5 5 5 5 5 5 5 5 5 5 5 5 5 5 5 5 5 5 5 5 5 5 5 5 5 5 5 5 5 5 5 5 5 5 5 5 5 5 5 5 5 5 5 5 5 5 5 5 5 5 5 5 5 5 5 5 5 5 5 5 5 5 5 5 5 5 5 5 5 5 5 5 5 5 5 5 5 5 5 5 5 5 5 5 5 5 5 5 5 5 5 5 5 5 5 5 5 5 5 5 5 5 5 5 5 5 5 5 5 5 5 5 5 5 5 5 5 5 5 5 5 5 5 5 5 5 5 5 5 5 5 5 5 5 5 5 5 5 5 5 5 5 5 5 5 5 5 5 5 5 5 5 5 5 5 5 5 5 5 5 5 5 5 5 5 5 5 5 5 5 5 5 5 5 5 5 5 5 5 5 5 5 5 5 5 5 5 5 5 5 5 5 5 5 5 5 5 5 5 5 5 5 5 5 5 5 5 5 5 5 5 5 5 5 5 5 5 5 5 5 5 5 5 5 5 5 5 5 5 5 5 5 5 5 5 5 5 5 5 5 5 5 5 5 5 5 5 5 5 5 5 5 5 5 5 5 5 5 5 5 5 5 5 5 5 5 5 5 5 5 5 5 5 5 5 5 5 5 5 5 5 5 5 5 5 5 5 5 5 5 5 5 5 5 5 5 5 5 5 5 5 5 5 5 5 5 5 5 5 5 5 5 5 5 5 5 5 5 5 5 5 5 5 5 5 5 5 5 5 5 5 5 5 5 5 5 5 5 5 5 5 5 5 5 5 5 5 5 5 5 5 5 5 5 5 5 5 5 5 5 5 5 5 5 5 5 5 5 5 5 5 5 5 5 5 5 5 5 5 5 5 5 5 5 5 5 5 5 5 5 5 5 5 5 5 5 5 5 5 5 5 5 5 5 5 5 5 5 5 5 5 5 5 5 5 5 5 5 5 5 5 5 5 5 5 5 5 5 5 5 5 5 5 5 5 5 5 5 5 5 5 5 5 5 5 5 5 5 5 5 5 5 5 5 5 5 5 5 5 5 5 5 5 5 5 5 5 5 5 5 5 5 5 5 5 5 5 5 5 5 5 5 5 5 5 5 5 5 5 5 5 5 5 5 5 5 5 5 5 5 5 5 5 5 5 5 5 5 5 5 5 5 5 5 5 5 5 5 5 5 5 5 5 5 5 5 5 5 5 5 5 5 5 5 5 5 5 5 5 5 5 5 5 5 5 5 5 5 5 5 5 5 5 5 5 5 5 5 5 5 5 5 5 5 5 5 5 5 5 5 5 5 5 5 5 5 5 5 5 5 5 5 5 5 5 5 5 5 5 5 5 5 5 5 5 5 5 5 5 5 5 5 5 5 5 5 5 5 5 5 5 5 5 5 5 5 5 5 5 5 5 5 5 5 5 5 5 5 5 5 5 5 5 5 5 5 5 5 5 5 5 5 5 5 5 5 5 5 5 5 5 5 5 5 5 5 5 5 5 5 5 5 5 5 5 5 5 5 5 5 5 5 5 5 5 5 5 5 5 5 5 5 5 5 5 5 5 5 5 5 5 5 5 5 5 5 5 5 5 5 5 5 5 5 5 5 5 5 5 5 5 5 5 5 5 5 5 5 5 5 5 5 5 5 5 5 5 5 5 5 5 5 5 5 5 5 5 5 5 5 5 5 5 5 5 5 5 5 5 5 5 5 5 5 5 5 5 5 5 5 5 5 5 5 5 5 5 5 5 5 5 5 5 5 5 5 5 5 5 5 5 5 5 5 5 5 5 5 5 5 5 5 5 5 5 5 5 5 5 5 5 5 5 5 5 5 5 5 5 5 5 5 5 5 5 5 5 5 5 5 5 5 5 5 5 5 5 5 5 5 5 5 5 5 5 5 5 5 5 5 5 5 5 5 5 5 5 5 5 5 5 5 5 5 5 5 5 5 5 5 5 5 5 5 5 5 5 5 5 5 5 5 5 5 5 5 5 
CELL_DATA 7621
SCALARS Marker double 1
LOOKUP_TABLE default
0 1 2 3 4 5 6 7 8 9 10 11 12 13 14 15 16 17 18 19 20 21 22 23 24 25 26 27 28 29 30 31 32 33 34 35 36 37 38 39 40 41 42 43 44 45 46 47 48 49 50 51 52 53 54 55 56 57 58 59 60 61 62 63 64 65 66 67 68 69 70 71 72 73 74 75 76 77 78 79 80 81 82 83 84 85 86 87 88 89 90 91 92 93 94 95 96 97 98 99 100 101 102 103 104 105 106 107 108 109 110 111 112 113 114 115 116 117 118 119 120 121 122 123 124 125 126 127 128 129 130 131 132 133 134 135 136 137 138 139 140 141 142 143 144 145 146 147 148 149 150 151 152 153 154 155 156 157 158 159 160 161 162 163 164 165 166 167 168 169 170 171 172 173 174 175 176 177 178 179 180 181 182 183 184 185 186 187 188 189 190 191 192 193 194 195 196 197 198 199 200 201 202 203 204 205 206 207 208 209 210 211 212 213 214 215 216 217 218 219 220 221 222 223 224 225 226 227 228 229 230 231 232 233 234 235 236 237 238 239 240 241 242 243 244 245 246 247 248 249 250 251 252 253 254 255 256 257 258 259 260 261 262 263 264 265 266 267 268 269 270 271 272 273 274 275 276 277 278 279 280 281 282 283 284 285 286 287 288 289 290 291 292 293 294 295 296 297 298 299 300 301 302 303 304 305 306 307 308 309 310 311 312 313 314 315 316 317 318 319 320 321 322 323 324 325 326 327 328 329 330 331 332 333 334 335 336 337 338 339 340 341 342 343 344 345 346 347 348 349 350 351 352 353 354 355 356 357 358 359 360 361 362 363 364 365 366 367 368 369 370 371 372 373 374 375 376 377 378 379 380 381 382 383 384 385 386 387 388 389 390 391 392 393 394 395 396 397 398 399 400 401 402 403 404 405 406 407 408 409 410 411 412 413 414 415 416 417 418 419 420 421 422 423 424 425 426 427 428 429 430 431 432 433 434 435 436 437 438 439 440 441 442 443 444 445 446 447 448 449 450 451 452 453 454 455 456 457 458 459 460 461 462 463 464 465 466 467 468 469 470 471 472 473 474 475 476 477 478 479 480 481 482 483 484 485 486 487 488 489 490 491 492 493 494 495 496 497 498 499 500 501 502 503 504 505 506 507 508 509 510 511 512 513 514 515 516 517 518 519 520 521 522 523 524 525 526 527 528 529 530 531 532 533 534 535 536 537 538 539 540 541 542 543 544 545 546 547 548 549 550 551 552 553 554 555 556 557 558 559 560 561 562 563 564 565 566 567 568 569 570 571 572 573 574 575 576 577 578 579 580 581 582 583 584 585 586 587 588 589 590 591 592 593 594 595 596 597 598 599 600 601 602 603 604 605 606 607 608 609 610 611 612 613 614 615 616 617 618 619 620 621 622 623 624 625 626 627 628 629 630 631 632 633 634 635 636 637 638 639 640 641 642 643 644 645 646 647 648 649 650 651 652 653 654 655 656 657 658 659 660 661 662 663 664 665 666 667 668 669 670 671 672 673 674 675 676 677 678 679 680 681 682 683 684 685 686 687 688 689 690 691 692 693 694 695 696 697 698 699 700 701 702 703 704 705 706 707 708 709 710 711 712 713 714 715 716 717 718 719 720 721 722 723 724 725 726 727 728 729 730 731 732 733 734 735 736 737 738 739 740 741 742 743 744 745 746 747 748 749 750 751 752 753 754 755 756 757 758 759 760 761 762 763 764 765 766 767 768 769 770 771 772 773 774 775 776 777 778 779 780 781 782 783 784 785 786 787 788 789 790 791 792 793 794 795 796 797 798 799 800 801 802 803 804 805 806 807 808 809 810 811 812 813 814 815 816 817 818 819 820 821 822 823 824 825 826 827 828 829 830 831 832 833 834 835 836 837 838 839 840 841 842 843 844 845 846 847 848 849 850 851 852 853 854 855 856 857 858 859 860 861 862 863 864 865 866 867 868 869 870 871 872 873 874 875 876 877 878 879 880 881 882 883 884 885 886 887 888 889 890 891 892 893 894 895 896 897 898 899 900 901 902 903 904 905 906 907 908 909 910 911 912 913 914 915 916 917 918 919 920 921 922 923 924 925 926 927 928 929 930 931 932 933 934 935 936 937 938 939 940 941 942 943 944 945 946 947 948 949 950 951 952 953 954 955 956 957 958 959 960 961 962 963 964 965 966 967 968 969 970 971 972 973 974 975 976 977 978 979 980 981 982 983 984 985 986 987 988 989 990 991 992 993 994 995 996 997 998 999 1000 1001 1002 1003 1004 1005 1006 1007 1008 1009 1010 1011 1012 1013 1014 1015 1016 1017 1018 1019 1020 1021 1022 1023 1024 1025 1026 1027 1028 1029 1030 1031 1032 1033 1034 1035 1036 1037 1038 1039 1040 1041 1042 1043 1044 1045 1046 1047 1048 1049 1050 1051 1052 1053 1054 1055 1056 1057 1058 1059 1060 1061 1062 1063 1064 1065 1066 1067 1068 1069 1070 1071 1072 1073 1074 1075 1076 1077 1078 1079 1080 1081 1082 1083 1084 1085 1086 1087 1088 1089 1090 1091 1092 1093 1094 1095 1096 1097 1098 1099 1100 1101 1102 1103 1104 1105 1106 1107 1108 1109 1110 1111 1112 1113 1114 1115 1116 1117 1118 1119 1120 1121 1122 1123 1124 1125 1126 1127 1128 1129 1130 1131 1132 1133 1134 1135 1136 1137 1138 1139 1140 1141 1142 1143 1144 1145 1146 1147 1148 1149 1150 1151 1152 1153 1154 1155 1156 1157 1158 1159 1160 1161 1162 1163 1164 1165 1166 1167 1168 1169 1170 1171 1172 1173 1174 1175 1176 1177 1178 1179 1180 1181 1182 1183 1184 1185 1186 1187 1188 1189 1190 1191 1192 1193 1194 1195 1196 1197 1198 1199 1200 1201 1202 1203 1204 1205 1206 1207 1208 1209 1210 1211 1212 1213 1214 1215 1216 1217 1218 1219 1220 1221 1222 1223 1224 1225 1226 1227 1228 1229 1230 1231 1232 1233 1234 1235 1236 1237 1238 1239 1240 1241 1242 1243 1244 1245 1246 1247 1248 1249 1250 1251 1252 1253 1254 1255 1256 1257 1258 1259 1260 1261 1262 1263 1264 1265 1266 1267 1268 1269 1270 1271 1272 1273 1274 1275 1276 1277 1278 1279 1280 1281 1282 1283 1284 1285 1286 1287 1288 1289 1290 1291 1292 1293 1294 1295 1296 1297 1298 1299 1300 1301 1302 1303 1304 1305 1306 1307 1308 1309 1310 1311 1312 1313 1314 1315 1316 1317 1318 1319 1320 1321 1322 1323 1324 1325 1326 1327 1328 1329 1330 1331 1332 1333 1334 1335 1336 1337 1338 1339 1340 1341 1342 1343 1344 1345 1346 1347 1348 1349 1350 1351 1352 1353 1354 1355 1356 1357 1358 1359 1360 1361 1362 1363 1364 1365 1366 1367 1368 1369 1370 1371 1372 1373 1374 1375 1376 1377 1378 1379 1380 1381 1382 1383 1384 1385 1386 1387 1388 1389 1390 1391 1392 1393 1394 1395 1396 1397 1398 1399 1400 1401 1402 1403 1404 1405 1406 1407 1408 1409 1410 1411 1412 1413 1414 1415 1416 1417 1418 1419 1420 1421 1422 1423 1424 1425 1426 1427 1428 1429 1430 1431 1432 1433 1434 1435 1436 1437 1438 1439 1440 1441 1442 1443 1444 1445 1446 1447 1448 1449 1450 1451 1452 1453 1454 1455 1456 1457 1458 1459 1460 1461 1462 1463 1464 1465 1466 1467 1468 1469 1470 1471 1472 1473 1474 1475 1476 1477 1478 1479 1480 1481 1482 1483 1484 1485 1486 1487 1488 1489 1490 1491 1492 1493 1494 1495 1496 1497 1498 1499 1500 1501 1502 1503 1504 1505 1506 1507 1508 1509 1510 1511 1512 1513 1514 1515 1516 1517 1518 1519 1520 1521 1522 1523 1524 1525 1526 1527 1528 1529 1530 1531 1532 1533 1534 1535 1536 1537 1538 1539 1540 1541 1542 1543 1544 1545 1546 1547 1548 1549 1550 1551 1552 1553 1554 1555 1556 1557 1558 1559 1560 1561 1562 1563 1564 1565 1566 1567 1568 1569 1570 1571 1572 1573 1574 1575 1576 1577 1578 1579 1580 1581 1582 1583 1584 1585 1586 1587 1588 1589 1590 1591 1592 1593 1594 1595 1596 1597 1598 1599 1600 1601 1602 1603 1604 1605 1606 1607 1608 1609 1610 1611 1612 1613 1614 1615 1616 1617 1618 1619 1620 1621 1622 1623 1624 1625 1626 1627 1628 1629 1630 1631 1632 1633 1634 1635 1636 1637 1638 1639 1640 1641 1642 1643 1644 1645 1646 1647 1648 1649 1650 1651 1652 1653 1654 1655 1656 1657 1658 1659 1660 1661 1662 1663 1664 1665 1666 1667 1668 1669 1670 1671 1672 1673 1674 1675 1676 1677 1678 1679 1680 1681 1682 1683 1684 1685 1686 1687 1688 1689 1690 1691 1692 1693 1694 1695 1696 1697 1698 1699 1700 1701 1702 1703 1704 1705 1706 1707 1708 1709 1710 1711 1712 1713 1714 1715 1716 1717 1718 1719 1720 1721 1722 1723 1724 1725 1726 1727 1728 1729 1730 1731 1732 1733 1734 1735 1736 1737 1738 1739 1740 1741 1742 1743 1744 1745 1746 1747 1748 1749 1750 1751 1752 1753 1754 1755 1756 1757 1758 1759 1760 1761 1762 1763 1764 1765 1766 1767 1768 1769 1770 1771 1772 1773 1774 1775 1776 1777 1778 1779 1780 1781 1782 1783 1784 1785 1786 1787 1788 1789 1790 1791 1792 1793 1794 1795 1796 1797 1798 1799 1800 1801 1802 1803 1804 1805 1806 1807 1808 1809 1810 1811 1812 1813 1814 1815 1816 1817 1818 1819 1820 1821 1822 1823 1824 1825 1826 1827 1828 1829 1830 1831 1832 1833 1834 1835 1836 1837 1838 1839 1840 1841 1842 1843 1844 1845 1846 1847 1848 1849 1850 1851 1852 1853 1854 1855 1856 1857 1858 1859 1860 1861 1862 1863 1864 1865 1866 1867 1868 1869 1870 1871 1872 1873 1874 1875 1876 1877 1878 1879 1880 1881 1882 1883 1884 1885 1886 1887 1888 1889 1890 1891 1892 1893 1894 1895 1896 1897 1898 1899 1900 1901 1902 1903 1904 1905 1906 1907 1908 1909 1910 1911 1912 1913 1914 1915 1916 1917 1918 1919 1920 1921 1922 1923 1924 1925 1926 1927 1928 1929 1930 1931 1932 1933 1934 1935 1936 1937 1938 1939 1940 1941 1942 1943 1944 1945 1946 1947 1948 1949 1950 1951 1952 1953 1954 1955 1956 1957 1958 1959 1960 1961 1962 1963 1964 1965 1966 1967 1968 1969 1970 1971 1972 1973 1974 1975 1976 1977 1978 1979 1980 1981 1982 1983 1984 1985 1986 1987 1988 1989 1990 1991 1992 1993 1994 1995 1996 1997 1998 1999 2000 2001 2002 2003 2004 2005 2006 2007 2008 2009 2010 2011 2012 2013 2014 2015 2016 2017 2018 2019 2020 2021 2022 2023 2024 2025 2026 2027 2028 2029 2030 2031 2032 2033 2034 2035 2036 2037 2038 2039 2040 2041 2042 2043 2044 2045 2046 2047 2048 2049 2050 2051 2052 2053 2054 2055 2056 2057 2058 2059 2060 2061 2062 2063 2064 2065 2066 2067 2068 2069 2070 2071 2072 2073 2074 2075 2076 2077 2078 2079 2080 2081 2082 2083 2084 2085 2086 2087 2088 2089 2090 2091 2092 2093 2094 2095 2096 2097 2098 2099 2100 2101 2102 2103 2104 2105 2106 2107 2108 2109 2110 2111 2112 2113 2114 2115 2116 2117 2118 2119 2120 2121 2122 2123 2124 2125 2126 2127 2128 2129 2130 2131 2132 2133 2134 2135 2136 2137 2138 2139 2140 2141 2142 2143 2144 2145 2146 2147 2148 2149 2150 2151 2152 2153 2154 2155 2156 2157 2158 2159 2160 2161 2162 2163 2164 2165 2166 2167 2168 2169 2170 2171 2172 2173 2174 2175 2176 2177 2178 2179 2180 2181 2182 2183 2184 2185 2186 2187 2188 2189 2190 2191 2192 2193 2194 2195 2196 2197 2198 2199 2200 2201 2202 2203 2204 2205 2206 2207 2208 2209 2210 2211 2212 2213 2214 2215 2216 2217 2218 2219 2220 2221 2222 2223 2224 2225 2226 2227 2228 2229 2230 2231 2232 2233 2234 2235 2236 2237 2238 2239 2240 2241 2242 2243 2244 2245 2246 2247 2248 2249 2250 2251 2252 2253 2254 2255 2256 2257 2258 2259 2260 2261 2262 2263 2264 2265 2266 2267 2268 2269 2270 2271 2272 2273 2274 2275 2276 2277 2278 2279 2280 2281 2282 2283 2284 2285 2286 2287 2288 2289 2290 2291 2292 2293 2294 2295 2296 2297 2298 2299 2300 2301 2302 2303 2304 2305 2306 2307 2308 2309 2310 2311 2312 2313 2314 2315 2316 2317 2318 2319 2320 2321 2322 2323 2324 2325 2326 2327 2328 2329 2330 2331 2332 2333 2334 2335 2336 2337 2338 2339 2340 2341 2342 2343 2344 2345 2346 2347 2348 2349 2350 2351 2352 2353 2354 2355 2356 2357 2358 2359 2360 2361 2362 2363 2364 2365 2366 2367 2368 2369 2370 2371 2372 2373 2374 2375 2376 2377 2378 2379 2380 2381 2382 2383 2384 2385 2386 2387 2388 2389 2390 2391 2392 2393 2394 2395 2396 2397 2398 2399 2400 2401 2402 2403 2404 2405 2406 2407 2408 2409 2410 2411 2412 2413 2414 2415 2416 2417 2418 2419 2420 2421 2422 2423 2424 2425 2426 2427 2428 2429 2430 2431 2432 2433 2434 2435 2436 2437 2438 2439 2440 2441 2442 2443 2444 2445 2446 2447 2448 2449 2450 2451 2452 2453 2454 2455 2456 2457 2458 2459 2460 2461 2462 2463 2464 2465 2466 2467 2468 2469 2470 2471 2472 2473 2474 2475 2476 2477 2478 2479 2480 2481 2482 2483 2484 2485 2486 2487 2488 2489 2490 2491 2492 2493 2494 2495 2496 2497 2498 2499 2500 2501 2502 2503 2504 2505 2506 2507 2508 2509 2510 2511 2512 2513 2514 2515 2516 2517 2518 2519 2520 2521 2522 2523 2524 2525 2526 2527 2528 2529 2530 2531 2532 2533 2534 2535 2536 2537 2538 2539 2540 2541 2542 2543 2544 2545 2546 2547 2548 2549 2550 2551 2552 2553 2554 2555 2556 2557 2558 2559 2560 2561 2562 2563 2564 2565 2566 2567 2568 2569 2570 2571 2572 2573 2574 2575 2576 2577 2578 2579 2580 2581 2582 2583 2584 2585 2586 2587 2588 2589 2590 2591 2592 2593 2594 2595 2596 2597 2598 2599 2600 2601 2602 2603 2604 2605 2606 2607 2608 2609 2610 2611 2612 2613 2614 2615 2616 2617 2618 2619 2620 2621 2622 2623 2624 2625 2626 2627 2628 2629 2630 2631 2632 2633 2634 2635 2636 2637 2638 2639 2640 2641 2642 2643 2644 2645 2646 2647 2648 2649 2650 2651 2652 2653 2654 2655 2656 2657 2658 2659 2660 2661 2662 2663 2664 2665 2666 2667 2668 2669 2670 2671 2672 2673 2674 2675 2676 2677 2678 2679 2680 2681 2682 2683 2684 2685 2686 2687 2688 2689 2690 2691 2692 2693 2694 2695 2696 2697 2698 2699 2700 2701 2702 2703 2704 2705 2706 2707 2708 2709 2710 2711 2712 2713 2714 2715 2716 2717 2718 2719 2720 2721 2722 2723 2724 2725 2726 2727 2728 2729 2730 2731 2732 2733 2734 2735 2736 2737 2738 2739 2740 2741 2742 2743 2744 2745 2746 2747 2748 2749 2750 2751 2752 2753 2754 2755 2756 2757 2758 2759 2760 2761 2762 2763 2764 2765 2766 2767 2768 2769 2770 2771 2772 2773 2774 2775 2776 2777 2778 2779 2780 2781 2782 2783 2784 2785 2786 2787 2788 2789 2790 2791 2792 2793 2794 2795 2796 2797 2798 2799 2800 2801 2802 2803 2804 2805 2806 2807 2808 2809 2810 2811 2812 2813 2814 2815 2816 2817 2818 2819 2820 2821 2822 2823 2824 2825 2826 2827 2828 2829 2830 2831 2832 2833 2834 2835 2836 2837 2838 2839 2840 2841 2842 2843 2844 2845 2846 2847 2848 2849 2850 2851 2852 2853 2854 2855 2856 2857 2858 2859 2860 2861 2862 2863 2864 2865 2866 2867 2868 2869 2870 2871 2872 2873 2874 2875 2876 2877 2878 2879 2880 2881 2882 2883 2884 2885 2886 2887 2888 2889 2890 2891 2892 2893 2894 2895 2896 2897 2898 2899 2900 2901 2902 2903 2904 2905 2906 2907 2908 2909 2910 2911 2912 2913 2914 2915 2916 2917 2918 2919 2920 2921 2922 2923 2924 2925 2926 2927 2928 2929 2930 2931 2932 2933 2934 2935 2936 2937 2938 2939 2940 2941 2942 2943 2944 2945 2946 2947 2948 2949 2950 2951 2952 2953 2954 2955 2956 2957 2958 2959 2960 2961 2962 2963 2964 2965 2966 2967 2968 2969 2970 2971 2972 2973 2974 2975 2976 2977 2978 2979 2980 2981 2982 2983 2984 2985 2986 2987 2988 2989 2990 2991 2992 2993 2994 2995 2996 2997 2998 2999 3000 3001 3002 3003 3004 3005 3006 3007 3008 3009 3010 3011 3012 3013 3014 3015 3016 3017 3018 3019 3020 3021 3022 3023 3024 3025 3026 3027 3028 3029 3030 3031 3032 3033 3034 3035 3036 3037 3038 3039 3040 3041 3042 3043 3044 3045 3046 3047 3048 3049 3050 3051 3052 3053 3054 3055 3056 3057 3058 3059 3060 3061 3062 3063 3064 3065 3066 3067 3068 3069 3070 3071 3072 3073 3074 3075 3076 3077 3078 3079 3080 3081 3082 3083 3084 3085 3086 3087 3088 3089 3090 3091 3092 3093 3094 3095 3096 3097 3098 3099 3100 3101 3102 3103 3104 3105 3106 3107 3108 3109 3110 3111 3112 3113 3114 3115 3116 3117 3118 3119 3120 3121 3122 3123 3124 3125 3126 3127 3128 3129 3130 3131 3132 3133 3134 3135 3136 3137 3138 3139 3140 3141 3142 3143 3144 3145 3146 3147 3148 3149 3150 3151 3152 3153 3154 3155 3156 3157 3158 3159 3160 3161 3162 3163 3164 3165 3166 3167 3168 3169 3170 3171 3172 3173 3174 3175 3176 3177 3178 3179 3180 3181 3182 3183 3184 3185 3186 3187 3188 3189 3190 3191 3192 3193 3194 3195 3196 3197 3198 3199 3200 3201 3202 3203 3204 3205 3206 3207 3208 3209 3210 3211 3212 3213 3214 3215 3216 3217 3218 3219 3220 3221 3222 3223 3224 3225 3226 3227 3228 3229 3230 3231 3232 3233 3234 3235 3236 3237 3238 3239 3240 3241 3242 3243 3244 3245 3246 3247 3248 3249 3250 3251 3252 3253 3254 3255 3256 3257 3258 3259 3260 3261 3262 3263 3264 3265 3266 3267 3268 3269 3270 3271 3272 3273 3274 3275 3276 3277 3278 3279 3280 3281 3282 3283 3284 3285 3286 3287 3288 3289 3290 3291 3292 3293 3294 3295 3296 3297 3298 3299 3300 3301 3302 3303 3304 3305 3306 3307 3308 3309 3310 3311 3312 3313 3314 3315 3316 3317 3318 3319 3320 3321 3322 3323 3324 3325 3326 3327 3328 3329 3330 3331 3332 3333 3334 3335 3336 3337 3338 3339 3340 3341 3342 3343 3344 3345 3346 3347 3348 3349 3350 3351 3352 3353 3354 3355 3356 3357 3358 3359 3360 3361 3362 3363 3364 3365 3366 3367 3368 3369 3370 3371 3372 3373 3374 3375 3376 3377 3378 3379 3380 3381 3382 3383 3384 3385 3386 3387 3388 3389 3390 3391 3392 3393 3394 3395 3396 3397 3398 3399 3400 3401 3402 3403 3404 3405 3406 3407 3408 3409 3410 3411 3412 3413 3414 3415 3416 3417 3418 3419 3420 3421 3422 3423 3424 3425 3426 3427 3428 3429 3430 3431 3432 3433 3434 3435 3436 3437 3438 3439 3440 3441 3442 3443 3444 3445 3446 3447 3448 3449 3450 3451 3452 3453 3454 3455 3456 3457 3458 3459 3460 3461 3462 3463 3464 3465 3466 3467 3468 3469 3470 3471 3472 3473 3474 3475 3476 3477 3478 3479 3480 3481 3482 3483 3484 3485 3486 3487 3488 3489 3490 3491 3492 3493 3494 3495 3496 3497 3498 3499 3500 3501 3502 3503 3504 3505 3506 3507 3508 3509 3510 3511 3512 3513 3514 3515 3516 3517 3518 3519 3520 3521 3522 3523 3524 3525 3526 3527 3528 3529 3530 3531 3532 3533 3534 3535 3536 3537 3538 3539 3540 3541 3542 3543 3544 3545 3546 3547 3548 3549 3550 3551 3552 3553 3554 3555 3556 3557 3558 3559 3560 3561 3562 3563 3564 3565 3566 3567 3568 3569 3570 3571 3572 3573 3574 3575 3576 3577 3578 3579 3580 3581 3582 3583 3584 3585 3586 3587 3588 3589 3590 3591 3592 3593 3594 3595 3596 3597 3598 3599 3600 3601 3602 3603 3604 3605 3606 3607 3608 3609 3610 3611 3612 3613 3614 3615 3616 3617 3618 3619 3620 3621 3622 3623 3624 3625 3626 3627 3628 3629 3630 3631 3632 3633 3634 3635 3636 3637 3638 3639 3640 3641 3642 3643 3644 3645 3646 3647 3648 3649 3650 3651 3652 3653 3654 3655 3656 3657 3658 3659 3660 3661 3662 3663 3664 3665 3666 3667 3668 3669 3670 3671 3672 3673 3674 3675 3676 3677 3678 3679 3680 3681 3682 3683 3684 3685 3686 3687 3688 3689 3690 3691 3692 3693 3694 3695 3696 3697 3698 3699 3700 3701 3702 3703 3704 3705 3706 3707 3708 3709 3710 3711 3712 3713 3714 3715 3716 3717 3718 3719 3720 3721 3722 3723 3724 3725 3726 3727 3728 3729 3730 3731 3732 3733 3734 3735 3736 3737 3738 3739 3740 3741 3742 3743 3744 3745 3746 3747 3748 3749 3750 3751 3752 3753 3754 3755 3756 3757 3758 3759 3760 3761 3762 3763 3764 3765 3766 3767 3768 3769 3770 3771 3772 3773 3774 3775 3776 3777 3778 3779 3780 3781 3782 3783 3784 3785 3786 3787 3788 3789 3790 3791 3792 3793 3794 3795 3796 3797 3798 3799 3800 3801 3802 3803 3804 3805 3806 3807 3808 3809 3810 3811 3812 3813 3814 3815 3816 3817 3818 3819 3820 3821 3822 3823 3824 3825 3826 3827 3828 3829 3830 3831 3832 3833 3834 3835 3836 3837 3838 3839 3840 3841 3842 3843 3844 3845 3846 3847 3848 3849 3850 3851 3852 3853 3854 3855 3856 3857 3858 3859 3860 3861 3862 3863 3864 3865 3866 3867 3868 3869 3870 3871 3872 3873 3874 3875 3876 3877 3878 3879 3880 3881 3882 3883 3884 3885 3886 3887 3888 3889 3890 3891 3892 3893 3894 3895 3896 3897 3898 3899 3900 3901 3902 3903 3904 3905 3906 3907 3908 3909 3910 3911 3912 3913 3914 3915 3916 3917 3918 3919 3920 3921 3922 3923 3924 3925 3926 3927 3928 3929 3930 3931 3932 3933 3934 3935 3936 3937 3938 3939 3940 3941 3942 3943 3944 3945 3946 3947 3948 3949 3950 3951 3952 3953 3954 3955 3956 3957 3958 3959 3960 3961 3962 3963 3964 3965 3966 3967 3968 3969 3970 3971 3972 3973 3974 3975 3976 3977 3978 3979 3980 3981 3982 3983 3984 3985 3986 3987 3988 3989 3990 3991 3992 3993 3994 3995 3996 3997 3998 3999 4000 4001 4002 4003 4004 4005 4006 4007 4008 4009 4010 4011 4012 4013 4014 4015 4016 4017 4018 4019 4020 4021 4022 4023 4024 4025 4026 4027 4028 4029 4030 4031 4032 4033 4034 4035 4036 4037 4038 4039 4040 4041 4042 4043 4044 4045 4046 4047 4048 4049 4050 4051 4052 4053 4054 4055 4056 4057 4058 4059 4060 4061 4062 4063 4064 4065 4066 4067 4068 4069 4070 4071 4072 4073 4074 4075 4076 4077 4078 4079 4080 4081 4082 4083 4084 4085 4086 4087 4088 4089 4090 4091 4092 4093 4094 4095 4096 4097 4098 4099 4100 4101 4102 4103 4104 4105 4106 4107 4108 4109 4110 4111 4112 4113 4114 4115 4116 4117 4118 4119 4120 4121 4122 4123 4124 4125 4126 4127 4128 4129 4130 4131 4132 4133 4134 4135 4136 4137 4138 4139 4140 4141 4142 4143 4144 4145 4146 4147 4148 4149 4150 4151 4152 4153 4154 4155 4156 4157 4158 4159 4160 4161 4162 4163 4164 4165 4166 4167 4168 4169 4170 4171 4172 4173 4174 4175 4176 4177 4178 4179 4180 4181 4182 4183 4184 4185 4186 4187 4188 4189 4190 4191 4192 4193 4194 4195 4196 4197 4198 4199 4200 4201 4202 4203 4204 4205 4206 4207 4208 4209 4210 4211 4212 4213 4214 4215 4216 4217 4218 4219 4220 4221 4222 4223 4224 4225 4226 4227 4228 4229 4230 4231 4232 4233 4234 4235 4236 4237 4238 4239 4240 4241 4242 4243 4244 4245 4246 4247 4248 4249 4250 4251 4252 4253 4254 4255 4256 4257 4258 4259 4260 4261 4262 4263 4264 4265 4266 4267 4268 4269 4270 4271 4272 4273 4274 4275 4276 4277 4278 4279 4280 4281 4282 4283 4284 4285 4286 4287 4288 4289 4290 4291 4292 4293 4294 4295 4296 4297 4298 4299 4300 4301 4302 4303 4304 4305 4306 4307 4308 4309 4310 4311 4312 4313 4314 4315 4316 4317 4318 4319 4320 4321 4322 4323 4324 4325 4326 4327 4328 4329 4330 4331 4332 4333 4334 4335 4336 4337 4338 4339 4340 4341 4342 4343 4344 4345 4346 4347 4348 4349 4350 4351 4352 4353 4354 4355 4356 4357 4358 4359 4360 4361 4362 4363 4364 4365 4366 4367 4368 4369 4370 4371 4372 4373 4374 4375 4376 4377 4378 4379 4380 4381 4382 4383 4384 4385 4386 4387 4388 4389 4390 4391 4392 4393 4394 4395 4396 4397 4398 4399 4400 4401 4402 4403 4404 4405 4406 4407 4408 4409 4410 4411 4412 4413 4414 4415 4416 4417 4418 4419 4420 4421 4422 4423 4424 4425 4426 4427 4428 4429 4430 4431 4432 4433 4434 4435 4436 4437 4438 4439 4440 4441 4442 4443 4444 4445 4446 4447 4448 4449 4450 4451 4452 4453 4454 4455 4456 4457 4458 4459 4460 4461 4462 4463 4464 4465 4466 4467 4468 4469 4470 4471 4472 4473 4474 4475 4476 4477 4478 4479 4480 4481 4482 4483 4484 4485 4486 4487 4488 4489 4490 4491 4492 4493 4494 4495 4496 4497 4498 4499 4500 4501 4502 4503 4504 4505 4506 4507 4508 4509 4510 4511 4512 4513 4514 4515 4516 4517 4518 4519 4520 4521 4522 4523 4524 4525 4526 4527 4528 4529 4530 4531 4532 4533 4534 4535 4536 4537 4538 4539 4540 4541 4542 4543 4544 4545 4546 4547 4548 4549 4550 4551 4552 4553 4554 4555 4556 4557 4558 4559 4560 4561 4562 4563 4564 4565 4566 4567 4568 4569 4570 4571 4572 4573 4574 4575 4576 4577 4578 4579 4580 4581 4582 4583 4584 4585 4586 4587 4588 4589 4590 4591 4592 4593 4594 4595 4596 4597 4598 4599 4600 4601 4602 4603 4604 4605 4606 4607 4608 4609 4610 4611 4612 4613 4614 4615 4616 4617 4618 4619 4620 4621 4622 4623 4624 4625 4626 4627 4628 4629 4630 4631 4632 4633 4634 4635 4636 4637 4638 4639 4640 4641 4642 4643 4644 4645 4646 4647 4648 4649 4650 4651 4652 4653 4654 4655 4656 4657 4658 4659 4660 4661 4662 4663 4664 4665 4666 4667 4668 4669 4670 4671 4672 4673 4674 4675 4676 4677 4678 4679 4680 4681 4682 4683 4684 4685 4686 4687 4688 4689 4690 4691 4692 4693 4694 4695 4696 4697 4698 4699 4700 4701 4702 4703 4704 4705 4706 4707 4708 4709 4710 4711 4712 4713 4714 4715 4716 4717 4718 4719 4720 4721 4722 4723 4724 4725 4726 4727 4728 4729 4730 4731 4732 4733 4734 4735 4736 4737 4738 4739 4740 4741 4742 4743 4744 4745 4746 4747 4748 4749 4750 4751 4752 4753 4754 4755 4756 4757 4758 4759 4760 4761 4762 4763 4764 4765 4766 4767 4768 4769 4770 4771 4772 4773 4774 4775 4776 4777 4778 4779 4780 4781 4782 4783 4784 4785 4786 4787 4788 4789 4790 4791 4792 4793 4794 4795 4796 4797 4798 4799 4800 4801 4802 4803 4804 4805 4806 4807 4808 4809 4810 4811 4812 4813 4814 4815 4816 4817 4818 4819 4820 4821 4822 4823 4824 4825 4826 4827 4828 4829 4830 4831 4832 4833 4834 4835 4836 4837 4838 4839 4840 4841 4842 4843 4844 4845 4846 4847 4848 4849 4850 4851 4852 4853 4854 4855 4856 4857 4858 4859 4860 4861 4862 4863 4864 4865 4866 4867 4868 4869 4870 4871 4872 4873 4874 4875 4876 4877 4878 4879 4880 4881 4882 4883 4884 4885 4886 4887 4888 4889 4890 4891 4892 4893 4894 4895 4896 4897 4898 4899 4900 4901 4902 4903 4904 4905 4906 4907 4908 4909 4910 4911 4912 4913 4914 4915 4916 4917 4918 4919 4920 4921 4922 4923 4924 4925 4926 4927 4928 4929 4930 4931 4932 4933 4934 4935 4936 4937 4938 4939 4940 4941 4942 4943 4944 4945 4946 4947 4948 4949 4950 4951 4952 4953 4954 4955 4956 4957 4958 4959 4960 4961 4962 4963 4964 4965 4966 4967 4968 4969 4970 4971 4972 4973 4974 4975 4976 4977 4978 4979 4980 4981 4982 4983 4984 4985 4986 4987 4988 4989 4990 4991 4992 4993 4994 4995 4996 4997 4998 4999 5000 5001 5002 5003 5004 5005 5006 5007 5008 5009 5010 5011 5012 5013 5014 5015 5016 5017 5018 5019 5020 5021 5022 5023 5024 5025 5026 5027 5028 5029 5030 5031 5032 5033 5034 5035 5036 5037 5038 5039 5040 5041 5042 5043 5044 5045 5046 5047 5048 5049 5050 5051 5052 5053 5054 5055 5056 5057 5058 5059 5060 5061 5062 5063 5064 5065 5066 5067 5068 5069 5070 5071 5072 5073 5074 5075 5076 5077 5078 5079 5080 5081 5082 5083 5084 5085 5086 5087 5088 5089 5090 5091 5092 5093 5094 5095 5096 5097 5098 5099 5100 5101 5102 5103 5104 5105 5106 5107 5108 5109 5110 5111 5112 5113 5114 5115 5116 5117 5118 5119 5120 5121 5122 5123 5124 5125 5126 5127 5128 5129 5130 5131 5132 5133 5134 5135 5136 5137 5138 5139 5140 5141 5142 5143 5144 5145 5146 5147 5148 5149 5150 5151 5152 5153 5154 5155 5156 5157 5158 5159 5160 5161 5162 5163 5164 5165 5166 5167 5168 5169 5170 5171 5172 5173 5174 5175 5176 5177 5178 5179 5180 5181 5182 5183 5184 5185 5186 5187 5188 5189 5190 5191 5192 5193 5194 5195 5196 5197 5198 5199 5200 5201 5202 5203 5204 5205 5206 5207 5208 5209 5210 5211 5212 5213 5214 5215 5216 5217 5218 5219 5220 5221 5222 5223 5224 5225 5226 5227 5228 5229 5230 5231 5232 5233 5234 5235 5236 5237 5238 5239 5240 5241 5242 5243 5244 5245 5246 5247 5248 5249 5250 5251 5252 5253 5254 5255 5256 5257 5258 5259 5260 5261 5262 5263 5264 5265 5266 5267 5268 5269 5270 5271 5272 5273 5274 5275 5276 5277 5278 5279 5280 5281 5282 5283 5284 5285 5286 5287 5288 5289 5290 5291 5292 5293 5294 5295 5296 5297 5298 5299 5300 5301 5302 5303 5304 5305 5306 5307 5308 5309 5310 5311 5312 5313 5314 5315 5316 5317 5318 5319 5320 5321 5322 5323 5324 5325 5326 5327 5328 5329 5330 5331 5332 5333 5334 5335 5336 5337 5338 5339 5340 5341 5342 5343 5344 5345 5346 5347 5348 5349 5350 5351 5352 5353 5354 5355 5356 5357 5358 5359 5360 5361 5362 5363 5364 5365 5366 5367 5368 5369 5370 5371 5372 5373 5374 5375 5376 5377 5378 5379 5380 5381 5382 5383 5384 5385 5386 5387 5388 5389 5390 5391 5392 5393 5394 5395 5396 5397 5398 5399 5400 5401 5402 5403 5404 5405 5406 5407 5408 5409 5410 5411 5412 5413 5414 5415 5416 5417 5418 5419 5420 5421 5422 5423 5424 5425 5426 5427 5428 5429 5430 5431 5432 5433 5434 5435 5436 5437 5438 5439 5440 5441 5442 5443 5444 5445 5446 5447 5448 5449 5450 5451 5452 5453 5454 5455 5456 5457 5458 5459 5460 5461 5462 5463 5464 5465 5466 5467 5468 5469 5470 5471 5472 5473 5474 5475 5476 5477 5478 5479 5480 5481 5482 5483 5484 5485 5486 5487 5488 5489 5490 5491 5492 5493 5494 5495 5496 5497 5498 5499 5500 5501 5502 5503 5504 5505 5506 5507 5508 5509 5510 5511 5512 5513 5514 5515 5516 5517 5518 5519 5520 5521 5522 5523 5524 5525 5526 5527 5528 5529 5530 5531 5532 5533 5534 5535 5536 5537 5538 5539 5540 5541 5542 5543 5544 5545 5546 5547 5548 5549 5550 5551 5552 5553 5554 5555 5556 5557 5558 5559 5560 5561 5562 5563 5564 5565 5566 5567 5568 5569 5570 5571 5572 5573 5574 5575 5576 5577 5578 5579 5580 5581 5582 5583 5584 5585 5586 5587 5588 5589 5590 5591 5592 5593 5594 5595 5596 5597 5598 5599 5600 5601 5602 5603 5604 5605 5606 5607 5608 5609 5610 5611 5612 5613 5614 5615 5616 5617 5618 5619 5620 5621 5622 5623 5624 5625 5626 5627 5628 5629 5630 5631 5632 5633 5634 5635 5636 5637 5638 5639 5640 5641 5642 5643 5644 5645 5646 5647 5648 5649 5650 5651 5652 5653 5654 5655 5656 5657 5658 5659 5660 5661 5662 5663 5664 5665 5666 5667 5668 5669 5670 5671 5672 5673 5674 5675 5676 5677 5678 5679 5680 5681 5682 5683 5684 5685 5686 5687 5688 5689 5690 5691 5692 5693 5694 5695 5696 5697 5698 5699 5700 5701 5702 5703 5704 5705 5706 5707 5708 5709 5710 5711 5712 5713 5714 5715 5716 5717 5718 5719 5720 5721 5722 5723 5724 5725 5726 5727 5728 5729 5730 5731 5732 5733 5734 5735 5736 5737 5738 5739 5740 5741 5742 5743 5744 5745 5746 5747 5748 5749 5750 5751 5752 5753 5754 5755 5756 5757 5758 5759 5760 5761 5762 5763 5764 5765 5766 5767 5768 5769 5770 5771 5772 5773 5774 5775 5776 5777 5778 5779 5780 5781 5782 5783 5784 5785 5786 5787 5788 5789 5790 5791 5792 5793 5794 5795 5796 5797 5798 5799 5800 5801 5802 5803 5804 5805 5806 5807 5808 5809 5810 5811 5812 5813 5814 5815 5816 5817 5818 5819 5820 5821 5822 5823 5824 5825 5826 5827 5828 5829 5830 5831 5832 5833 5834 5835 5836 5837 5838 5839 5840 5841 5842 5843 5844 5845 5846 5847 5848 5849 5850 5851 5852 5853 5854 5855 5856 5857 5858 5859 5860 5861 5862 5863 5864 5865 5866 5867 5868 5869 5870 5871 5872 5873 5874 5875 5876 5877 5878 5879 5880 5881 5882 5883 5884 5885 5886 5887 5888 5889 5890 5891 5892 5893 5894 5895 5896 5897 5898 5899 5900 5901 5902 5903 5904 5905 5906 5907 5908 5909 5910 5911 5912 5913 5914 5915 5916 5917 5918 5919 5920 5921 5922 5923 5924 5925 5926 5927 5928 5929 5930 5931 5932 5933 5934 5935 5936 5937 5938 5939 5940 5941 5942 5943 5944 5945 5946 5947 5948 5949 5950 5951 5952 5953 5954 5955 5956 5957 5958 5959 5960 5961 5962 5963 5964 5965 5966 5967 5968 5969 5970 5971 5972 5973 5974 5975 5976 5977 5978 5979 5980 5981 5982 5983 5984 5985 5986 5987 5988 5989 5990 5991 5992 5993 5994 5995 5996 5997 5998 5999 6000 6001 6002 6003 6004 6005 6006 6007 6008 6009 6010 6011 6012 6013 6014 6015 6016 6017 6018 6019 6020 6021 6022 6023 6024 6025 6026 6027 6028 6029 6030 6031 6032 6033 6034 6035 6036 6037 6038 6039 6040 6041 6042 6043 6044 6045 6046 6047 6048 6049 6050 6051 6052 6053 6054 6055 6056 6057 6058 6059 6060 6061 6062 6063 6064 6065 6066 6067 6068 6069 6070 6071 6072 6073 6074 6075 6076 6077 6078 6079 6080 6081 6082 6083 6084 6085 6086 6087 6088 6089 6090 6091 6092 6093 6094 6095 6096 6097 6098 6099 6100 6101 6102 6103 6104 6105 6106 6107 6108 6109 6110 6111 6112 6113 6114 6115 6116 6117 6118 6119 6120 6121 6122 6123 6124 6125 6126 6127 6128 6129 6130 6131 6132 6133 6134 6135 6136 6137 6138 6139 6140 6141 6142 6143 6144 6145 6146 6147 6148 6149 6150 6151 6152 6153 6154 6155 6156 6157 6158 6159 6160 6161 6162 6163 6164 6165 6166 6167 6168 6169 6170 6171 6172 6173 6174 6175 6176 6177 6178 6179 6180 6181 6182 6183 6184 6185 6186 6187 6188 6189 6190 6191 6192 6193 6194 6195 6196 6197 6198 6199 6200 6201 6202 6203 6204 6205 6206 6207 6208 6209 6210 6211 6212 6213 6214 6215 6216 6217 6218 6219 6220 6221 6222 6223 6224 6225 6226 6227 6228 6229 6230 6231 6232 6233 6234 6235 6236 6237 6238 6239 6240 6241 6242 6243 6244 6245 6246 6247 6248 6249 6250 6251 6252 6253 6254 6255 6256 6257 6258 6259 6260 6261 6262 6263 6264 6265 6266 6267 6268 6269 6270 6271 6272 6273 6274 6275 6276 6277 6278 6279 6280 6281 6282 6283 6284 6285 6286 6287 6288 6289 6290 6291 6292 6293 6294 6295 6296 6297 6298 6299 6300 6301 6302 6303 6304 6305 6306 6307 6308 6309 6310 6311 6312 6313 6314 6315 6316 6317 6318 6319 6320 6321 6322 6323 6324 6325 6326 6327 6328 6329 6330 6331 6332 6333 6334 6335 6336 6337 6338 6339 6340 6341 6342 6343 6344 6345 6346 6347 6348 6349 6350 6351 6352 6353 6354 6355 6356 6357 6358 6359 6360 6361 6362 6363 6364 6365 6366 6367 6368 6369 6370 6371 6372 6373 6374 6375 6376 6377 6378 6379 6380 6381 6382 6383 6384 6385 6386 6387 6388 6389 6390 6391 6392 6393 6394 6395 6396 6397 6398 6399 6400 6401 6402 6403 6404 6405 6406 6407 6408 6409 6410 6411 6412 6413 6414 6415 6416 6417 6418 6419 6420 6421 6422 6423 6424 6425 6426 6427 6428 6429 6430 6431 6432 6433 6434 6435 6436 6437 6438 6439 6440 6441 6442 6443 6444 6445 6446 6447 6448 6449 6450 6451 6452 6453 6454 6455 6456 6457 6458 6459 6460 6461 6462 6463 6464 6465 6466 6467 6468 6469 6470 6471 6472 6473 6474 6475 6476 6477 6478 6479 6480 6481 6482 6483 6484 6485 6486 6487 6488 6489 6490 6491 6492 6493 6494 6495 6496 6497 6498 6499 6500 6501 6502 6503 6504 6505 6506 6507 6508 6509 6510 6511 6512 6513 6514 6515 6516 6517 6518 6519 6520 6521 6522 6523 6524 6525 6526 6527 6528 6529 6530 6531 6532 6533 6534 6535 6536 6537 6538 6539 6540 6541 6542 6543 6544 6545 6546 6547 6548 6549 6550 6551 6552 6553 6554 6555 6556 6557 6558 6559 6560 6561 6562 6563 6564 6565 6566 6567 6568 6569 6570 6571 6572 6573 6574 6575 6576 6577 6578 6579 6580 6581 6582 6583 6584 6585 6586 6587 6588 6589 6590 6591 6592 6593 6594 6595 6596 6597 6598 6599 6600 6601 6602 6603 6604 6605 6606 6607 6608 6609 6610 6611 6612 6613 6614 6615 6616 6617 6618 6619 6620 6621 6622 6623 6624 6625 6626 6627 6628 6629 6630 6631 6632 6633 6634 6635 6636 6637 6638 6639 6640 6641 6642 6643 6644 6645 6646 6647 6648 6649 6650 6651 6652 6653 6654 6655 6656 6657 6658 6659 6660 6661 6662 6663 6664 6665 6666 6667 6668 6669 6670 6671 6672 6673 6674 6675 6676 6677 6678 6679 6680 6681 6682 6683 6684 6685 6686 6687 6688 6689 6690 6691 6692 6693 6694 6695 6696 6697 6698 6699 6700 6701 6702 6703 6704 6705 6706 6707 6708 6709 6710 6711 6712 6713 6714 6715 6716 6717 6718 6719 6720 6721 6722 6723 6724 6725 6726 6727 6728 6729 6730 6731 6732 6733 6734 6735 6736 6737 6738 6739 6740 6741 6742 6743 6744 6745 6746 6747 6748 6749 6750 6751 6752 6753 6754 6755 6756 6757 6758 6759 6760 6761 6762 6763 6764 6765 6766 6767 6768 6769 6770 6771 6772 6773 6774 6775 6776 6777 6778 6779 6780 6781 6782 6783 6784 6785 6786 6787 6788 6789 6790 6791 6792 6793 6794 6795 6796 6797 6798 6799 6800 6801 6802 6803 6804 6805 6806 6807 6808 6809 6810 6811 6812 6813 6814 6815 6816 6817 6818 6819 6820 6821 6822 6823 6824 6825 6826 6827 6828 6829 6830 6831 6832 6833 6834 6835 6836 6837 6838 6839 6840 6841 6842 6843 6844 6845 6846 6847 6848 6849 6850 6851 6852 6853 6854 6855 6856 6857 6858 6859 6860 6861 6862 6863 6864 6865 6866 6867 6868 6869 6870 6871 6872 6873 6874 6875 6876 6877 6878 6879 6880 6881 6882 6883 6884 6885 6886 6887 6888 6889 6890 6891 6892 6893 6894 6895 6896 6897 6898 6899 6900 6901 6902 6903 6904 6905 6906 6907 6908 6909 6910 6911 6912 6913 6914 6915 6916 6917 6918 6919 6920 6921 6922 6923 6924 6925 6926 6927 6928 6929 6930 6931 6932 6933 6934 6935 6936 6937 6938 6939 6940 6941 6942 6943 6944 6945 6946 6947 6948 6949 6950 6951 6952 6953 6954 6955 6956 6957 6958 6959 6960 6961 6962 6963 6964 6965 6966 6967 6968 6969 6970 6971 6972 6973 6974 6975 6976 6977 6978 6979 6980 6981 6982 6983 6984 6985 6986 6987 6988 6989 6990 6991 6992 6993 6994 6995 6996 6997 6998 6999 7000 7001 7002 7003 7004 7005 7006 7007 7008 7009 7010 7011 7012 7013 7014 7015 7016 7017 7018 7019 7020 7021 7022 7023 7024 7025 7026 7027 7028 7029 7030 7031 7032 7033 7034 7035 7036 7037 7038 7039 7040 7041 7042 7043 7044 7045 7046 7047 7048 7049 7050 7051 7052 7053 7054 7055 7056 7057 7058 7059 7060 7061 7062 7063 7064 7065 7066 7067 7068 7069 7070 7071 7072 7073 7074 7075 7076 7077 7078 7079 7080 7081 7082 7083 7084 7085 7086 7087 7088 7089 7090 7091 7092 7093 7094 7095 7096 7097 7098 7099 7100 7101 7102 7103 7104 7105 7106 7107 7108 7109 7110 7111 7112 7113 7114 7115 7116 7117 7118 7119 7120 7121 7122 7123 7124 7125 7126 7127 7128 7129 7130 7131 7132 7133 7134 7135 7136 7137 7138 7139 7140 7141 7142 7143 7144 7145 7146 7147 7148 7149 7150 7151 7152 7153 7154 7155 7156 7157 7158 7159 7160 7161 7162 7163 7164 7165 7166 7167 7168 7169 7170 7171 7172 7173 7174 7175 7176 7177 7178 7179 7180 7181 7182 7183 7184 7185 7186 7187 7188 7189 7190 7191 7192 7193 7194 7195 7196 7197 7198 7199 7200 7201 7202 7203 7204 7205 7206 7207 7208 7209 7210 7211 7212 7213 7214 7215 7216 7217 7218 7219 7220 7221 7222 7223 7224 7225 7226 7227 7228 7229 7230 7231 7232 7233 7234 7235 7236 7237 7238 7239 7240 7241 7242 7243 7244 7245 7246 7247 7248 7249 7250 7251 7252 7253 7254 7255 7256 7257 7258 7259 7260 7261 7262 7263 7264 7265 7266 7267 7268 7269 7270 7271 7272 7273 7274 7275 7276 7277 7278 7279 7280 7281 7282 7283 7284 7285 7286 7287 7288 7289 7290 7291 7292 7293 7294 7295 7296 7297 7298 7299 7300 7301 7302 7303 7304 7305 7306 7307 7308 7309 7310 7311 7312 7313 7314 7315 7316 7317 7318 7319 7320 7321 7322 7323 7324 7325 7326 7327 7328 7329 7330 7331 7332 7333 7334 7335 7336 7337 7338 7339 7340 7341 7342 7343 7344 7345 7346 7347 7348 7349 7350 7351 7352 7353 7354 7355 7356 7357 7358 7359 7360 7361 7362 7363 7364 7365 7366 7367 7368 7369 7370 7371 7372 7373 7374 7375 7376 7377 7378 7379 7380 7381 7382 7383 7384 7385 7386 7387 7388 7389 7390 7391 7392 7393 7394 7395 7396 7397 7398 7399 7400 7401 7402 7403 7404 7405 7406 7407 7408 7409 7410 7411 7412 7413 7414 7415 7416 7417 7418 7419 7420 7421 7422 7423 7424 7425 7426 7427 7428 7429 7430 7431 7432 7433 7434 7435 7436 7437 7438 7439 7440 7441 7442 7443 7444 7445 7446 7447 7448 7449 7450 7451 7452 7453 7454 7455 7456 7457 7458 7459 7460 7461 7462 7463 7464 7465 7466 7467 7468 7469 7470 7471 7472 7473 7474 7475 7476 7477 7478 7479 7480 7481 7482 7483 7484 7485 7486 7487 7488 7489 7490 7491 7492 7493 7494 7495 7496 7497 7498 7499 7500 7501 7502 7503 7504 7505 7506 7507 7508 7509 7510 7511 7512 7513 7514 7515 7516 7517 7518 7519 7520 7521 7522 7523 7524 7525 7526 7527 7528 7529 7530 7531 7532 7533 7534 7535 7536 7537 7538 7539 7540 7541 7542 7543 7544 7545 7546 7547 7548 7549 7550 7551 7552 7553 7554 7555 7556 7557 7558 7559 7560 7561 7562 7563 7564 7565 7566 7567 7568 7569 7570 7571 7572 7573 7574 7575 7576 7577 7578 7579 7580 7581 7582 7583 7584 7585 7586 7587 7588 7589 7590 7591 7592 7593 7594 7595 7596 7597 7598 7599 7600 7601 7602 7603 7604 7605 7606 7607 7608 7609 7610 7611 7612 7613 7614 7615 7616 7617 7618 7619 7620 
SCALARS Traveltime double 1
LOOKUP_TABLE default
111.01399521074 73.724098559919 83.052409895499 89.608207424918 104.23323812914 135.54122632502 106.58211331373 66.86074975451 115.91730532122 116.62367306493 64.849964833525 83.243790923058 96.551872831674 66.515962698389 118.39107564218 88.21950286701 66.65828336191 102.30385298615 95.537737104233 197.89338406709 247.34510441347 97.915062551087 88.707436364041 137.87398198136 367.36216274832 69.094947006536 348.5075203307 130.69150947853 122.10847196022 83.930578813038 150.59136486129 83.19992441826 146.14210040543 98.755571642927 79.196822664554 61.586558508273 96.602137544165 101.90981300215 126.32981382358 84.234542584754 318.05390467744 115.97532241386 74.186051003749 89.131813580093 86.46525631308 105.22514100575 94.478824204875 105.51239124676 149.32137007528 70.258074779176 94.833482988674 113.17596814768 110.20675256589 65.852863831025 74.004899904427 106.79649897974 305.89466561375 352.15067318912 101.8523933108 108.53956135031 92.332108308597 119.60190479476 88.519518940413 90.183714832215 270.34297466044 96.596165707992 66.989963607772 79.764602838392 137.71829746695 94.773288022231 98.491728875388 102.87142386319 73.833550454306 104.9705884029 429.51187742926 212.22133319711 153.95451192668 73.284229764251 89.507175943999 153.76822260773 183.52797255189 122.78044000833 76.501933964724 324.14778369999 199.88764039547 74.01321318325 150.76294925338 76.423420667325 87.827044395634 277.45595277981 319.1512055082 337.52399498757 86.63390400704 164.2005504529 104.86272153233 387.98051597694 471.24234965503 436.55665496184 88.624749546497 115.94565267229 96.911930754631 339.00968717999 356.96015143314 155.68254719956 76.533329199424 355.75577009187 450.51002905858 118.81428463076 118.69138285032 199.54468921852 233.43841092678 125.59763138353 312.30640821418 155.9951436874 107.91377499465 346.40412530945 192.97869783481 335.66725162477 129.82542256998 311.87172965675 250.37618523702 224.98023998508 125.45423057175 104.50077049018 234.98897812707 298.39544610794 348.30012762484 82.109846502676 142.15232186262 372.99337089478 305.41716355033 157.31606825943 108.218208597 163.15086799386 68.489035353138 189.17571259536 101.78184063893 189.69513501026 94.084218979872 130.95234395004 107.95119802569 381.58589567977 56.243477694533 121.48547189442 106.46557171414 84.198185258936 93.939184414539 168.59538522841 78.868192005256 79.083726517505 101.65128825878 359.20219031816 240.49346497587 125.6809155652 72.542033201935 375.02334942255 294.14116018858 128.84688587129 84.173569787606 257.57949162869 380.95201655165 155.51056431591 200.50663972184 83.836125223657 161.07947274031 190.37565284332 136.29105675897 205.169905391 303.0986224542 91.646659196095 97.030899843439 85.25680774889 96.350173802442 187.0450569576 283.76193949089 103.76636120992 87.820015081599 98.127491919803 372.54280648293 41.765895913466 136.09392377781 82.917350426557 75.469620008358 177.57618510398 274.44192033736 100.36799674077 295.54800474558 73.636060484558 57.482145637024 288.37011149511 40.898237581309 81.868544869279 62.694986388986 342.4747336188 135.1438276822 54.528809690838 78.132842641771 84.294294097402 106.8976242962 72.267328381485 65.754348429525 55.76602501975 74.103779930491 130.9091315572 70.749500634325 83.806421237247 94.91666466532 61.626698680129 48.437506161142 131.17502754835 125.25201119686 48.133729992916 46.12431796746 112.69731083678 391.68383353091 64.343604593603 73.420192912064 75.879703039021 97.366361567415 55.360308944862 71.864551795614 51.034635919221 60.54543058905 83.010902834861 156.1723804686 53.906517259695 114.15203542451 83.818374210045 165.15553517262 154.19428286933 83.593111406055 94.805498696149 118.09696563272 109.39762912037 148.76837601255 147.42440436992 123.19553977269 138.16158674268 81.170225035609 112.68663629401 67.638885889887 52.282649459333 55.239934849956 92.297300227523 44.948124067331 86.985762555474 77.482990245133 115.119532565 235.05625983473 77.622784548805 106.51072105752 61.649972950079 73.159632865311 112.88961833682 169.45174051142 97.850261786797 107.09508125042 191.1466776942 129.89139053184 138.51241432076 74.88191011614 73.155715904781 79.62619198677 54.164791861092 85.011995497564 85.333797282198 88.381883031963 215.92527940726 99.751605557456 89.757742101588 107.95093784538 103.77292139971 115.52893057746 122.42046384412 98.773974418669 59.698512892822 140.18826199921 158.37225935511 101.46640656587 56.81623204398 99.63650879747 175.06096119766 160.31209581713 175.20604009535 274.86594930436 266.53449499427 346.14446876587 231.73444989506 111.27958374401 81.6757041011 366.13777650691 101.09027196954 233.09578700973 119.52138233039 101.03129512603 98.685505806984 184.73457671016 58.840028084354 132.55408025274 85.779515333672 109.33079772091 84.950665621794 91.432584847421 211.85805651249 148.02732337608 80.88019900291 84.207539782398 150.36445279474 355.97989255734 90.506125798254 85.105543099571 95.033714846414 117.12439998629 75.487682264903 68.38756069161 136.19089274185 377.27541112396 56.086009567016 150.66563597339 72.501802451467 119.50603246988 72.589619216463 85.671972607061 50.998297742536 95.173010724004 78.207961886682 83.407410009568 81.133080899875 80.543269969456 143.29424226927 91.023835161702 69.445545062075 63.364808297779 161.1283386989 252.93752231091 68.265699399685 94.850352432158 170.39844993324 375.60307785078 101.95320143988 96.054287493918 55.32752223778 104.07435995087 180.07785128027 217.79912311356 108.15841205063 61.268059719057 127.51980676592 159.30072253067 100.62209669591 83.733517261158 74.20349085741 111.06538373406 93.7135681403 66.340603437444 137.87315066485 107.43053269882 76.725883474845 100.37884977336 82.911268175255 77.591493919615 59.224765515316 67.850767159379 77.653331861676 94.558241057269 77.256279523653 87.062440211248 73.837596113861 65.485775495689 90.982203232755 63.528639506581 87.31637692212 85.135149498922 90.926218138544 115.52047978935 122.48828844524 253.6055347303 105.2621641272 64.4069453474 121.48491829427 246.81175551195 141.74385489281 207.90002309684 152.4082358184 71.997681221952 287.29802831566 69.250348511454 101.59588792806 317.90982672218 107.49406510759 173.05470391836 115.37687063232 179.02298062119 129.20937711709 137.84490998935 92.101043169307 68.639253077725 85.657357022637 96.003622958619 104.17779389465 60.98193244596 139.37722216208 107.25658958332 148.01157783752 184.29405046211 186.86788285958 106.15452463553 156.19565285871 69.630199393108 110.80627338581 103.32057443983 114.37444088581 138.72887234758 86.518891941838 130.07712235108 107.89027248767 105.70466055609 123.12323077418 111.53436480774 115.3921967517 93.531520398379 124.1178896285 88.741085879697 137.57576010773 108.39651290617 97.413536875979 142.38626055789 326.39331406423 101.98246260097 152.69794018822 158.62475943382 116.16770453116 263.70573615189 288.470438232 244.86429622209 269.91277224894 247.16171275568 276.94086553526 377.43210611123 357.87439961759 331.20637432476 340.02819475546 316.20071895062 314.7961370802 374.36115243587 332.62638635824 153.78704615613 475.50208427041 186.47974303828 219.10957107117 167.70715135444 264.26835625818 238.49327780672 125.58802128075 149.78868521848 121.32648160322 101.53622809432 85.097869556567 114.85220672405 90.550536858048 89.511993170425 55.606156116811 66.537988750756 107.40299474535 154.1594183647 85.416699639579 98.501474829598 80.104867276929 161.83914024661 78.688857465605 93.769804343381 81.596653343977 96.717738420244 73.582924395543 81.232385813114 54.755109819098 95.869754229902 103.53359251029 115.25839197701 88.915499856548 125.30105665008 96.540625758567 170.16343236987 104.54054926189 145.54036163293 112.77156351074 66.131438919198 91.619045138312 100.63002143801 94.494614359237 177.73153552861 134.58736586263 627.17510796353 120.33972230907 105.61883548301 94.468851679805 251.9576114443 88.853713308008 127.81467610059 86.759362806813 100.1105999155 96.032800390079 107.4693732677 85.408995201039 164.11241765641 231.40512539192 169.20468018682 117.65775700253 152.5713473558 85.218466891951 151.64796711359 202.51486298929 230.91737935226 114.77407100646 150.94653584099 140.04130970683 288.85302980934 172.63252971132 180.584087454 78.365913191801 229.37813048688 66.159951108181 71.025696553312 128.17357514069 141.41324911884 297.07775674526 319.82127842021 367.84343242799 245.43868247374 375.84312038183 369.48568537071 355.69316746768 375.19139479927 356.51137791724 305.81070060495 307.92006096122 378.97268187418 426.82827842369 362.31360973729 156.39180175599 189.01273869832 392.12162997385 215.58645369637 202.5303146685 126.16338567511 246.84604529626 167.29080621932 250.25122107718 120.70701490588 218.00012032944 250.55141743104 95.010513733207 155.30000004055 91.30527668115 101.11157660722 84.163886130937 171.19474070787 145.60045526712 118.8861641656 71.811093958805 77.773285155127 75.931289521742 93.578716709505 96.720010716261 133.45653227446 98.326088026268 246.48159176131 279.14387029668 416.23684746054 387.9537873886 381.15672879829 281.18730838945 99.456009298456 124.73415886335 128.13289134144 208.35617552206 303.53151671479 119.77389385157 181.69686938391 124.2067664574 155.03291551162 414.47724731454 111.03886694607 172.7787917496 70.709413088888 318.55571551444 380.79894644458 387.81824806605 320.09057789009 334.49267097553 342.01083351806 332.54489613181 334.84025807883 260.33591084848 338.96679502955 138.78420941778 223.4617393686 469.68177882506 344.47266639397 305.70571486301 283.59873910902 238.59458724387 243.87050912865 125.99763590611 153.51058183728 89.420070374696 107.62175691119 168.36355468003 121.68636619354 451.61428955262 142.29182824519 217.03440127381 141.01076195582 180.76682032453 202.76948639067 163.73460927356 173.62149785594 125.94416014821 530.24007427504 385.53461046405 239.79084344052 346.4241882661 319.46219413554 344.98080508552 354.19620997433 378.12226641044 356.68411586955 339.32811425287 338.94188476917 339.15211154651 334.60968786014 348.43982610347 348.97445539048 382.80452258985 353.64089673333 455.90082476754 445.41806713547 340.69961036156 401.38198613416 345.55344905128 342.0741200416 374.55339597143 340.97734996347 466.39119939474 347.56935762989 351.9892197207 363.14683382731 455.96110898613 464.83874244456 391.95817135934 440.45247329701 376.60488102625 345.22972891832 360.10684349732 415.67998875152 453.85482788439 444.91369504999 436.67153862949 435.05036636126 350.61671997882 359.2145298832 365.79724703857 436.74302840531 459.76809582551 386.12469380032 418.95424533547 392.51843480376 437.65819388844 443.57738393594 458.5142047267 499.4639998055 425.12605287908 393.97109511877 118.27287816003 140.69481519909 227.87338603826 138.31839534779 107.8992271054 113.76843411755 468.04384961943 247.50214542165 168.13175336967 194.12282146344 208.33537668053 289.03182826246 240.68802397244 204.70733998626 228.38189022932 165.15618651095 108.36985973982 118.24169418292 102.98274746044 156.0805109861 176.60619355247 203.32736041365 143.45423429999 137.30130816321 121.36630081655 183.21845488841 122.36678966477 255.31563176884 166.0513249664 326.10078716426 259.26808641751 615.94570312291 718.87818683703 408.69265258722 397.76995332961 904.75702576002 192.52795860537 184.3431514404 259.33662817667 227.41490797824 121.35193330976 117.65294807425 175.25309860417 286.33607870691 137.38417677361 163.42015532011 149.46233389947 251.12910100806 334.55103089874 326.14401503349 113.53676782845 123.58960365196 266.94286178252 143.75340342356 712.37607120757 87.395549105813 115.80164905028 137.24749360836 138.19576974709 154.06440785355 257.44934547649 689.88780450456 316.9988966178 661.94464821011 171.06417754523 216.80143434659 294.61963868763 137.83189188598 234.67970566692 115.04864555043 204.16792871364 178.97423891936 364.91704713196 361.63283843006 456.21594753686 466.55196077034 132.89023683228 184.80148585856 788.06438879554 742.96491282106 221.79633559873 786.81154020497 247.60271490756 261.65477301687 121.27321953025 175.20323057386 221.35695727202 232.00370625381 340.168069168 249.10009661765 222.50397494533 221.3574829201 468.02136390815 272.22313494424 203.46064544375 496.0074861051 419.09523848595 282.29180967511 166.24619939438 192.1022818325 277.33091974065 631.83705188515 448.35879018231 402.60073403041 172.57708668257 236.27122655126 467.40924906057 470.62711085175 182.70875361403 208.37678412815 146.51505781717 333.82415828026 403.3537195182 171.59388576344 196.62936168101 204.27247961947 235.95749056907 106.63238827978 141.42299513584 466.50691113039 282.14054676038 858.05278967287 364.93528404041 394.00373119833 377.66019718356 374.70965184652 470.85055977645 495.83830693315 586.3319585215 498.38993908824 285.35854906655 596.12926310406 915.1265417438 328.42779741745 222.49299938117 216.88135958731 243.69211960796 251.49801665965 379.39468823735 375.09140363997 228.95429007541 339.41308812841 648.31035498115 648.54751251285 700.66380744638 193.18047331742 405.90399188102 279.41685216394 281.73666042044 861.59150888271 119.95092809019 462.58328951128 789.78248796888 638.78541524571 97.393845234879 359.36705171008 274.31145603135 258.76679899277 202.18121765872 325.61485904317 716.15562157197 368.84395996765 780.72667494577 429.50892090032 141.28255172572 150.69610902536 748.8173140488 326.52845239684 123.95024667364 151.52247886483 172.40569909143 207.90481364767 233.3378607448 333.79542666512 380.98178390072 981.90892030391 206.68462862219 188.07399422322 209.66456808528 235.66932833158 551.56998959666 646.71177092982 384.33162325126 413.33459212556 284.52729666606 239.31733382234 155.08051922797 345.02447964062 525.96066422018 470.17430198024 199.84682464437 262.31317860049 387.24328541226 767.97600958551 696.11811176939 903.85864553504 992.68660926358 497.32572341161 336.25537052202 277.63954008773 604.34649411793 593.71789500156 323.63679536967 833.58002853452 278.41576860819 329.43279104365 455.85565605294 315.23648212813 394.42870234698 154.19077240507 676.86086699676 966.57598925286 107.82576868085 402.06336031638 506.7662498324 104.4365836489 215.87955158098 181.61168129804 423.87442180875 1305.4716780266 382.07343204802 343.27678673037 368.03477408652 396.59969254353 525.48826535417 384.59239152888 270.9827454592 245.06593447353 548.40612891888 394.13937180818 281.21476946156 824.92445471859 270.5818153426 296.38984408763 390.20098251706 426.43280770028 317.2124471474 291.29869650199 293.57148108868 251.68175593732 386.97871107634 395.10256015247 440.19241257619 417.29694761301 783.24944693325 476.14113288899 577.03893781988 679.0237590938 176.05705413365 253.69891881518 343.25595296699 254.74457488283 403.02981998291 406.99613342501 439.13980637232 409.65173161483 699.42161843984 100.89331716569 275.56666445838 181.92853649539 614.72077658893 918.49374792593 598.51672265069 149.79856832251 179.528334707 360.83815325131 737.41956971544 776.56760686366 1122.1927246954 340.24378304564 893.28482569061 434.41263787827 460.32200956734 256.41663628915 359.19770706434 150.55237723581 297.4108746177 357.2893282205 678.55391471635 756.66270900158 185.18583754491 127.45047848289 1315.3919347121 814.57179969229 301.14647094819 811.28569383475 525.59432806807 358.32346557301 215.31855364867 571.20707848737 183.79304414085 297.92945359321 156.69617721204 144.62066949638 328.43708536663 255.38195110428 1057.2148430948 926.34592170924 344.18622638067 345.436406123 601.42798018698 477.61885280728 972.4334679736 925.93427656745 422.34913968296 385.78506377232 934.80602521816 699.44784917585 420.84692049441 448.10397674157 433.56171507091 458.06840725849 154.00000554771 332.36007418 809.44548010188 864.28539410793 444.02931997692 830.42921926382 415.14120796043 444.61449796972 549.40926357283 198.9004991059 151.259484365 325.69883442223 219.48026870796 344.89691810361 156.57638432851 412.26694246592 497.60748129873 284.74166355702 374.49110540409 602.0030000235 600.33300745279 253.75355549365 727.99974234406 853.13406541791 682.86905025965 404.53074493743 601.4970498634 445.84992960422 525.55242597881 486.38565265869 475.98167893792 403.6100038653 476.59636841492 477.86143829064 997.63738729574 651.11502566872 739.95672699783 609.68434301168 1171.0758181503 601.1723787419 247.00175689786 59.684878352078 161.4074853662 162.07919742848 158.78488428386 416.03569324923 401.50627286256 499.65341101122 515.62819547472 341.33539221459 452.40573207852 769.58317443048 1043.5870096236 1141.3924557084 328.09020902841 460.6205932132 257.5164607246 399.50609858978 607.86200746472 583.88442332719 263.19002116227 282.75114628412 338.3127775692 438.59746117063 299.54299032505 273.21586875553 441.17947522022 611.74932835877 321.25204711135 367.34526505254 525.33758519214 328.31946037735 420.54334702613 480.5944079094 878.34472328486 520.97047254079 380.33897719096 116.10862862311 744.43850840908 835.70260920622 546.14823996981 178.24303399181 212.51800930952 154.194313426 181.28636866983 186.4748859202 927.11677471821 154.07074057524 906.59169035424 952.40346623317 956.31472384792 770.94981486702 342.02889635208 513.23582719776 509.78541359017 445.60475673045 422.18049846244 569.61977527974 451.03504848138 897.63809178649 760.24065597165 218.16663551489 164.72563940744 167.87057176068 163.99143719848 188.02646783087 182.13358000049 374.7755608223 155.30395175934 841.69435686116 512.87329624876 642.62443359248 526.92606135812 569.86905464793 158.77255576821 152.69541553144 224.07617717413 180.87676486328 194.10023970067 185.04314347482 317.71953757283 778.46624675593 521.5914547361 584.16745883619 250.68053344224 160.76990061466 284.58835472227 240.73045691735 216.48658990887 1065.5746956466 861.55059677215 712.58683344933 576.64875009897 493.88525014065 527.44028179294 232.82723427939 268.13852394938 368.96933923626 338.85083466427 281.37090660254 250.67018564515 348.45956767605 485.16456958687 293.65095156185 243.57435330255 320.85805457428 317.31509238416 281.31839535193 236.34467417323 605.356243053 427.48052846314 329.90137638515 259.12249613692 265.67917312619 164.47879090549 419.65386307339 423.39912686532 227.72379827538 189.02648941582 225.56075859043 198.3470122964 299.15698643417 235.90204315494 340.00857978063 262.30794864386 243.69830977346 247.66037096586 179.32553901852 202.10601052196 220.77355175936 170.21865614381 200.01802422625 1213.8788803352 534.4591956307 1026.3079946102 874.17326998579 831.9995448438 543.27332724006 350.89143893785 552.25856652038 1013.7147667726 419.05678630985 991.69234709843 1388.7848646754 697.45077533466 895.04246545083 690.00879400587 495.36844296212 336.62615187065 769.0932483469 853.33346635777 671.69794371109 287.08001667593 533.60542034296 427.02775648945 491.19523200249 396.77269821076 834.96432500366 780.30216616814 814.50897410023 445.90979674719 409.66207103099 274.00994718154 612.5763210125 328.00908006961 82.646819395612 294.30388890436 1470.3379227051 887.89945726353 202.26871843272 588.05112764035 688.95222569412 476.22149472822 671.72125421452 841.66130108844 470.5842536076 449.18795820929 770.81307354504 661.72095377598 909.40922162988 588.55549046198 769.95219521986 482.62135771431 450.25958716826 641.08096980842 711.78552635058 926.73704205331 767.72807434422 831.19104672535 751.78207296289 740.25386408062 845.15028555054 606.38058001655 784.60710703712 815.05512719194 697.84022881781 842.95134780076 856.73620113562 913.86341792613 696.78372958546 735.11120518315 373.1902122749 419.54550653262 357.82565595629 410.93181066372 636.35547253784 674.51355989353 626.9606871189 739.35719602363 703.18674068925 656.7559210222 694.88905231559 988.01366829187 161.88838779271 151.91063304217 818.82328609961 886.64949979665 577.22284354558 497.97255096031 573.03990178032 668.18128498624 763.56445821795 652.41461824307 833.07911926982 577.45161857654 809.61151395256 504.73063401006 978.68962125113 1074.8380060856 744.18274591887 1004.8218613438 953.17061593275 943.85287958739 749.72600279617 872.86333086511 143.29578242063 913.85909779528 452.03766901387 586.00402407017 894.16894287872 922.53748822849 253.90892042478 298.54989403047 1259.306374574 596.18007468941 713.60640321417 252.60541068115 304.10586755045 336.60206355058 562.05461909649 818.88377795555 989.68007463487 789.11259243793 96.359736816948 591.42808453225 157.32823473127 514.78184243842 690.25853703225 364.99780681638 873.73731105511 998.8296809247 248.46860549084 131.89731315866 219.96872867334 811.4710177988 571.26720396048 868.24916213577 1054.9197403269 933.18812334389 222.63808670138 659.75969334545 758.08854698704 708.31639159939 468.3879636093 541.32399369539 436.02010382425 504.97123423758 683.9078496529 651.3265661848 781.19544026332 813.98474039883 689.12897112757 517.00579887772 609.49035103878 806.77993900379 919.50521000311 896.05649771893 525.03073537693 622.83708335834 1724.5223214073 750.60006276577 624.59395920713 634.28727176481 716.43192276222 1152.4646897638 626.04700515627 814.81878422288 411.13165098987 374.24493719782 185.08372496911 1041.0691566232 302.10941297751 619.98653758751 134.41388220647 745.60061076194 981.19607677011 163.47212074551 801.32117633589 899.66219101921 743.09039414758 733.92792847313 433.03748447291 375.02323869539 704.55033180311 623.37616506619 264.73429801629 287.91506014274 395.33876508557 522.48971347811 386.38847202846 403.13399815051 554.57821345667 592.84956856334 420.55942210573 477.87843649653 520.45430433587 622.21033585654 126.88700593267 849.84621277414 166.42085546992 300.46083512033 564.93208710608 718.54915364402 487.70422043016 532.84141508016 828.86084619487 750.09354851439 879.49449706441 603.84191766085 440.6628699116 719.66272013212 1128.6656050891 529.93083200992 995.98470046057 570.61993927986 814.71242648633 1658.1736845472 217.69614321261 564.31423154073 898.67068811579 1040.8755170839 419.87044410853 434.90172214695 380.27758515916 255.99129088287 825.98462996777 1126.4621593247 870.59662576751 967.40055419669 684.05145773668 858.4308475172 473.27015098411 838.18499037837 1090.7297424367 888.15264581284 604.84807799505 502.76824603625 221.52695847216 1022.3899724869 529.19512424521 449.78637135217 838.99655336553 759.89874606047 556.24224334844 962.78064837718 897.08948473254 986.67713541632 923.40510080377 927.88309849008 357.67478992197 383.68406925716 530.65566592805 575.42503570263 574.00672772491 674.17296394662 430.00744596081 567.10172739719 100.45321949455 1199.2479196123 451.59502971404 482.55108815481 788.07685162561 766.35411305741 361.6535656848 1597.7846818116 137.95730105995 390.37366255383 449.8075047616 946.9658560295 379.06506496817 487.99382907152 266.25608248309 299.54215664631 463.39036097863 1074.5625841804 480.6130269037 894.65593740084 414.37951978922 418.20854347889 941.97722063634 704.68932839376 667.17835551693 683.96074295299 862.00319989533 339.41079712902 729.8215263895 563.10709151303 598.13708593739 756.67128104539 578.39492764234 508.0357874265 752.74984628853 1125.2154837424 515.23263188869 600.89272245068 693.20268394855 627.91956901022 933.57275712994 757.13682365166 591.76907783348 610.44599524087 353.68489834764 446.87392506149 292.38813783398 375.17439191533 390.62901591778 490.26970507686 815.45285325776 1501.1986188052 462.06646541174 501.50061148084 534.69225118276 1059.2974100452 731.19139378349 960.12789631042 971.37078435363 1196.2566528455 817.87451617267 1110.7331263119 872.77659521461 439.89130439136 1166.9831495296 1520.7508628627 1331.7909502394 1056.5390503938 1043.4164716242 843.58908856716 963.80948544692 918.54039335549 971.11421342785 1020.4422575775 1113.1955496629 983.42748614973 1235.24878013 1246.3940605587 1031.5833884711 920.14505895774 881.7312177919 980.12416567142 905.47665984547 719.52237053518 829.46041936695 865.44815575073 847.09148471162 933.61003389474 805.49720541894 1194.8019512333 1109.2564218592 862.67008930594 728.17292021977 688.73930446629 594.82426127859 985.11227836961 975.65756196281 1708.6631929918 1153.1521598375 1251.3397227697 1616.5849991582 1076.9130967087 1289.9012750816 818.57740140186 1033.2317699604 1118.5813080847 1190.6672112495 912.56316053627 978.26336521085 1093.468254746 1188.2160415827 1130.6779233587 1096.916525355 915.09525498484 1058.9834310716 1032.2742344151 982.57562457044 1292.5899040722 1274.1853556049 1368.3019639113 1415.0050482192 992.38732136294 1114.3715780358 936.52522415486 1070.4181124748 728.05181646492 909.11372166253 627.56497584336 629.82536681306 1570.607561056 1927.4184920063 566.79984332741 894.30987754379 840.92770325327 786.49550577146 828.63514153438 854.17160134542 1835.4208837009 1047.7019296225 1144.7536318092 1393.4541450355 1091.228605957 1204.0914149457 1311.1963571674 1239.5548702996 882.20746378144 996.36629189566 961.11347147478 1028.9485587351 1116.9316712388 971.5682028995 920.95659892873 933.5632592037 997.71278283649 649.68801070591 843.07298691541 881.00118458025 1037.9703992398 1016.4567438045 1223.6055991145 935.19261829698 903.65568058134 1459.2635840792 1823.0611855142 1226.4644964474 1381.8366803505 1257.4955969315 1344.290996752 1357.4390838783 2136.0324921133 1563.4827083975 1627.8765236373 1153.3363149942 1076.476709215 909.69284949277 835.4849511576 926.68983435355 955.9101588638 1028.0690949178 1086.7471898264 869.05328420942 979.79689901491 837.49474829105 890.96532204739 931.84957953454 1681.272965856 808.02407161199 914.80182669368 1058.7896707136 1013.7926875878 1466.5318953393 1674.5449449027 1825.4044104285 837.77556961564 1198.6999021788 1316.7904206171 1549.2387503202 1443.5019488195 1143.7298701827 1419.9010081777 1055.489899333 1357.1484984618 1085.4729092685 1483.6020927962 1783.2155887847 2670.4833498288 919.80459029113 1180.7583326329 1098.5455899838 1880.8158244276 1898.0625441565 1737.9763583926 2092.2672609171 2053.4886739578 1736.317811833 898.19176925499 2185.9947853337 2477.9407024792 2375.8160098351 1291.2787489621 2403.7714214141 1490.0232659324 1753.8468218877 1834.9420104832 1722.1954178346 2160.9812387627 1597.8730591909 1912.6795145372 1502.8408187616 1531.8267751412 1404.784808128 1433.4403751748 1861.2262368688 2060.8239289454 1738.0388876135 2369.3315499716 1006.4321103989 1128.2318789788 1221.9599707004 1292.4761732946 915.28219333423 1082.7709499858 2089.3392894287 2179.2523050084 906.13740481314 973.4960189123 1206.1351936397 1195.5834415345 1369.6962265578 1321.2036180113 1180.8840656466 1232.6371277912 3015.548957862 1339.9514472782 1433.4998622347 1431.4299699544 1029.6241634886 1031.8765849545 1589.2752055712 1942.2122788793 1773.4178682843 2095.3842671528 1927.8572994192 1254.409980117 2531.6156654498 2651.6510071729 1667.5855969891 2058.9368867749 1430.2156865691 1244.4340737805 1232.8981051809 2820.9940507109 1583.9732322596 1522.4937773871 952.92452709074 1101.1535451257 1381.728938298 1310.5972700342 1067.1431434959 1190.9248038492 950.44494416046 1170.7760411156 1203.8228494471 1123.2927389424 3207.9165312106 1196.9968541286 1269.8184052368 1265.8330391331 2083.3794917488 1901.7276141498 2836.6402121124 2271.4207025725 1353.9148698334 1517.8860135364 2688.1533059495 2675.8542347845 1335.0465603005 1963.3361311346 1339.1280835015 1384.5280366996 943.18596189242 1360.1432292303 1899.4730572495 2791.6469982386 1285.4871769779 1561.9158447521 1181.7904178473 1243.9720926037 1100.129828111 962.25228553726 1066.5690212482 1035.2957273651 1662.5965945029 1931.2616450375 3160.3266100346 2972.8652440008 3317.3970161383 2183.430402772 1292.8067591803 1331.7832425591 2155.8851793341 1307.2398141484 2434.4469894854 3001.3022203896 2291.273490641 2346.3875058236 2461.4203293351 2846.3221499774 2241.7944960766 2289.6784595028 2870.212113966 3397.3320145899 1952.7513882632 2175.1344744734 1821.3365365426 1807.0970115874 2076.8633996916 2774.9406961688 1715.2022643644 1741.0771092653 2585.9798841829 2780.211720661 2188.1061911705 3101.0506166756 2722.5957895648 3271.8324961602 3421.4329789481 1638.3326223716 2831.7184306704 2528.2185599215 3093.615675271 2974.1913841881 3263.1929251822 2237.1810838003 1845.2272122054 3408.526455425 2038.2886631076 1707.4356445883 2256.5087568314 2712.6792837911 1344.1111074246 1481.0834760828 3003.1718718947 2418.1069982458 2507.1718924595 2843.7746854943 1170.4718583416 1228.548932756 1950.9587261553 2306.5577748105 1648.642413376 1762.8645031853 2545.729810054 3553.0678480298 1112.0456010896 1866.799150586 1317.5256887748 1641.8369115641 1108.8124911094 1229.8300780184 1045.8210420782 1171.0462883367 1160.0336566709 1600.0964872835 1760.4587489911 1772.261193383 1548.0257003624 1814.9949259965 1049.2149179684 1122.1527903324 1000.0041048741 1232.2850656308 1033.5782570437 1135.5679729541 1178.689727689 1285.847994594 1211.4160493807 1161.5207407035 1177.5695641125 1220.47297598 1586.0757171736 1314.6260107268 1250.3347387963 1853.0054209612 1025.9361095193 474.72157642409 216.32176057873 259.77864090517 259.65828538914 311.96046109452 128.41572164581 142.72183143914 302.48857928299 294.9849762958 349.62344681937 588.97995993686 623.66277622358 661.81662728366 649.59621096503 607.53822520333 523.40738041555 577.56575516763 452.44701219831 617.86836708327 439.78946947849 514.76590041673 731.50614041757 846.07615411276 376.49166346975 359.6885024946 552.08414923299 815.14889405994 292.46962727859 326.65873947364 978.7453543928 1468.3449032142 571.92310090388 513.774942984 1012.8200947109 779.50505813588 621.36698078931 875.32056534646 724.20002981981 748.28949093729 1076.368517125 1105.5224682421 835.50405613843 914.71346315593 782.88570967827 1022.3946141498 682.77156205463 911.81423612574 996.18463133576 1586.8593733727 747.91749726188 824.65159626299 767.64104940085 946.32122323518 551.47403151112 682.38274188937 659.6126022575 1311.6199812364 643.20400808955 583.81203490959 572.51107081019 703.87680286206 615.67651496897 622.5408406902 695.19021995848 733.58178488091 655.14023122649 605.42769900002 695.08573415929 835.71869253516 1022.9761031267 873.80982541102 668.68419848186 793.3889758238 816.02642603721 720.76045569035 799.73593286964 1384.9718275305 622.18119378485 838.62676962144 583.71932071699 673.29148404567 569.79133464277 754.89912645298 541.0523544538 613.91940862861 481.3375046505 425.03857712625 554.65646484915 814.64881604867 469.8384686324 383.41204288079 437.28654786149 483.41029856682 433.29691309257 513.76336662068 547.94903091378 636.15252412471 654.43255139853 584.05160141102 774.87491557793 716.70656062326 631.16079115273 844.2140152152 670.02081481425 696.17774281637 297.06494822771 247.0416042075 353.48546311944 327.0024428515 456.60199759984 340.7538791443 396.1421119145 394.47307660757 595.68913865357 564.82897124965 945.76021597085 822.09761833761 1028.6706693657 1694.9975965211 805.68044021363 897.93017054423 912.24981740917 1178.3064717488 984.55870372083 1068.7386293551 1532.3757945324 1065.0175939908 1045.994716044 1096.8850569515 1001.2384773538 1389.9621524195 1135.4283526155 964.39259830265 1330.1325651776 1103.5260321521 902.72624889379 1146.6243068923 1195.9343516981 1728.962552733 858.98334166277 1075.2564450278 1294.5624459541 1417.8893623823 1239.7892529465 1588.0955394807 887.15513406042 917.20613211271 1184.3380499186 1285.547046892 1907.5532144315 1476.7513842914 1251.0744649533 1277.9571040016 1379.6059201298 1564.7809909736 1262.1059387582 1596.0490534519 1210.0597760376 1026.5003431086 773.1559734964 1074.6337143949 738.4883483181 958.31998039152 1137.3026717714 1208.577436365 1043.7925196435 1144.0308141392 928.3834127305 1115.6148083269 862.16759001439 1198.4462905128 2036.7441021211 1426.5578621851 1206.9045491961 1105.7587715655 1564.2879116222 1288.402605408 1525.7613292048 1452.5780699338 1548.5126380872 1840.9499733221 1508.3297869914 1552.3525915288 1784.0463363996 1729.5831847775 1643.1215925534 1524.1121266149 1414.9578518951 1698.1774309693 1624.2153776482 1968.8403532669 1647.5279137287 1817.2826559261 1358.98491916 1428.1319816213 1293.4971716751 1738.690708471 1610.412217641 1959.4927366401 1715.0760826958 1776.5866368295 1870.5384287816 2529.8884635653 1840.3461728601 1913.2877650402 1612.8988776456 2099.2005855277 3003.7115726406 2039.1307243172 1498.1575912371 1822.0514208411 1320.2642336136 1043.1254537043 1930.476151887 1988.6427393571 1951.5624100888 2146.3633158043 1995.6709402225 2141.5933542317 1980.6787837621 1814.8564118853 1777.8595667144 1695.969644522 1799.5377811488 1628.9534768351 1791.3435237732 2362.6638695829 1960.4898131209 2105.2261399928 1261.3237322864 1887.6064199284 273.73859750466 287.61859966069 682.14992785665 743.46527503685 353.59851955641 209.9756736142 171.89564645748 272.92746185309 420.29108171451 595.33442385142 526.72674983355 816.01010365908 901.51499761722 967.2362874382 1330.3158968287 1060.4134793166 959.97510241983 876.15031997818 1109.2597272311 986.52535370595 985.65786765294 872.35167916729 1086.4894091005 885.68965944419 1361.2443799927 1273.4314362718 1014.9892039464 1148.6543889674 1343.0727256636 1061.4589887741 1041.5749773288 1134.4014941431 1040.7513830475 993.50801032518 1115.5649330164 1211.7475980418 1012.6240314237 886.45354478088 1078.285118662 984.30688270559 1148.8486586039 1103.4098956806 942.56387694425 848.48541805435 1186.8206349884 1265.1463762858 1138.3148885068 1022.343038049 1185.598617463 1257.6555292532 1077.8062070126 1064.5629965351 1239.9352631693 1396.0263854018 1433.9616949508 1163.9122915445 1301.8093117972 1396.4770718414 1172.9762358161 1441.3097798981 678.33420299263 773.58463872692 1639.3323112618 1612.859747829 1282.7806161769 1244.2532221099 975.20932565105 1368.0744184717 1436.9697664381 1485.0596784173 934.53168282999 1605.5429850803 1553.8033099957 1357.0286341259 1681.6202201439 1439.8264134476 1836.2655018734 2355.4417030627 1652.6072010516 1881.9912340241 1636.7236802533 1315.7451882625 2011.4950823375 1386.9188227243 1499.8083387907 1487.442448467 1589.8466547883 1537.6957869202 619.13040760745 435.3658418834 288.06207094924 450.40818702659 371.02096110103 497.06199872262 640.75286113541 591.45241898408 684.59941606108 716.13349039174 404.69417634129 402.87436007972 694.73609130897 549.38076319832 723.91975478973 1173.9129700434 736.33907889832 754.35083322359 845.56040378675 827.44553663312 812.09257528258 735.01997648223 1050.322481821 1060.2181041569 940.19033682459 998.96252623482 823.64245004215 919.77822827504 1169.5623068761 1380.855629658 1303.354515013 968.85338436333 902.7006707402 926.13794252814 1290.058759992 1363.0369251145 1132.0786684838 782.96571133634 1192.2237243715 964.25287375185 765.8443461612 730.43741947756 789.23975658402 586.25176718348 1006.9238287209 1193.6957426378 1242.1524549566 1151.6568595644 1309.4967689959 1106.4109421616 1035.8201336414 1047.8532371377 1113.7570567236 873.7521700107 1299.3050513323 1102.1339634623 894.41485551397 828.75217887564 916.84622377583 938.91927151455 2777.6291094768 1460.9056610048 1305.5668402576 1845.803526989 1225.0527572058 1618.9601557584 1298.7524997467 1208.654993317 1183.5991254687 1408.3008703012 1452.7275058431 1334.8936061153 1155.8382350431 1467.8232053332 1073.1605636333 1237.2982951698 1399.4348498531 1554.4430142902 1265.7176682227 1362.6544979427 1583.7254519532 1523.0570788944 1618.8272656643 1731.8555883358 1504.3483686884 1653.8579690003 1831.8239424164 2115.6070983963 1727.5386302633 1813.979352515 1710.9746219741 1853.9079988086 1963.0803017823 1985.7025096173 2309.5042345291 1972.9371020561 2274.0310251571 2199.5660999555 1192.8788277719 1275.8568649517 1616.7455970283 1404.016684301 1413.3962963896 1423.1880281641 1566.0220716986 1686.47178453 1501.6995870311 1988.819768727 2337.2993383997 2452.0090572241 1528.8645017335 1844.5879950738 3120.7492666165 1661.2989764846 1210.2570795956 1205.3982707315 1679.546500994 1806.8374035375 1655.6022870174 2468.4015807627 2507.4876869499 1746.1165048869 2126.4082826458 2264.3614202595 2550.1408371295 2506.6208660257 1742.1734982077 1846.8515644078 2424.3830838507 2617.9840484192 1303.6066629227 1666.2879655885 866.31143977763 1016.0104192887 1841.5341695343 2294.7885274551 1230.0696816807 1202.7389298081 1072.1388314744 860.49103096582 1839.0793041555 2434.4685655552 1077.3588118903 1024.8062418433 788.43024535423 986.43282378296 2964.6856209571 2561.2779263317 1465.8673136357 1798.1005314371 2177.194510794 2655.2956754502 1984.453990476 2245.8879360403 2842.1377914134 2587.222534425 2240.7957854006 2497.0634880813 2688.6694365216 2724.2771509346 3027.2080826105 3005.6977335547 2569.5520431125 2931.2071520726 2832.8001030492 1872.2488243804 3311.4110227788 3588.4504354225 3431.9194154941 2667.8101340552 2631.5165325079 3749.8239546913 2873.7013364418 1990.9398159355 2812.1279643658 3086.3547355482 2843.6833200097 3181.1188156996 3125.6476213253 3772.4246517187 3813.2200276978 3539.4713193639 3771.692679073 2942.7975845451 2272.8874263426 2857.6311497096 2018.6673591182 2655.4082464477 2065.1407111369 2636.8865779408 2389.2630413394 2208.1744856771 2742.0555968979 2489.6073903829 3451.5419537524 1791.1347801885 2460.9804900495 2104.0874436821 2701.8460278258 2920.2012896345 2862.0974856538 3303.6541295314 3674.4819498171 1912.0453960501 3540.1319001731 3360.1108112046 3765.973228274 3312.5484903578 2130.5230118555 2307.2761021936 2974.4152466575 2588.6550984349 2092.3855719299 2695.9379237402 2108.5575938398 2538.9666286494 3417.8651316102 3476.4617754501 1766.1639108944 2513.7405173598 1858.1169046928 2476.005780255 1678.4130379088 2278.8043431797 2548.0291409936 2749.6226364489 1898.8746329194 2028.9277808633 2703.5301589637 2271.6829848826 1652.7804031853 2225.5680889198 1192.1565150072 1791.1308356502 1872.6985228133 3003.7338393199 2141.9825320033 2376.9424100901 2704.3223017836 1753.340516003 2314.0678832135 1901.7129443159 3739.4716830511 3879.2081032352 3608.6303859582 3805.9887026412 2721.1392266998 3699.5985227898 2835.9225394277 3192.0102142203 2723.7532744944 2328.7989509653 2173.4951405196 2091.4862466554 3814.6694846617 3819.2566341187 3115.4737247002 3256.8311461049 2820.3421403587 2581.3794316057 2149.0786162425 2076.7471111475 3716.5087023662 3776.1404466814 3159.4283920336 4263.3626161143 3708.4907815897 3720.7801248147 3336.3597897051 3657.6114219928 3658.0932991619 4890.9263058563 3472.3282381674 3002.3534553177 3081.1283777616 3586.5275158009 5545.056932514 3042.1281799341 3831.4750981244 3895.2142496034 2989.2409630042 3061.8609376952 3352.2064042819 3557.4663387661 3462.398740736 1624.8384572503 2577.7673905935 1835.2504165418 3946.1897422654 3893.7934826208 4429.5992474378 3444.2807780275 3913.419353401 3344.6924616838 2000.4914258221 3415.9942274274 3115.9767987834 2838.0225630579 2190.7781621269 2039.6081125322 1955.1456102803 1802.5157081286 2166.6936957627 1797.5626852204 2986.0887236796 2856.9720777902 2479.6578202622 2695.165393879 2323.8591665593 2186.530551309 3700.6037512834 3208.8772306594 3200.3443830229 2118.9957037902 3028.446428703 3394.9744606642 3121.8057550083 3156.5063598523 3507.3138767531 2824.2805188181 3283.5295559811 3476.9812816308 3474.1235150479 3395.6047310016 3273.2529995607 4063.9185480943 3711.4994270516 3815.5310421684 4205.8826578247 3731.6858273123 4175.9384777557 3794.3659187823 3527.8694939821 2064.4955487127 2830.6143870522 1837.1936137218 3489.8503105463 3466.9001958068 2211.6347720932 2045.9800650206 2472.6389077896 2434.8639424176 1550.716903326 1764.0024935232 3908.1802178911 3874.9077277472 5165.6964069111 3939.0157358028 655.8524755325 745.37608506271 443.605874254 806.48377194599 426.99962140221 661.30030772431 860.44913744619 763.61817399746 915.24145754879 935.85579055588 938.41602686571 954.67492851812 899.49927790475 845.30353339996 903.4425814352 953.0242613186 369.47196572647 539.1830558766 786.34528381122 589.21605346279 905.02687332992 1143.1861537938 598.65510561118 623.67085674257 497.4892601455 408.42795236569 526.71574177568 612.70918483522 522.73723234775 685.58873300854 787.36478284268 780.8032505487 949.24163786784 947.44999723854 947.94966445802 889.26240579298 869.649818262 955.56547562602 1070.6602030853 1004.6607721805 815.53951060645 794.94951546669 1364.4952360149 3789.8306296764 1096.344784882 1207.3707739356 1045.1531276853 1301.6091573422 1359.0466129044 1315.7754695535 1107.717129059 1634.1609760239 1331.4393802294 1228.6433046741 608.97206417988 843.11689697563 534.46363678952 743.72171054242 811.44928728499 764.3491460947 1218.8796536426 1316.6043980016 1088.3960825432 1031.2677980956 513.93523651037 474.70355938324 530.63594885049 676.59612451561 891.24614968539 707.27600375159 823.93449361009 1130.8682614335 1036.9600624245 1241.5536533642 1092.9950221387 1045.5647904136 1185.9240703002 1092.8187463108 1166.1037620306 1137.6623373408 1281.1978685397 1087.8841849471 1302.7925616649 1321.7350430219 1135.8844218097 1191.2330188613 1290.830899621 1337.5369229819 1366.833429533 1252.8835259596 1431.3449140634 1248.7468777406 1279.0474488164 1328.0988565176 1363.5367155402 1289.2799140657 1339.4389682712 1465.5670573543 1421.0482448547 1368.7618387189 1281.3546676905 1361.7807383074 1228.7195786583 1326.6378252792 1483.8721727334 1473.2607571807 1386.5771161859 1342.499486372 1383.2894474521 1506.661738081 1414.1340052212 1480.0476518984 1383.8202956326 2461.4353070129 1514.3574278518 1398.4189894942 1576.7258226954 1424.8349020304 1567.9374984584 1419.609864513 1536.2198487232 1478.0469055335 1538.0093597833 1454.5768143555 1505.1311904561 1524.3455129511 1581.6048602582 1647.9475561771 1509.0678277882 1605.7551333933 1684.9055388535 1633.0893893486 1791.9772477453 1567.2547410839 1455.0036424279 1612.1893911816 1590.6913820245 1526.248256542 1620.3477530881 1510.389821224 1609.4008300648 1589.2660980246 1645.8781308402 1627.9970578955 1595.2582685913 1621.56160613 1560.3406958106 1541.591305734 1743.6666499995 1769.939345807 1724.876304032 1720.8752041647 1748.3202394038 1689.432042581 1596.7896388015 1801.0533537136 1757.8318392262 1701.8866886643 1793.8792876612 1764.2055601763 1781.6774400553 1853.562871911 1814.3783775847 1150.9855722522 988.48309800171 1245.2850221937 1176.0268450906 1493.4002564669 1252.7414361362 1296.9209000335 1346.9297020617 1381.3444212542 1438.079716087 1655.4459198514 1849.2398769004 1899.5112388087 2043.4758638676 3287.0087799616 2033.6295607737 2223.7937676116 2036.444265567 2170.7147628206 1933.7218714009 1881.9120028384 2669.8518755215 2338.8330274677 1537.9634782879 2362.759341573 2890.5597719789 2453.1339572367 3523.2186713185 1427.961900409 2519.4183287674 2638.8303150443 2537.5526835133 2336.5620571836 2350.5045937769 2754.0877309288 2077.7593800883 2218.4386842677 1904.7626671439 2001.2962365906 1694.9199845173 2231.8932411124 2087.8960931228 2011.4863916914 2179.3846760402 2469.1355221197 2053.8842725055 2668.5660172901 2416.8549884285 3053.9066536527 1842.6210381954 1701.9163416924 972.53420008785 1268.2706964044 1264.3430348161 1405.4296239833 1207.6896830905 1384.2689047509 1163.5381543142 1336.0804406616 1664.3270368932 1448.0121069884 3409.7706797007 1487.0695479071 1553.0391114157 2068.5272567468 1211.0224442338 1452.1851731544 1128.7030032102 1227.7924595707 1320.917714332 1785.090779603 1475.3476953663 1549.9776573097 1628.1940976613 1504.6016382077 1704.1759758159 1857.5518894326 1704.120618147 1600.1273457135 1660.3481210316 1698.0833368975 1462.967622199 1884.4510073283 1948.1160252392 2019.1922805658 1657.9229172703 1581.3360232503 1931.4962288907 1713.7357250926 3671.3165116653 3714.7804464663 1807.0101915631 2244.6469982869 1764.7329816834 1821.7057031465 1883.8685131253 2155.5325534154 1891.2729041703 2096.9911148832 1890.1797323015 1981.8638635257 1835.5670998084 3685.4258374895 1642.8241373482 1661.537996233 3398.7287418295 1951.7835503557 1850.9131398345 2050.2033768586 1671.207681879 2292.3018745902 2016.8960694349 1721.0979834528 1752.0379645773 1635.3193756776 2042.2933535316 1651.6521530048 1988.2927325337 1882.0724609435 1870.8397632891 2851.8037441489 1813.0689806265 1802.7370414935 2008.148834807 2174.7328833851 3864.1466753911 3074.3962430788 1987.9072328278 2089.7938090669 2019.3708463191 1954.2794850964 1756.7928393557 3060.935799454 1549.9820199643 1861.2938198048 1642.806434745 2011.4150211522 2131.782184901 2070.6837509736 2155.3359174228 2052.2237517717 4342.6448979536 1897.0321531082 1800.8689807411 1855.6582825946 4034.9190823677 1851.2844926645 1935.525406032 2043.6638700535 1763.8561120986 4008.8731486698 1900.5290277128 2241.1341801304 4416.1269218839 4125.8981503941 1757.8251784237 3057.6680641352 1868.9414819488 2820.5273167187 2507.417070745 2373.826853903 1818.1235352297 4305.3786111878 2350.0463616577 2203.1869205213 2196.3037645626 3900.2218667709 1946.7370684556 1999.7167219632 2126.0831041538 1969.7681426672 2173.9296681744 4063.101376426 1935.8735734363 1739.607890475 1748.1866615401 1839.9038125106 1853.9369476043 3659.6209141355 1733.3962247175 1834.0520022163 1937.6104252255 1711.9290210704 1685.0147770433 1664.4555286656 1859.5886963943 1745.3380021859 2031.0852316198 2301.3796520447 1684.6374992827 1563.2457770886 1802.0380811885 1785.3666685617 1816.5030021763 1792.1333287974 1785.2333239351 2037.6125693035 1988.3285532195 2063.8917364433 1993.1248067358 1835.9855593387 1673.3008759177 1927.6347419607 2162.4400549021 1899.333360171 1845.6444612754 1941.6124722133 2750.8271048034 1818.9417104496 1657.0009976274 1896.8843681037 2012.3678767128 1841.1328311482 1990.0286336856 1880.390062684 1717.890790721 2170.5552692167 4117.2459156543 3845.6911342363 1943.4702435627 1920.2225334624 1598.3848314134 1855.7461942414 3680.7050739954 4169.3432629203 2050.0096679047 3457.9295918845 4123.9556092871 2302.3943405508 4035.2684131495 4338.5963987984 4245.1905085518 3011.8155876617 4502.3726334072 2164.9146429394 2369.9057491849 2956.4659514487 4504.6315556597 4315.0820144552 2630.0153827756 4544.0521613416 4544.898895899 2443.0935031415 4620.2929983599 2824.3931953004 4127.7399281255 4694.6580492102 4463.3236091721 4534.9904529676 3619.4704916683 3829.5794011609 4081.3835504104 3727.0600296199 3992.121488946 2292.0441646796 2462.6023001957 2473.0512796488 2266.800089579 4370.945671957 3695.6464269074 3057.0960201162 3369.0966539712 3745.8038730071 3003.6956858263 3916.4081803493 3379.1190950518 3593.5065520166 3274.5024125796 995.61015369339 1045.5155970172 1024.1542513412 1057.4844464387 1023.8742335004 970.13437499632 1117.0571473825 1179.6567871379 1247.4318570955 1183.9038616626 1166.0973415387 1222.2333927709 2912.4958091028 3055.2051467329 2045.5828077693 2359.4452090818 2956.3976331504 3078.3259289809 2364.4982134768 2623.8996657307 2688.9667439916 3088.7170752958 2355.9886677064 2219.5299854656 2135.1123043203 3212.0639959663 2973.9188187839 4257.5570172064 1443.7808479352 1542.7497215302 1283.3200969654 1438.5046747656 1497.5151046238 2190.2595801489 1468.1563090571 1620.5059208687 1367.4418600131 1360.3904564179 1464.4072544986 1758.7487478685 1640.3480822731 1972.7087024249 1523.6170263359 1620.5830224229 1844.9307723718 2320.7627176884 1736.9650768264 1823.870891142 1415.0748481078 1727.7491848758 1422.764142809 1530.377341296 1557.2780763644 2110.7583468602 1710.3872986317 1524.8476622441 2176.3484047576 2013.1364437307 1862.2591354566 2325.2395455362 1678.7222319853 1934.5445692864 1672.0261695679 1735.8404320939 2022.2548267501 1945.0616429987 2562.5782116922 2112.9104515769 1951.8495152434 2961.2621574535 1543.9756286386 2044.1005331499 1624.4025077928 1889.2500524545 2404.5761584337 2275.6153173153 2063.335667326 2251.8237555579 2918.3856576827 3761.2155437891 2521.5981440668 2071.6674927267 1686.5402512474 1444.750148838 1496.2708445979 1416.5978425266 1195.0525627712 1265.6091874428 713.43031109227 1121.211267405 1327.4795984526 980.93368985433 1236.4593305796 1110.3102001664 1299.774997309 985.64049733618 787.73219110636 938.67352398357 679.66896544206 777.91457895048 637.68777097637 942.10852717962 869.68549512402 688.75627448846 1068.2388491119 963.53791586235 796.84865061585 983.5163154395 946.47741440276 918.32247979745 1055.9072795778 1469.8027074018 779.79437872933 1089.336299386 1225.8319822417 1128.7916753599 1554.2398507084 1184.0344460929 1034.7495956887 1226.6986472658 1137.6711974294 1206.1146999795 852.52812346178 997.70460153818 1055.9940402353 1424.8754404849 1302.165582504 1142.3926370455 1421.6513370957 1605.4329614623 1209.912822356 933.21085785461 648.35978678786 742.1239128711 702.60924357623 872.1702705715 1073.5291740709 907.15861247511 1025.8138998297 844.76167175069 924.27244861926 1006.5554217754 1145.3391656591 906.52551765355 896.74496339641 963.01907913405 1055.2225642112 1087.4321002508 1111.5411090661 1081.0896448006 1134.5393192987 1411.804160669 992.47531956983 1218.9677604316 1767.7674603292 1233.0325747262 1151.2637418227 1362.1802481145 1142.9835903151 998.98537898116 1283.4850251288 1914.3219243371 1281.3817517244 1298.9515887143 1088.6249719923 1042.0635455683 1395.2229247729 1487.6331760627 943.66975135098 1117.9595227985 939.63525465863 1077.8207282053 897.48784437217 1024.9828079163 827.9743408728 969.27440836242 1085.3235482757 1097.0200852551 1302.8758068543 1356.2684958526 999.33255918883 1394.8647900364 1144.7108604904 1036.0962847556 1125.3369554436 1239.5418068906 1271.1303072658 1179.2624227457 1195.881656081 1124.00935398 1149.1385427601 1519.9258980731 1374.9499550465 1691.9411173392 1361.838036944 1263.3315903818 1315.6002105808 1625.0765134548 1495.4277828644 1202.7740198557 1297.9636338388 1627.1165009082 1416.0927005222 1782.2943148256 1465.0212356705 1462.7917734126 557.31880116087 508.72085515413 606.69662714161 751.47702093089 731.71892759987 652.24880323714 1115.6399013064 1291.6386767855 1085.4107798301 1232.1377949998 1246.4297902656 1220.2642939696 1497.9073293555 1561.5813548259 1388.3256865189 1404.5883439579 2018.3835484977 2569.5895800797 1112.3965267274 1518.9647619597 2151.9503433066 2012.5619426524 1933.2202202215 2045.9225357514 2141.2671919178 1949.6496528503 2381.8586387693 2372.0870268207 2081.3546310526 2097.0476491226 2260.6201896339 2288.9172001951 2318.8389209201 3593.4031258255 2241.6289950032 4516.7616782276 2671.3325283701 2670.2784981059 2191.9757039377 3611.5408594372 1585.3320658591 1611.5159972076 339.81128209647 344.39549709221 1100.3424866828 1154.0345863261 1513.6768839416 1710.0341583776 1486.8091206812 1541.4638143306 1611.3901515323 1546.2315193762 1267.052531499 1399.2845274719 627.74926618451 715.19657143961 1743.7635757767 1947.5510607934 1583.4332834339 1972.5014736684 1734.7939193345 1536.2046517187 2122.4520750288 2116.926247331 2871.1711992576 3165.4028124671 3103.415917243 3120.9137419456 3158.678912606 3034.7981591702 3613.8199973682 3726.6141520565 3784.0850578953 3746.049367692 2266.3733562173 2011.5732487393 2794.1577282787 2997.9218633042 3192.9407233163 2732.0264999015 3268.9235100413 2995.142722812 1674.769455804 1673.4592503565 3239.4051970174 3536.5974280045 2859.3565614911 3187.5325073573 3515.0294999954 3213.5189661351 3134.7724465314 3446.771513761 3465.6855081214 3252.0081010395 3743.8701589579 3714.7116251476 3706.4735505076 3683.6080577476 3624.1738031083 3533.6775556846 3662.8895530533 3762.3402216609 5079.9662822292 4033.4587645627 4988.7273228502 4238.5211585023 2429.3842898124 2673.3909787031 3939.1185347414 3398.0459828745 3436.3220765848 5073.2197963563 3492.9822038089 2607.6983800666 3510.8054447155 3484.5257140075 3353.7909595773 3384.754926161 3024.7336383937 3413.3206956044 2927.5154429152 2887.9665023337 3873.7959133568 3921.3207527141 2031.5192286663 2434.6938348918 2184.1694764248 2480.3886223422 2305.3237768313 2639.3838962989 2129.1284259821 2583.2983876222 2454.9211951878 2541.362018467 2271.4199580914 2346.5161424765 2463.2348022216 2416.5528693479 2487.0670421466 2560.887150055 2365.5263505275 2354.0111101049 2202.5833488973 1835.1123667893 2185.3446233545 2202.982612784 2497.6766866297 2590.7983013737 2554.4684685746 2785.7015396515 2110.6725735657 2024.0026023556 1878.1277531899 1671.8695856773 1621.3550559065 1547.5259409455 1224.7291703954 1391.4269285545 1380.0453300203 1031.3756687321 1120.643437209 1392.1816556053 1203.1484561563 1156.8545947023 1224.0782301266 1025.4917951894 966.48481065196 707.06753296002 2466.4494862556 2705.5368369133 3940.1659005385 3897.4201890064 3963.4419564194 4161.3945776046 4143.5400943058 4231.0063065516 3000.7643113891 2321.5614637866 3276.212506364 2734.2217850424 2681.1597235315 2835.4342724557 3133.5430838534 2666.9701408505 2345.6831251609 2567.3110875319 2501.6305774264 1938.5309835652 3466.0124201239 2172.7616402 3171.7786005091 3066.4741677822 3489.7006960658 3391.8358643789 3087.9176294683 2217.5996962199 3775.6520361156 3675.3677128532 3243.6919341208 2987.7398991788 4192.7245052102 3930.4224996226 3887.5482114946 2889.4781195588 3598.4080050205 3551.0413605902 2790.654897117 1992.0971112452 4013.3056839537 4046.3723512689 3033.3739104932 2696.8060431935 4340.8380653586 4341.9923615232 4126.2170006075 4175.7217685608 4120.7190252415 4272.7740322912 4263.6137539783 3776.3996550247 3930.0848475771 3842.5508488598 4081.3755115985 4121.7063639784 3946.1863649411 4158.8029417453 4121.3269000636 4417.3832600844 4264.1679874594 4288.2367120972 3970.2756283644 4239.942151149 3977.6988593214 4415.1654206429 1727.0392798691 1898.1690604399 905.78245937375 973.87509117504 1027.4571026892 1002.3877808079 1077.4828327556 1012.5027848142 970.17607365663 968.98878114085 1319.9793508981 1223.2852490246 1551.9259595967 1549.3434199165 1300.4546374748 1357.1235350213 1455.1364356686 1388.1950759761 1550.5775262703 1842.7278413483 1656.663261067 1652.3882310688 1497.1170635839 1689.6886373856 1445.3501358839 1733.8749702006 1475.3180807834 1661.9793185164 1800.6732542016 1937.1856237087 1747.2357537554 1772.7069118184 1806.3149353721 1937.1026248729 2020.691719684 1505.6516170608 2583.4978913739 1936.9361959669 1830.9281980771 1719.950270463 1964.9755646258 2029.2068701904 1693.0314603467 1787.6244687209 1215.2288916139 1239.989988282 1057.7858869045 1933.6129565882 1465.0882832221 1474.4796118757 1672.8039909455 1689.9485411402 1780.9383045634 1865.9089090565 1837.0821512211 1831.3630993628 1869.4503900899 1863.8546441144 1933.9946043762 1660.1623128153 2028.9753204329 1888.5719900099 1579.3724294588 1503.9868850937 2407.2757968957 2281.8215275519 1924.7814731279 1016.1529334476 1388.5355374989 1635.2206008954 2274.9008574119 2150.0463750841 2690.4060737275 2392.2171396661 1703.4417769306 1515.561506498 2149.3871891476 2478.6295193569 2135.0279298789 2372.6215233463 2571.4577766559 2741.7983373887 2441.9337014709 2595.2764812794 2791.691971953 2851.4488199461 1291.8645334659 1234.3918946979 1632.5438836513 1416.9810632797 2184.3628985466 1332.9165641639 1498.1541218588 1472.5845638353 2908.4936489547 2902.3285343322 4338.8794900984 2399.037699646 2786.310957705 3006.4037458832 3169.5690388507 2622.3639602631 3080.643019663 4009.4493092307 2956.0798033065 2932.6980515009 3117.973502485 3250.3695452567 2978.3039694732 1954.7861742462 3425.6420279235 2581.4739128665 1270.5279392837 1116.5446596794 1462.9631231273 1021.0540938154 2886.6232774801 2922.1216082991 3069.4283362494 3307.4755483503 1553.7501238342 1358.914867103 1287.0932442748 1117.6607827411 1190.0451010489 1560.1321018646 3285.1771535081 3405.0429080922 2895.5585946248 3672.1848880334 2990.6636544309 2683.3940716597 3152.4097118907 2910.0992191245 3094.2118395274 2963.5528095479 2792.2352914564 2820.8223406659 3019.9306237626 2530.7981968988 1908.438498919 1793.269108026 2726.7053707906 2128.7592486625 2550.2584508384 2728.6097080885 1966.6025732195 1665.8201860938 2811.6339358749 2496.1133583647 2789.8694473609 2582.4961544651 2367.9722923519 2272.1861494904 1793.6770958725 1920.3801140722 1781.0962853375 2012.8775259832 2039.613462323 1939.7321095264 2143.8015428445 2419.1563342506 1814.4393509602 1783.9326958896 2111.8773205493 2114.2665194785 2333.7281986944 2194.4039670727 1741.2784982778 1617.9553720675 2425.6512446413 2284.3681741693 1873.4747863684 2001.2138712924 1936.8570547767 1516.5501400531 2528.0940249544 2095.5983714026 1694.4139696672 1822.8035321133 1620.4304012629 1812.2789326758 3373.4135575661 2446.2161911655 2743.7133330609 2619.6842483776 2512.3390718166 2423.9037274719 2393.9075194901 2067.4969885437 2426.2499021395 2669.9149873146 2343.8691944714 2560.3856004851 1941.8958212264 1856.2387207741 2413.3356299361 2135.2857723764 1313.7913283803 1829.2419889525 1283.8543194047 1463.7708199682 1444.288622322 1773.7791821227 1874.6248884436 1964.1329851594 1953.4354957491 2081.4996112528 2204.8224421276 2304.0199815552 2324.0951694317 2455.0867022395 2546.5052117409 2681.0378857175 2860.847095165 3322.1336711024 3039.4746043247 3254.0763059538 1536.4438441116 1661.6986839953 1175.2549337237 1090.5910401896 1142.358366554 1181.6975522806 1733.2673261411 1637.9603184872 1947.6826994969 1981.3194170023 2103.3684446158 1969.8690216719 2030.6405112042 1895.1743325675 1983.9717613062 2014.5360953733 2016.3919712575 2016.5850417161 2059.9690247126 1986.6518411036 2069.8461488482 2018.7600981124 1961.2802752935 1918.1553874875 1997.6232745713 1891.3433907885 2036.5331745053 2119.098381277 1903.9786159644 1915.430341072 1951.5823155412 1928.8126116334 1970.0487779739 1990.7602389428 2018.65066635 1995.2961191792 1962.9968359973 2050.0280655597 2042.0702544918 2080.3203084278 2083.2931992654 2110.4968735849 2047.1127719734 2101.1119056071 2083.7111394217 2137.1358329344 2065.1591853736 2057.5981568295 2219.9649230523 2117.8520762485 2199.0306047748 2134.1117433645 2150.2906464473 2127.3289408098 2122.2180152415 2149.2237365084 2089.8083574005 2164.1215171974 2122.293454727 1866.7849131936 1903.6283663665 2033.2862164232 2126.6601971525 2140.3218816316 2292.4007405158 1863.1975211788 1917.2507661732 2287.7040742281 2181.4203286395 2451.6912725798 2173.8581314526 2372.8191570243 2275.6529190995 2273.1736620939 2329.4719128105 2372.3685962253 2598.7144795678 2559.365501694 2245.6703476413 2177.8560474599 2357.380057994 2432.8231509363 2408.4726369066 2748.198240556 2602.2051134838 2204.4121340027 2183.332710839 2231.0117285246 2214.3482743262 2224.1076723671 2137.8112570721 2075.5028902668 2188.966509609 2104.1689422792 2069.6037090616 2146.089021588 1965.8484194916 2288.3594335459 2143.3938679621 2051.7618438225 2070.1339252074 1917.3147268593 1902.5132098177 2106.6305527503 2120.6685026689 2143.8748323192 2054.2820056658 2371.5805744794 2211.0527392632 2238.4830160773 2508.5777241229 2387.3541174995 2299.8558997516 2239.308040663 2112.3915577953 2311.4371320186 2306.395268025 2417.3174374364 2316.0655683888 2520.6473092793 2589.8057061603 2574.2771123402 2482.3116490191 2515.0307186889 2191.8048375058 2710.3190949989 2574.8384428167 2321.9697271398 2136.8315808385 2993.857375743 2659.2288245024 2687.6085811833 2734.349364134 2851.0065626845 3250.2447793891 3012.2033645314 2203.0401428228 2606.4241106739 2771.2035547039 2475.1441995358 2673.1642164816 2435.2824774159 2565.2151194292 2482.9103055225 2734.113935231 2712.0847477882 2984.3960503784 2373.8477845591 2598.0632454307 2832.4029148615 3121.0614129533 2686.9099474308 2890.4823970545 2616.1612071297 2727.593777998 2590.9562437293 2878.1428321215 2972.1503357269 3198.6661639309 2827.0103585276 2777.4821608237 3525.7421529186 3265.3775277283 2875.387817099 3131.9197898857 2968.4066262468 3073.8899756447 3327.2734064044 3015.3727784781 3027.2746502518 3109.3779382802 3345.2639300842 3480.7193933104 3056.7900626838 3141.6815252339 3124.0140482585 3195.5690072258 3269.8545825116 3104.1095526193 3344.4180008275 3411.1358149502 3383.0900649841 3454.0519446809 3397.9297401388 3170.0559363963 3274.4284819132 3376.5598569867 3214.5864636843 3325.8509906958 3516.3523014658 3459.3004771802 3446.0528472327 3515.9601104899 3947.7995498168 4340.5186569413 3813.5300832126 3887.8886856041 3337.8128312524 3340.5890443333 3802.4794661439 3645.7173516504 3269.2074017803 3085.4224581072 3689.6002113507 3233.9399361371 4066.3044478159 3575.4639870496 3442.9024210074 3058.2699890301 3209.2569798932 3215.8134366638 3332.1265292014 3145.6891736679 2848.3816870817 2457.9565867233 3426.4488447731 3528.6345552772 3486.4926791236 3610.6955908534 3688.6928285049 3881.2386734305 3782.9636772783 3595.9853453197 3767.4864668478 3753.2283206536 3829.9498481955 4014.3536993666 3671.6136476147 3910.0218007569 3638.2347620905 3700.4522862813 4021.5278395454 3954.4128408345 3544.4336947289 3820.7360207753 3569.3065308975 4168.8709266933 3848.463853741 3945.9008532509 3913.1780646682 3907.4587642052 3813.622690732 3841.9240307455 4216.9842431733 4184.6987117518 3687.7309950165 3619.4402588605 3952.6398696334 3906.2919305399 4145.486197675 4410.3411691394 3921.7300355655 4103.9286526791 4195.212501318 4053.1129742665 3963.3927332703 3970.3252624806 3804.1333886795 3870.6727558384 3610.2397585663 3713.6205651704 4153.039228797 4007.5857972777 4708.2212988204 3242.0656447367 3762.2697446664 3715.2284775757 3652.0206956859 3541.240462865 3363.7326533962 3490.3204860354 3103.5239187199 3497.8443628103 3640.6027059981 3603.4792051713 3269.5497870934 3387.5377626114 3569.8168851409 3719.8880960525 3398.7584286113 3580.796734839 3276.7549821039 3626.5107034067 3056.9734291607 3355.2261699355 3722.264148473 3821.1289626743 2876.4532556905 2819.4129821938 3631.8634269972 3985.1759188383 3432.4682273588 3142.6443728265 3078.8221918897 3475.7173463261 4036.6353415056 4041.5485600729 4292.5562529136 4347.3929111211 4045.3584844493 3862.9933550798 3656.2270064345 3620.2727461832 4368.6258863551 3852.5777089127 3473.8767194097 3861.7989162918 3156.3101491148 3303.0504616965 3248.6536635779 3667.5793551657 4025.9509637677 4352.9717523076 3268.3245781041 4260.8493987359 4764.0007739903 4742.7086017594 4383.623337699 4296.5784565559 1485.6982201738 1732.5697335141 2008.2432513899 1700.3584962245 2458.8509807961 1908.0917414423 1653.9156212228 1535.1620007033 1426.8815156381 1643.9178579262 1410.7253666884 1450.3571392837 2087.5506728369 1998.6436423031 2225.5780106801 2058.7111914733 2028.607835287 1845.2244110824 2188.6599457238 2271.8696609635 2274.5115559197 2653.0125975743 2538.9713875 2272.1772480409 3047.3381445127 2331.9042462503 2431.7542493817 2471.8202235753 2719.5500358871 2676.7477759528 2766.4930576684 2323.1798034873 2830.8413205996 3184.8473611032 3186.8754409305 2588.2812388233 3218.9559916282 2929.0454796325 3038.0271648418 2850.343822254 3307.9933568894 2983.0272388318 2760.7592838395 2525.8724842359 3311.5514710219 2624.6133017729 2770.8289590574 2480.6536103579 3789.0792061101 3790.3395430218 2768.8484049668 2565.6712554919 3562.4256044518 3516.3989840087 3581.9103150654 4259.5675670209 3249.6523269975 3163.6235155895 3690.585579761 3672.9168148729 3800.995115236 4232.2920914455 1871.803196792 2126.3909965135 1933.5138172366 2033.0259102293 2644.9447996962 2566.0906271961 2000.2191460091 2369.9261255094 2463.0295804591 2201.1235302472 2467.9330047831 2356.5029648802 2614.0427649942 2466.2548377139 3002.606652775 2802.7559562164 2904.3274174539 2816.437664319 2468.5600968807 2212.0392555311 2594.8465555997 2397.8689389668 887.33937485369 905.6187523607 879.88309346492 1053.0032542498 958.24046802834 1063.7960727603 1014.240754961 1153.3663309545 1179.4145977661 1226.9048669531 1380.2950850479 1341.3366321403 1489.8897309183 1331.972705026 1465.2862040309 1363.4021129099 1498.6678509501 1580.1917988034 1301.6926042859 1536.1549139913 1456.4550524854 1625.6938409508 1395.0136621526 1560.6888069406 1610.3698139139 1565.7035651061 1810.9379441974 1743.1218593784 1501.5679454609 1464.2422262046 1953.8379953048 1954.7774001473 1705.6903805456 1379.8610359271 1761.6697340081 1697.6604920193 1805.9795442109 1836.9497495761 1695.9984775821 1864.5914503103 1629.2708015061 1750.3914347393 1631.6764358108 1755.1295572312 1998.2198597919 2152.3385130836 1858.2230000612 2061.1955924423 1575.8447107924 1687.2004640671 1591.2013072338 1677.0780947041 1964.7792534742 2016.7612626901 2017.1313461943 1711.6135145597 1946.2746535089 2013.5861209426 1932.215947191 2076.6769238889 2093.9376180352 2005.6461888267 1877.7860709661 2050.4821563564 1830.6725304874 1861.3780664017 2328.8049689538 2090.1606956 1823.0441702637 2178.8922499858 1736.128397487 1850.3239714319 2127.4528082367 1972.4244575959 1874.868403439 2070.9475470197 1721.4003560424 2203.1991802195 2222.2268578142 2304.236184726 864.78667888583 960.65852086402 797.36289578138 756.59277890861 1202.5719004379 1187.4011306264 1077.1576851121 1152.2384646844 780.65275411546 766.61211626391 738.36248347385 798.37517849261 916.18105572418 1025.4027962795 1354.3219365738 1266.110461547 1450.5582432018 1463.0775281519 1771.1736894962 1979.6322939813 2094.1904700093 2029.377392003 1319.4855220227 1570.3657756696 1470.6252205695 1390.5396572724 1658.9759871244 1705.5215516777 1391.74838904 1456.5343657084 1633.8931003404 1843.9758415435 1907.4290228738 1811.6797081613 2029.5434757019 1950.8078983403 2124.8206702731 2102.3486734223 2243.7439478639 2366.2646511708 2353.6029673413 2481.0909482579 2228.1776699436 2469.6940349956 2228.8295708464 2312.7562206304 2396.4643897237 2549.9221549121 2343.5691258292 2350.35229714 2420.300996366 2562.3136901757 2265.4315680225 2559.8439342617 5447.2501563789 4102.1433268195 2547.8208093792 3346.8957130638 2608.1312284468 2510.9182474673 2729.5109423635 2877.4882333748 2510.4136587905 2574.7701643655 2700.8797928395 2679.1105458341 2707.118504493 2573.1220854793 2693.9126442329 3702.7089452144 2828.6499402312 2673.8013566536 2936.7483012156 3203.6469913604 2771.7766947574 2925.5452606275 3007.2824201067 3083.504597926 3037.1800683006 3269.8746513099 3071.2774861363 3127.1754679412 3067.5441135599 3269.7210663259 3253.3484048236 3149.0505435651 3152.4642331806 3204.7796542834 3134.1121527207 3197.8222308841 3049.766548476 3204.3266174302 3630.606965827 4339.7708224069 1056.900253052 1115.8697641465 1142.8401829693 1192.8140829222 3095.9780211453 3113.6061137826 3577.3529952303 3622.2874375428 3603.8068324073 3672.3129463691 4096.4711062648 3936.7034777232 4715.7338076869 3926.4545920126 3921.3043759086 4510.291131874 4378.5743693188 4579.6078722101 4791.4284006696 3764.4679686601 4019.909285857 4133.4966846709 4954.6398574801 3983.5632790769 4629.1897109296 4782.1384210481 4815.6926046861 4141.2691487489 5022.4072256261 3623.9125135259 4511.1308347397 4173.8346299741 4603.0083169499 4567.3664997921 4044.3224526542 4190.1190884373 4373.105725609 4255.6999904797 5456.8339888143 3870.9037432856 4201.0873200282 4905.5299725268 3662.9339970678 4808.8829697498 4535.2204341791 4771.8568745678 3394.2063415627 3683.5476574253 4648.6933139654 4149.438917568 3578.951561759 4519.2253504677 2611.2969170879 4423.2201578439 4095.809356533 4134.3038411941 5003.9662739811 4327.5503565212 4338.23925632 3266.9788802949 3365.7365552215 3984.9024692401 3489.68061422 4126.0645904649 3300.0894951538 3385.9699461209 4169.0212930972 4694.8265356823 3601.8765033743 4802.1116081781 2528.5226922502 2391.5699932994 2602.6528464199 2710.8368215224 2914.2067562366 2820.1662307645 3775.9356479914 3929.7972820694 3532.7303581291 3660.8639718791 2688.7734467742 2823.3742080778 3941.9933486543 3659.2103646792 4328.219987558 4234.0793162198 3394.0771123799 3622.4393933608 3721.3804828159 3899.8243593908 3800.82016794 3888.8062899089 4235.3079387079 4243.1252112999 4305.9446387703 4319.0497322446 4593.9108191364 5065.4565309285 4559.5269573187 4187.7345454473 4419.213205706 4393.3034042052 4435.9143427989 4365.5833638574 4373.4424566945 4392.9491572325 4404.5364240954 4251.9512959286 3922.7759501018 4739.7496528928 4507.2764993744 4512.7104819512 4465.7324934013 4556.5061041417 3996.8569309317 4509.0201134856 4033.4102864002 4355.6177744636 5185.0246020921 3939.6280211101 4551.2779532464 4413.8356026857 3623.0015495842 3584.8888976017 4738.5389465827 4651.941271044 4749.8156474587 4651.9563592828 4092.0738685909 4704.9200479384 4186.4761654137 4863.4523972455 4384.0433801027 4751.0135278179 4868.5798745245 4567.3475353693 2677.173032693 5420.349377442 4069.9996101412 4668.8066161027 3503.1992157396 4548.5165078742 5265.1333863898 3660.1067081533 3319.1906634535 4941.1916743205 4428.2138057742 4301.8545530362 4230.7466145756 3684.0466861856 4706.3420739573 4584.9866223034 3482.2414281807 4886.7960882809 4207.0364511475 3955.272097182 4658.9572233735 5019.2291822156 3855.8993888585 2950.7889808432 5498.6654039302 4791.1700817326 4915.7232095147 3731.5735871374 4668.2267991163 4315.9157144822 3420.5541285218 4468.6353079341 3925.458952622 5019.189820501 4927.5736248422 5202.691810913 3832.0429070334 4547.4319420897 4680.4330068324 3760.5874428345 4303.5932814362 2950.6107402996 3719.9491265439 4505.9059815417 4461.8610278569 4520.8662653615 4635.2802794871 3977.7885279295 4296.4751798976 4137.3722429471 4600.0339241002 4842.232012407 4712.0663718454 4111.373047911 5030.8608976807 5529.5314179246 5535.8756018861 5417.9736830979 4079.9885092011 2985.3110987116 4510.3024857421 5020.9223717767 5374.0474444616 4679.3115680993 4925.9458457992 5174.8770273856 5386.8168530212 5308.2757282647 5506.5636559536 5195.0528890533 5296.0363231561 5488.2029893106 4292.0029338227 5147.1482949983 5227.3925739046 5153.1023734172 5265.3528888741 3524.0295527052 3787.5189251604 5305.9714563756 4863.7788232652 4718.7432443496 5073.1732186033 4867.1971147635 4856.8976918565 4721.8632828372 5010.5603274235 5265.4901608648 5343.1712448276 5235.0391730214 5440.8291506134 5380.2264621625 5447.8398719936 3426.3081248823 2903.4228901244 4328.5347254177 3974.7345717557 4738.6542240922 4819.0007963769 5073.2599507425 5413.8093557367 5145.7247183891 5236.6065091967 5178.035233451 5348.7989440436 5473.4687161997 5367.3436293444 3708.4589214663 3821.8035668564 5362.163558783 5440.8300457411 5324.0221258733 5351.9338012097 1944.0747958609 1806.887458347 2062.160441826 2212.2071678439 2019.8557829763 2096.4780536921 1831.7025639063 1978.3215679538 1297.65801632 1176.6243407779 3158.427258417 3147.6645909258 2008.6177850581 2119.7090578568 2516.9400956167 2314.2264959951 2517.3484282963 2453.6001890294 2275.1461449873 2431.5673687949 2206.8296348183 2340.0559718282 2143.2054749367 2262.4085913354 2509.0888990759 2400.3453454154 1617.1140369903 1368.5963922757 1499.7347866462 1605.5954548532 1928.0812211268 1964.878951187 1969.0936987565 2027.1218970756 2080.0277137459 2064.2570937109 2164.3476104966 2086.2455343537 2125.3052854383 2065.9081381156 2318.3399465125 2140.0893914546 2443.523865137 2636.2705006943 2315.6120900788 2186.5942571761 2162.8547068577 2096.3030865173 2333.9275319127 2104.3118384542 2027.9425706049 2264.4506057067 2073.3970098141 2082.870639806 2196.2972800155 2141.0305498964 2177.0617979634 2134.5182528985 2149.9619555973 2173.1912912747 2148.4758062781 2108.4121196526 2017.8013269357 2076.2950897487 2064.1660607167 2138.0491077788 2196.5618115864 2172.3179408668 2192.09320795 2170.8398501167 2218.7513256509 2247.5561709537 2270.1852851908 2336.9370791704 2149.5566324502 2219.2913177598 2305.2710368217 2253.7014587239 2377.2661531379 2162.4039342256 2125.8116356411 2271.0308332735 2299.0055744371 2205.2013669064 2326.8811134447 2283.5210076895 2280.8785914537 2427.047588293 2282.7309880691 2241.1939559156 2233.1869890465 2391.0047015137 2402.2456020243 2257.6694106969 2336.4138162627 2299.0243322416 2322.6875707696 2345.7856957842 2348.9339939389 2265.2925369378 2353.5915529247 2281.9684612549 2332.6200500495 2275.6852202603 2327.8390645966 2359.1843076601 2396.3071635023 2387.082422945 2419.9017698163 2353.9945144335 2437.3788995239 2552.8499159142 2412.1096393386 2509.6745034245 2496.4929190118 2394.9510963588 2422.8494295217 2478.941966437 2451.0483648704 2530.6684504274 2350.333458348 2598.8108540881 2743.0018821715 2498.0715267959 2551.047430039 2537.6576051488 2542.2298765916 2592.5589832034 2580.1618221392 2592.0684307993 2520.2456034658 2617.9801677576 2516.0843216114 2371.5822591882 2457.46887191 2666.7306274512 2630.6625082823 2789.1481577362 2828.3853614909 2687.2146561879 2652.6702238498 2780.4458351698 2774.9786029877 2599.8829263245 2545.1451338869 2803.5266482276 2682.7496532143 2699.7634788924 2637.3387428849 2970.9284609119 2223.0193876317 2537.6671066293 2478.3996131957 2674.733002644 2230.9084656604 2707.2570415638 2763.4424370268 2929.4764059046 2493.7922742536 2666.2253652319 2799.451938987 2842.4428187967 2273.4029431499 2783.0021444495 2746.8053199441 2837.0264898924 2942.3455697544 2698.9327964494 2693.9887074801 2732.4757527304 2865.8472803718 2728.2706948688 2787.1704480491 3104.4538745229 2964.220377545 2797.3618398205 2968.2459468847 2684.4254044857 2647.4359185613 2630.0354596721 2352.7881637587 2896.6213382727 2909.3044665732 2701.5839550664 2437.4904559052 2467.2444314118 2392.7891144859 2746.8807335984 2705.8062748393 2507.3047894652 2415.240041716 2667.3182724572 2310.6839488299 2381.5989065982 2376.7320719582 2329.2826502716 2240.7647236471 2742.202396063 2711.6955878267 2282.8650472231 2212.7433490548 2270.1693027066 2300.6965088542 2239.4621361119 2345.3933128834 2268.5891780363 2365.5281748427 2251.870763053 2254.8275991126 2430.3107973806 2399.9928282772 2454.4061417424 2358.709720162 2414.3860005668 2373.8707673414 2389.7121481147 2413.1696566459 2322.3674242011 2443.4765450297 2409.5079936837 2403.5950629428 2339.5731102229 2453.8416695104 2424.041795182 2465.1568291878 2359.5922445047 2365.4720581076 2312.7985798251 2517.5663861334 2490.5183208614 2182.2421387101 2296.4266958681 2283.5130036079 2275.997936409 2246.2898167068 2369.5173881494 2314.8056981334 2173.7388342997 2347.3221642079 2429.5776360777 2389.5277587327 2300.7613112633 2293.230898457 2349.6204328345 2261.4039774513 2332.1670752232 2327.0438020657 2230.9391395502 2258.7800157777 2147.5695436699 2163.6792601092 2602.480729478 2642.5421731036 2496.0734557189 2450.2752160091 2685.7797968987 2823.9859483483 2871.5126900555 3016.0612027559 2824.5784100697 3183.2388860586 2726.9194684974 2735.0779143356 2823.6450629768 2970.5249151281 2675.5140834786 2574.9207597521 2700.6194702061 2860.2135980545 3060.1227080883 2989.5411843536 3263.520859903 3174.6123252126 3273.7130513369 3211.2497958148 2994.7303235463 3138.0649006102 3191.7478765938 3078.3034273482 3032.4373574962 2911.4699445419 2966.2951878225 2900.0304465933 4258.6535682675 4114.2247467935 4302.195840281 4140.2500635124 4438.8819364136 4239.4171498536 4553.846876184 3235.6545028411 4561.6184409198 4461.7991709286 4645.968035774 4404.5712574684 3435.1894887798 3276.3715948798 3161.6079588221 3194.6278299137 4211.1287695414 4161.7901303927 3757.1418082439 3916.7217435473 4245.357491783 3939.9972071955 4059.0916403022 4265.6687976242 3482.3109900551 4879.2981279869 4636.4006636143 4691.4812372425 4709.5083842391 4695.4302079665 4595.4315641561 4819.6752826625 3829.5663702215 3488.9324730329 3996.4174615138 4221.065389547 3546.4663279433 3955.6376251403 4354.3978076638 4299.8079971075 4704.445960143 4872.2719239268 5143.8091956487 3993.7747920952 2833.4026302344 3094.8676034713 3695.6261885371 3427.9062747006 3436.5011625509 2958.7630623515 4065.9953157981 2772.7113466027 3193.4952352438 3751.6242052302 3599.8943231965 3309.6118070735 3906.1018592243 4613.4636658256 4528.6874218696 4327.1220340095 4048.1262548695 4187.4303625601 4393.95744235 4542.8327424185 4272.7671577888 3898.2300334823 4515.163416904 4646.2834934115 4476.3424017858 4244.4632340484 4475.6751971549 4453.6369213139 5508.5836738763 4780.248502844 4688.4540559495 4694.1395045822 4240.7287579081 3506.2904548685 4616.5089144601 4486.3363487252 4988.7616551603 4112.3341160705 2620.0408004837 2866.6406171944 3072.5565948627 3200.4755909871 2972.2172029913 3808.7785124214 3371.6887591843 3025.5237891253 1453.8951133111 1453.339709457 1523.7440658936 1572.7206212455 1890.55140827 1891.9415904831 2102.8607162341 1821.2097090562 2032.7151580517 2122.2498334342 2035.9129513282 2170.7705151854 2109.2478755007 2269.8159361118 2242.5208658686 2180.5091953321 3274.3377050492 2136.7316744741 2318.4737863117 2120.3701516401 2262.4646332747 2850.4202086947 2481.4305205828 887.017056575 923.40488996722 2216.4407741385 2185.0894058658 2169.6679618369 2085.5703777451 2159.7378482308 2367.206880474 2010.9225557591 2045.6410782733 2189.691403417 2295.7439400005 2633.3213950027 2649.2054253826 2743.3236053138 2927.8466254162 3047.8126369347 2819.1184956659 2504.5331756778 2804.8461348807 2275.8522040151 2938.8647662315 2428.4198386773 2477.1752550813 2449.5699332302 2676.569977818 2754.5505759639 2661.5477698742 2480.3376713246 2815.9877264684 2372.0729685182 3456.7449509646 3229.4541016566 2974.9256365273 3166.7815468794 4586.4021170068 3617.5986926246 3373.3898174032 3875.3166254379 3959.5966903759 4029.0359536707 4067.6744060696 4352.6477875546 4352.8491374664 4419.4224176908 4167.1398284125 4524.8949845364 4419.4874274557 4358.2638863378 4084.0319073569 3896.7527177685 3990.1437977406 4768.8176482994 4855.2414327417 4695.9852021657 4649.8905686936 4664.4057114083 4541.8238403243 3544.7453587142 3501.9753881795 3881.6892334802 3805.5281591779 3985.5392415268 3892.1938167894 3825.2320811787 3846.5220958428 3793.9139926583 3889.6262181386 4063.6510319725 4034.4834571286 4004.840072423 4057.7713074055 4287.133530868 4232.730408026 4091.4466398722 4177.3875145167 4018.0927712044 4066.8431917467 3986.8204856321 4037.1325092965 4052.4924905067 4101.5109315763 5046.7834573831 5176.1266861327 5398.0074768534 4151.3048236566 4635.0391700436 4744.1632505854 4890.2900930103 5062.5212229738 3035.2909055759 3404.4548284365 3140.8245733567 3519.3968645043 3331.4255420282 3452.2433919316 2772.5716103614 3251.3022532797 3242.8595979152 3496.1408110164 4949.6247345563 4894.246357178 5081.7907301566 5409.2711171718 5421.1713401497 5451.6027814564 5310.9651089164 5270.0134333518 5496.6091465765 5478.472114504 5288.8073670932 5223.9550386707 2252.5053002789 2244.9370831631 2267.2933012558 2222.9038001788 2032.1599082346 2034.0984284752 2300.4772187315 2288.9903266287 2412.7378130209 2408.7560956521 2445.4322728401 2472.9703622437 2873.1710072333 2849.0604427934 2928.9170353649 2875.3583757722 2927.7276737904 2958.9849441449 2840.3623101492 2866.8667847334 2985.1944432554 3056.8813531205 3127.394739564 3660.6654499091 3054.0206055284 3051.9034077971 2975.927705296 3003.5954409109 3168.5792184204 3067.1782662239 3314.383486137 3160.9067848457 4005.4084680345 3268.1367824183 3323.8828202373 3343.0437430552 3733.4910636719 3387.2631904218 3185.4583853318 3179.3014778867 2787.1676875652 2738.927859476 2836.4796333428 2549.8513280351 2912.5172523205 2871.6484975288 2799.1247070446 2921.1732609774 2916.437482979 2862.9261845443 3064.9800218929 3032.2800195752 2985.2517352477 3085.8079631873 3201.2650659469 3395.9987266222 3083.3538801851 3043.5131482116 3000.9161537415 3013.1620054352 3011.9983162753 3097.911510063 3098.39500429 3019.6063161449 3142.5005777137 3150.0529351924 3258.5936187068 3122.9545859734 3198.2246985336 3191.1277460922 2928.2947815901 2853.9313267561 3234.5206593872 2891.6776713628 2972.4685675758 2914.4832758581 2769.1178623441 2507.711160743 2224.6857943048 2169.5458721684 2179.2796939815 2156.3115327264 2147.942998927 2161.1304701417 2350.5414569881 2320.373463592 2488.2232434872 2463.7832441264 2591.7038016716 2683.3879475206 2788.2072714832 2529.8929561382 2475.668722528 2557.7599622487 2515.9494140116 2531.8054699452 2619.1702631196 2311.6292444434 2592.8889576179 2872.2331836158 2956.2645734823 4110.4034196489 3499.6498351482 4160.6997930948 4026.2075888593 4681.3487486486 4350.9379477607 4037.3914848293 3891.5542970641 4125.7037208354 4232.0059966098 3962.3351105346 3850.1552502811 3785.9544103442 3794.762545515 3630.1054358751 3481.3977673188 4172.4627876115 4309.8199867287 4809.3591089251 3461.8621527603 4135.7524333242 4289.6390576301 4365.7285199283 4467.5025475665 4834.6143388385 4885.3427264447 4284.7297326459 4129.5157906364 4449.7684431187 4446.8131637985 4267.9472265743 3435.3457930486 4767.6693523776 4999.2031134659 4200.779657103 4067.9469553763 4616.7002572573 3571.983410225 4077.7112756082 4388.60599675 4520.1900930214 3366.0715005994 3927.0538761621 3139.3861216463 3196.7401979574 3409.5270305368 4733.9647433991 4676.1403211814 4962.11462185 4707.4285742744 4727.3498360899 4558.0539565109 4892.2932062568 4703.7655306667 4787.7639694898 4540.7264329033 4963.2170546068 4802.5199777791 5106.8906100921 5367.0050151578 5006.9308988846 4453.6685827626 4168.9428509406 4815.8036676651 4863.0863585592 4732.5769174355 4725.7652406561 4863.7117969338 4679.6292281314 4598.1370911712 4813.9431723208 4350.069263098 5073.2268726228 5205.6538443329 5476.6151397625 5274.3872591129 5076.8857798265 4948.8520654242 4655.7438194535 4530.5620766284 4721.9347299071 4813.7747868647 4965.4093236243 4857.8950095505 5313.9559944128 5097.6336475623 4859.0873092852 4681.3760942454 4573.9425222811 4382.0616073628 4156.0418958177 4387.2828159048 2736.0457805011 3040.4819127266 3462.2933224481 3772.5467800469 3442.042435971 3330.9229534337 3140.3214678286 3278.5296820732 4673.4048532039 4037.4076628568 1906.6895301258 1901.198661148 1777.339490583 1816.4048131439 2134.2935697203 2202.1891453623 2320.5541962572 2373.7821000176 2169.9028924733 2235.1024809882 2073.6886200225 2318.5566247121 2459.3979150403 2990.5732129432 2237.6334748525 2353.1944383928 2180.5825281754 2345.4345773192 3043.6564750578 2882.2229227074 2210.4291489588 2282.0073007339 2403.539890333 2254.6071258032 2509.8045446144 2732.0129415003 2334.7859031531 2438.9562292331 2654.1456501456 2461.3747456836 2434.9792884686 2282.1191488227 2085.3458254109 2193.6841400676 2017.8075172925 2143.4857705707 2288.3299314443 2290.7673961663 2370.9362041325 2379.0625821931 2370.6376733604 2546.6218357665 2589.6300468078 2935.2791808214 2712.7721452037 2837.8785280019 2969.75771404 3108.6130261585 3098.2000817334 2807.3233417607 2912.3447210195 2930.1233270232 2908.7599592413 3229.5148847392 3139.8403141555 2937.3428971878 2973.725636525 3033.7584659266 3047.3208364892 3136.4614966658 3035.3168870862 3091.5461132168 3323.2584500661 3299.1588633728 3009.1544812494 3209.1940023699 3165.353762251 3406.6436160589 3486.783067161 3138.9795614134 3218.8901267388 3285.2184416528 3306.1625475178 3312.3237180243 3119.8534864718 3213.574088072 3140.2537396323 3174.6881737616 2961.7980159975 3118.8420552499 3079.2142397684 3250.9037341957 3289.3215908564 3070.9569881906 2879.2172053221 2915.4761632219 2771.5191874998 2745.4676395027 2737.3647065919 3027.8143247648 3045.3330833165 3194.22867019 2789.5982728395 3147.025852863 3226.8600849497 3268.6660878553 2836.2186167116 3268.3497636047 3128.4997342329 4567.8155861485 3081.9369877142 3212.2943123714 3159.6593048406 3327.8776481702 3138.7894349313 3115.7330900298 2997.9145127209 3070.997116067 2665.853900586 2571.2051141888 3028.7318121249 3157.2617223285 2928.7750747593 2968.0182719359 2891.4661869623 2890.8198631607 2446.1250599672 2674.6106337233 2736.2498864839 2416.1930253593 2534.8142369585 2880.0223744017 2741.8000622414 2774.0378862567 2584.8824541517 3366.8824698888 2700.8817278422 2634.4616818219 2829.7621408661 2882.2768230475 2533.5403086101 2500.7429654609 2788.9742693895 2618.2868987185 2843.3069105811 2690.6143013196 2534.2755495099 2465.2283008331 2872.4165928376 2690.7161455375 2795.3060578254 2618.3706309959 2937.1531683426 3246.9937874309 2531.4367594831 3086.0805641055 2768.005897592 2963.6676145803 2757.0617518756 3309.9395138384 2712.222481474 2452.9491161553 2461.3952283533 3093.8867721154 5471.5333887594 5566.5666534856 4840.3282475676 4834.6842999088 5131.8118497234 5011.0299779765 5103.4381790786 5044.6845145905 4980.629637956 5161.2063941404 5324.5780357703 5321.8294744753 5424.7692180038 5364.2752520794 5442.9654568903 5198.0370247634 5036.0205259922 5113.4604280861 5373.7301077679 5383.8591681201 5055.5413613379 5396.6848667789 5209.8872804558 4939.4336870784 5415.6185285667 5218.7391897484 5266.1432147195 4990.1127736293 5205.600591827 4809.1213725496 5279.2798824835 5139.7394940563 5166.2737640394 5299.7990020777 4828.751225483 5029.1516538951 5188.920382322 5406.5143704525 4950.8058708083 5310.1648079632 5226.1894789919 5356.5832860799 4911.498027385 4978.3655795503 4471.395586453 5397.67697106 5187.6101299592 5282.4016187683 5050.8285905716 5385.0449930429 5289.1962345916 5384.9558230375 4888.1364980536 4812.8420842779 5368.5470398356 5408.1031450357 5519.2766375628 5514.2817921276 3261.0518908988 3390.6335414342 3135.4217390485 3220.672272827 3369.1203248985 3229.6616893894 3120.4294393026 3129.2712812807 3155.1701370835 3199.4603032878 3145.9735933074 3245.4336801556 3181.3568620351 3223.0431890615 3346.9245511656 3245.6052818053 3136.2716155849 3229.7166424605 3463.8962096688 3434.4372209282 3308.0656381788 3322.9901101576 3402.9474292378 3336.3967270806 3381.7974265871 3156.867515819 3324.1161073712 3385.8055801932 3025.2789408025 3043.7694706684 3346.1593195359 3367.9010653182 3580.1172072454 3488.4317774992 3267.0713612302 3098.3480658962 3592.8981797393 3557.39351002 3304.7006417703 3589.6455760047 3332.6872635896 3418.9062391187 3515.2663535597 3640.5263298243 3512.7816637057 3406.4312460458 3470.3629028031 3603.4260680836 3275.6411062212 3466.130388538 3252.0462272555 3346.0017608298 3512.0805744787 3889.1135965655 3452.3678102685 3513.4264705215 3418.8983820794 3557.3497087317 3713.118273934 3559.925806205 3873.6068842247 3495.5765901318 3620.211453784 3611.7117797416 4245.5108465631 3663.6269798833 4020.8767346441 3558.5788770644 3685.1675123896 3709.4920114324 4162.9248407497 4023.2040797548 3452.0813900345 3477.8236470225 3720.8628870402 3831.4397808165 3853.8910688393 3758.0760155485 3754.9640100503 3671.5881775467 3450.5085512018 3714.9973909507 3609.1500347918 3773.2660206605 3656.4888784872 3654.4872275557 3648.6706099227 3473.1675033454 3648.0507489522 3707.2821631899 3645.1513485938 3692.0802278301 3776.6044294684 3825.4422951752 3944.1166952176 3548.7661157828 3818.6079958183 3876.3817540916 3603.1078268658 3650.5332294699 3461.6778874362 3552.433719251 3639.9196102647 3881.8295496126 3572.4250515325 3884.2656078316 3768.7460527241 4099.9514138607 3931.6909141205 3845.8222793829 3986.8602213259 3897.9533127281 4085.8949592484 4007.2166671107 3852.5306855805 4022.2039032206 3973.645496886 4112.688328005 4077.6945095974 4327.798578587 4061.5912051177 4161.5089966849 4047.4035182633 3987.0452661729 3940.8992507871 4078.1950088518 3807.9923974932 3952.2490697505 3744.4393874445 4324.8660160028 5184.5645564576 4180.7386750773 3928.863710738 4066.030873747 4007.0495715504 3836.3536600199 3914.0945821441 4285.4073741622 4157.2978062313 4126.0900303759 4296.885156137 4118.8523303272 4002.4894560898 3948.8612594836 4094.9536358908 3938.374058942 3847.8880630632 3691.8806155994 3739.9074005015 4397.8178537264 4514.8869169669 4316.6131167445 4440.7930492037 4120.1730590992 4109.7705766949 4204.9901034696 4042.6573832489 4412.3252724106 4193.3053968303 4384.6468341452 4477.3654880392 5062.0344056996 4164.3053297597 4109.0245404146 4311.7514642416 4246.9009745013 4378.1508789332 4500.1525426337 4364.5509129359 4441.8536343964 4459.4161756355 4717.3312863829 4490.307663106 4977.2434592936 4756.2690733713 4952.6109644845 3990.192100354 3228.6370059729 4169.6424947367 3911.4297772353 4111.7211675847 4187.7871252006 4088.7343370996 4042.4980904706 4078.9633964445 4002.6820531153 3982.7133592712 4036.7376189579 3970.6757859714 3842.1517219604 3941.4381181168 3792.1258573926 3797.995402983 3790.5461358158 3864.9641182816 3972.2123244511 3907.1799219544 4105.356776342 4170.0099454219 4348.1718950086 4451.2727699895 4384.4193678078 4504.2952571559 4346.6691656042 4469.0639290679 4515.2000954208 4887.2152426143 4660.1919596758 4570.6888945961 4485.6950367438 4585.0550229934 4626.3980010879 4591.7222357926 4885.7864995066 4686.4810520649 4556.168653734 4767.5936107831 4558.8586440308 4584.0013210249 5078.1873205635 5234.4648099778 4030.4139384163 3979.2755474189 4133.8184283221 4069.9257971192 3829.8558366796 3820.8948179315 3643.6904102495 4212.760544145 4276.5026610894 4236.8361491777 4192.6556503383 4747.8860671778 4982.0912471992 4640.1066354469 4754.8067224421 4893.1612405515 4664.3124309269 3803.1709062603 3754.1178050514 4751.6778850358 4877.7353196607 4626.3486076845 4742.5827972932 4882.8969785002 4842.0576499282 4737.485987905 4859.7186386298 4624.6831913725 4794.7271056138 4850.2983846174 4978.7769883175 4783.49464178 4828.6446316963 5213.9808662511 4902.595063288 5023.4377651076 4988.5085603877 4637.9329046093 5007.1121129768 4654.1610200946 4597.9555426039 5101.5245289112 5031.6992208754 4728.9405770487 4816.4547482503 4849.6245412691 5063.3473311977 4985.6866457341 4800.9499319119 4563.5948619332 4768.9792237495 4228.0862037269 4400.5393774315 3877.4857202626 4268.5333367079 4311.6043592648 4243.9489988467 4336.5894026242 3943.1066726661 4545.3495516438 4537.9338268087 4089.4740869493 4246.2940057854 3914.7818478258 3676.8052226548 4741.0057748914 4412.7869630219 5128.0799959655 4634.1859804092 4864.9918607663 4942.3618315221 4970.7414374219 5006.2758180034 4649.0565675096 4703.252587299 4828.9863930076 4928.3363655356 4917.2565657686 5205.79330885 4909.0842128187 5105.9794202689 5188.2593659185 5210.0243702217 5231.8732529858 5182.8633396474 5062.4510635725 5094.1087525078 5179.2983094428 5179.9474903109 5300.1143846374 4936.6638703412 5099.808821947 5060.67468557 5059.9170353969 4951.4502377946 4866.8693653662 4958.5268125927 5116.7464718339 5129.3152375352 5177.6370128041 4756.652100787 4885.0033793671 5012.1699940015 4969.343258382 5280.2539045876 5034.1882298674 5361.2230282214 4935.47142415 4879.7812003456 5095.365850365 5081.3761003606 5093.4136269046 5087.5471639345 5141.0931976703 5076.5051968503 5227.6722743217 5152.3354841346 5327.2955559973 5210.9464978169 5342.4000293252 5485.1263637285 5291.300109626 5225.4460292292 5216.4981644422 5417.5134226695 5406.6815385962 5304.2688473189 5167.1250406584 5312.9061173557 4943.7903493264 5108.4098165602 4829.9022224741 4857.7857754458 4991.1735267018 5504.042811655 4692.7710876589 4659.800379889 4777.0215183724 4802.7924307374 5026.6949343439 5302.1947003207 5477.3236629212 5371.670625027 5178.5438209638 5375.5034965711 5171.8895237163 5416.4108327056 5311.308679921 5239.4063833951 5423.0124919984 5317.3365947549 3043.3303337003 3113.0995821935 3200.0491330858 3076.4673004248 2941.2702346787 3012.7474362366 3339.6735483835 3265.8876177123 3288.0808432932 3325.7369366358 2970.1357904242 3091.9104538408 2996.5649309859 2922.4800004449 2740.7875686015 2893.1116176414 2736.4193526821 2666.724817006 2718.1663430425 2772.054998161 2631.7720460266 2586.1674686195 2637.4648276752 2564.6357179096 2636.9184654346 2702.0317873183 2730.6105344188 2658.1605830596 2782.006137362 2827.7373920094 2606.8989113305 2674.1644778133 2672.3493174669 2601.7768619883 2876.7436589036 2755.2949044235 2817.0176870415 2722.6068504528 2867.7595988454 2575.7826648285 2558.0641472708 2139.7158764199 2168.216579188 2199.0672393397 2236.2296745832 2186.1268791478 2196.6678025189 2246.3058576671 2190.3031895747 2219.4038628646 2202.7976927655 2187.1063949921 2236.6531894568 2204.5283294919 2203.8419913674 2183.5337204648 2214.6115968535 2213.2770883416 2221.9943394747 2267.8133949785 2216.9502758348 2195.779569221 2233.8050307923 2217.141576295 2189.9764417059 2230.6739210472 2223.412189667 2242.1664661301 2221.955489156 2252.4415312757 2281.4579499458 2286.8456039557 2249.862652994 2266.8003757623 2244.460110282 2231.9629918663 2236.8842079307 2227.5464947837 2225.1880347331 2228.1393480926 2230.8142743379 2225.7514253276 2225.2941334399 3904.5824317005 3793.7616026025 3642.3102566161 3747.6087450338 3593.7397041135 3656.3912541806 4383.4270317555 4374.5109703257 4529.563086505 4513.524804645 4378.1710483292 4538.3322172801 3828.7846196279 3768.263316801 3767.4963593916 3854.1092975053 3902.7727940374 3912.9834951383 4050.8460012667 3941.9907395293 4502.6110409087 4457.7409312685 5237.9895518323 5151.2293117523 5089.5570399926 5233.3681094171 5298.0125829495 5208.4842535392 5457.2922478847 5319.2807512404 3553.2575058143 3835.9053836729 3355.0914473886 3996.0175228388 4491.3923848226 3998.5435288809 2160.7567667952 1979.9677543539 2255.7602093672 2360.5940577436 2422.525827498 2505.2684156756 2647.3106655603 2594.5303861813 2732.636127106 2897.4940926443 2822.4329673556 3034.5956323791 3110.8616506463 3434.1767189395 3350.0887430951 3362.9236895258 4793.68324275 2561.1277273175 2428.1500501186 2898.2404771983 2959.8696673662 2811.2636948698 2843.0919046347 2766.9638161724 2650.352798117 2797.64480766 2683.1871327625 2505.5077701256 2414.6401286452 2463.0728947863 2382.9569800449 2417.1797778519 2458.1137224988 2407.8187812474 2589.5773472559 2360.9763389352 2427.4547388966 2509.7702296527 2504.2682842565 2396.3202836847 2643.7046689675 2996.3989558301 2693.6354160472 2733.9399908016 2499.1406050512 2587.6608819953 2413.1836037776 2610.7206240219 2512.1896484072 2475.6805834895 2613.457847119 2595.338946939 2534.420151562 2616.9666588872 2670.6751820095 2322.1918231769 2934.4814400478 2872.7667433036 2596.0924045682 2568.4577282389 2265.7854412784 2622.0293152244 2341.698607524 2487.5571974803 2517.4639650466 2356.2805433583 2549.2007799206 2489.1219979181 2639.5115976769 2632.6735643826 2487.2560285513 2525.3411297966 2610.0402652338 2779.8112627098 2671.1800014924 2603.6248177847 2650.2461785868 2816.5998010916 2752.7702423948 2681.949865159 2793.7713002131 2783.4473560932 2847.6768974431 2904.2539876948 2827.9586384294 2854.7075016382 2840.3490834182 2874.4190261683 2855.4090803162 2838.2452724302 2963.0236957535 2908.5040294251 2801.363460616 2881.5481986087 2731.1776178458 2770.6011752904 2975.0937446242 3911.6793906602 2618.6305244483 2747.7801170539 2573.1221727555 2821.7087431705 2824.6918682374 2775.6847711119 2975.7733045192 2839.8378540372 2928.181960165 2971.8968152753 2899.1563247816 2870.5964155868 2923.650365594 2986.9897830013 3041.0246233728 3036.9152883033 3039.8772853291 3068.1944509287 2757.143044372 2795.2814859965 2678.1094532368 3138.3179501016 2880.3570433838 2834.7633917888 2822.8597080015 2880.788697302 2942.044508668 2893.263046935 3064.2723608002 2976.5919995757 2916.8651921118 2993.8581756532 2984.7815206742 3070.4815888449 3046.8175486151 3003.7044476353 3020.2290480238 3671.0454306125 3084.6625949762 2979.0783365157 3081.4058449823 3069.2014072966 3744.3499466831 3823.1879303185 3105.2101537605 3012.0523456691 5546.7458440722 5414.6810665654 5487.0658976181 5534.3669096404 5241.3307753574 5222.3907735594 5363.8648445324 5431.1388378772 5378.4090029843 5175.0980744418 5463.9344892199 5385.1553877175 5307.0581718843 5328.3605840832 5198.4035152616 5038.2075405833 5388.3211894946 5525.0534869928 4965.638774909 5301.0274414251 4976.0272707589 5139.7380140029 4726.0259258623 4804.5254603734 5146.8620717054 5348.8631288355 5351.0044587009 4955.8277811508 5230.0896722045 5375.1185449325 5216.9928822828 5206.3797712767 5151.7746379488 5271.514216756 5248.2310518938 4926.8119137673 5323.349790524 5016.7811977492 4924.1284552176 5175.9169864593 4924.606048289 5284.6205869436 5117.8691782497 4728.0470877928 5020.5103113537 4905.2101648507 4740.5014804745 4752.3997392084 4806.9237408629 4749.9857990961 4493.2659083526 4621.4847952862 4615.4453585248 4707.201306489 4739.4476226047 4720.261046056 4681.883314037 4717.5604635803 4721.2589199833 4607.5537944524 3623.7278579296 4649.7238891204 4663.5418501267 4565.6224619565 4661.0184961677 4579.8061027962 4654.5479042988 4583.5095731715 5058.0934423957 5310.6821403729 5266.856784065 5281.4155507723 5221.2004346595 5320.273140942 5221.4821317707 5139.8126624502 4901.9559343968 5186.0767508496 5241.4357304786 5188.398742252 5194.6396336189 5101.2666685473 5053.4805296452 4582.985143435 5199.1452071847 4840.3715488618 4800.612929926 4604.1824352964 4623.7714745324 4618.8415002297 3988.6942965529 4534.7961544231 4555.1888617942 4774.6784762697 5089.6097906363 5138.5751788836 5179.0259521047 5123.9153829315 4840.2823955689 4516.2124504608 4549.1551517958 4531.8305350761 4555.5100518284 4519.7395751828 4409.4381762182 4573.0341035976 4769.4876644419 4510.35588113 4608.6606571065 4435.269582564 4682.0708273863 4637.8776304855 4687.3420254178 4734.2032418818 4407.0161667958 4899.9223651671 4619.1018498084 5040.513053847 5051.8980437887 4918.3751019788 4895.8939695649 5080.4893430201 5179.9730105892 5050.6414329117 5103.3973129555 4820.1962185936 4843.4989727597 5147.7304844917 5149.3225363613 5238.3411986089 5237.6850667664 5168.0093576392 5214.7396899645 5147.7787742943 5073.0369397234 5144.3371850314 5080.944437813 5112.8560714865 5118.4085495723 5087.2585258629 5098.0499847288 4788.669768152 4594.6841437418 4684.8013996921 4695.1448402184 4535.6399630015 4276.4699168048 4462.0193215188 4752.0689805042 4630.0382769875 4502.4203002618 4347.1230240498 4013.5799713954 4686.6398863052 4623.4038300353 3634.9467499764 3515.7979382136 4025.5567156266 3864.8930848119 4216.5369273716 4576.9508801296 4510.2481180371 4530.4708211704 4462.4407563095 4252.7853480934 4407.5524260921 4730.0047476924 4190.4951957768 4185.0673102527 4080.9185859535 4076.8368490643 4024.5615726342 3961.9500645129 3841.6004078624 4393.9611176919 4232.2345188047 4261.5782316912 3966.8537852143 3531.6616033152 4589.1287105383 4501.4445354358 4800.2485855735 4882.8970233541 4686.4700294037 4734.8966058924 4358.5054506255 4582.5603476133 4725.5060959378 4766.7810837239 4629.8197738098 5062.4344658158 4510.443010417 4813.9217873106 4527.8916952417 4926.594459847 4845.5317016582 5015.408732863 5224.1821613404 5304.4682576007 5254.132053626 5275.783912751 5253.4962567971 5285.0407850144 4996.2260555154 4567.5034774654 4982.9811180772 5134.6634475185 4744.2346552913 4956.0935342726 4872.590686122 4875.539052742 4901.4585598716 5085.4294493189 5157.5693116232 5113.6811514428 5155.7050515239 5161.5534659839 5196.4771427608 4776.5169866937 4901.5125938825 4771.9875998426 5059.3412125824 4946.3900131762 4983.1044345475 4955.3486227906 4875.6054866551 4967.0270693851 4950.6626377221 5071.0975400622 5141.3549666784 5147.6141159214 5162.3286220526 5075.6486516288 5015.6748155625 4954.8076153408 5019.4083186984 4885.1353382197 4988.1251955472 5099.7658368269 5125.3776579296 5119.1270077755 5284.2732048313 5043.6859549681 5028.4588049205 5033.0900426436 5111.43276805 4999.1797872257 5055.2063320697 4973.3998031627 5057.6961787163 4921.8829198081 5065.233337623 4981.245858461 5051.6649375232 4990.1253864315 5107.6063763111 5067.0669852668 5098.3969433189 5144.4710129405 5186.1831355509 5177.1781665324 5245.0504960491 5141.3531547673 5024.0034619529 5094.8508430825 5085.1219529798 5059.4334630827 5079.1551790435 5112.217395149 5069.2223022637 5116.3494128689 5099.9628935527 5123.9408378584 5076.600752956 5087.9805321986 5088.459208109 5072.736919653 5070.4908376597 5064.7540099738 5125.9203433454 5067.2973151101 5095.5152122848 5068.0450028004 5078.688733622 5069.7854131152 5134.7852460591 5062.4414750071 5066.2265060229 4948.1286113045 4925.9002231501 5059.1129008755 5038.5287685975 5103.9356055317 5071.2733452318 5072.6230239593 5062.6879903746 5079.2637912625 5084.4560787559 5070.2541391076 5059.2087906948 5082.1150445976 5212.7865351727 5111.1473882217 5054.0674792882 5072.3955683825 4431.7424125169 5052.2403789507 5106.6934124007 5097.5109083413 5047.5128923588 5050.2662272496 5007.3942524909 5044.3087830213 5063.1207210136 5064.3585705587 5148.4437641867 4971.2883658367 5010.3534403322 4946.9455904188 5023.1462759196 5267.9154277422 4990.3392285055 5033.2135393175 5543.7457496902 5455.1963409447 5516.8986149791 5480.3047001687 5380.068070515 5399.8437229133 5317.9740233559 5326.8341911585 5457.5825383975 5389.2460349038 5347.1354879167 5276.0884886315 5310.2748159419 5267.6857200833 5316.3496745982 5251.7433037828 5192.6226499358 5251.8773405499 5143.711641675 4920.0971106092 5212.0404919215 5215.378676837 5258.4899084751 5191.8691725822 5086.0698171131 5195.9098903322 4641.0922496884 5101.0968118458 5132.745202339 5113.9908256806 5121.2110751249 5090.5994554489 5159.6501703981 5116.9251355238 5162.0071806823 4963.034301867 5053.6431485222 5162.203929984 5002.6910100669 4993.5978827649 5150.5787049674 5073.2623937452 5011.6644257961 5126.8384289126 4797.8889293998 4634.5714489436 5031.4909590889 5127.3483352263 4557.3071566558 5170.788026772 5193.8138850277 5178.8822786379 3279.7255761703 3190.9523167455 3101.0378959701 3161.4027735067 3459.4346636539 3390.1375152033 3509.5540908691 3428.7908427618 3983.6697077294 4078.1332975376 3372.641270894 3536.5975801784 3237.4807481887 3165.2427446574 3244.2107059589 3589.5056868891 3406.4156441853 3625.2252090524 3698.7989054325 3183.3352684635 3615.2946262257 3691.1997306453 3426.8983484637 3445.3266031337 3473.5405410115 3499.8811446483 3494.4283708423 3553.6345629218 3589.297302936 3484.7435042893 3393.2820285089 3455.71106606 3703.8050911598 3594.681967704 4188.2650129868 4121.5297206319 4234.1058762994 4555.2516314499 4179.1585656352 4387.9574001438 4252.6772143354 4277.7541839429 4328.4723959862 4706.6973404498 4030.4014037406 4228.9152762406 4091.1352509855 3859.5394409044 3782.6710215331 4791.0713732037 4828.6561224168 4832.4921689979 4833.47344595 5018.0312193164 4587.3405102759 4946.5034848495 4871.4667400827 4869.0408882138 4636.9515994986 4961.7638961483 4919.9307099157 4815.3590295275 4568.6787098631 4820.691964181 4705.9548011187 4698.8274500146 4653.4116156136 4766.4893508504 4773.6154201061 5049.49734079 5028.3735609878 5231.6986201761 5098.587718719 5262.8033059277 5261.7858156393 4951.7288516521 5121.7278762046 5315.449909837 5202.7877764439 5308.7730915347 5242.2612812546 5187.3598168563 5147.4966506072 5350.009940244 5256.2836182439 2987.454753342 2959.2629995956 2925.7619192579 2853.898378188 2817.5117370759 2862.1316722136 2218.1237632056 2200.1367705381 2215.4968674253 2240.7313581539 2261.6654914909 2260.8087266448 1772.8365345529 1768.2682035194 1860.9830259511 1875.918437753 2635.6646449846 2520.5137922734 2460.3040003674 2543.341801781 2555.2718672016 2666.7187862097 3393.4106414408 3334.2070998344 3433.9210676186 3495.5279515495 3425.5558856302 3175.7023664596 3400.5340176739 3929.8673641322 3612.9186769529 3763.6765591598 3366.8255119587 3296.3384017842 3592.5900617962 3576.5464038226 3588.357630986 3568.3677688055 3801.5715872974 4074.4684939558 3587.0393862259 3434.6385437764 3678.7832302805 3709.4533046785 3741.6718758931 3852.6064869375 3892.161059814 3674.3036112723 3732.8196046105 3816.9992883788 3782.0267041094 3839.8890221351 3659.4063370297 3881.4705930159 3690.3725087746 3878.2865440358 3440.9801182131 3569.3034461012 3672.7630290643 4254.507637552 3504.4422260526 3676.4860155213 3504.4883863485 3611.686357079 4013.8654046366 4369.015007818 3669.8020291297 3865.4525335914 3419.054913469 3550.0581697509 4085.1407137085 3981.6117396836 4152.5098390709 3758.25591795 3351.8757112754 3364.544592768 3593.2396877663 4352.7966324358 3776.8599223392 4078.2732130649 3465.6552889131 3641.6447700018 3553.1522206716 3727.8136558483 3737.4761186361 3745.529108125 3588.5443984757 4282.4477255062 3826.3232852863 3848.422828636 3913.0974958003 4232.6591787955 3851.3725129866 3920.6222818995 3659.0501723153 4139.8087109624 3984.8412002094 3904.7042391507 4046.2080693582 4162.9604968519 3459.0758469139 3465.0944439388 4033.6201248081 4022.5241571399 4121.3061629421 4179.318701134 3415.5831735429 3610.2899814859 3968.3409578727 4139.3123106744 3959.3607640981 4087.0324611122 4210.4718568866 4497.6479685175 4088.6181996877 4477.2150602859 4365.5934755851 4423.3107422726 4398.2264995219 4533.386134009 3281.7398605065 3294.7495917282 3502.0507276847 3761.6301989097 3815.4472889472 4187.0995436514 4101.4780493176 4302.8533137537 3533.2209287021 3421.1973992888 3304.3335190875 4071.3601549794 3888.381828142 4020.4227856148 3993.9997118337 4119.5244388559 4063.0662724056 4157.2181999608 4042.4599876422 4374.2733828563 4127.0445862874 4278.8140082329 4067.9633490683 4208.2430395744 4217.9588864524 4378.4791187522 4247.6978950159 4352.5093658696 3789.8804764487 4116.2912108524 4042.4708145291 4113.3208599993 3996.7670401202 3925.9547153899 4134.6333129487 4332.3592657254 3976.0375547927 3886.7012420451 4065.9820167926 4174.6385541674 3619.3194460842 3818.4042815449 3967.9882970149 4042.5959892542 3990.9281124626 3725.9162301308 3811.1630462638 4482.6900855529 4255.7443489191 4475.0893198276 3972.1060056604 3919.5173008337 3795.1541897181 3795.1858485397 3559.6618562769 3865.3181895868 3654.2475382638 3803.0077472645 3788.4822630166 3670.462823552 3712.5457487949 3858.7461864742 3603.2237802969 3756.3476970231 3645.7551500656 3975.5258954937 3562.8930135499 3900.2343256917 3673.8988951847 3596.316253447 3677.5862959226 3723.4497664536 3709.0400162805 4444.0955859847 3873.0810715494 3580.4360452474 3741.9187179178 3586.3460333319 3597.0672647157 3670.3087033608 3653.0920102782 3455.1796671123 3407.4068826316 3550.8318344174 3550.3673917688 3458.6351109083 3531.4051730375 3533.4474371645 3611.8037335752 3467.3836880693 3536.1914989756 3559.0926318446 3614.4455185076 3487.3567042537 3650.1624007264 3593.0827231298 3605.9749844061 3521.6291601148 3575.2003283993 3526.6508840876 3748.3328606562 3506.4649853282 3570.4161858231 3591.2161061782 3531.2320999961 3642.9522826666 3667.7695716321 3418.9856287484 3248.8356159957 3614.7116485277 3583.893226235 3680.270995958 3769.6576657673 3397.1611882083 3422.4748359403 3380.2717757627 3192.5887636313 3410.9808354641 3484.5493869616 3348.3498389414 3285.7223723071 3430.3843128065 3427.2103437134 3512.1659686886 3663.6724063755 3616.7105364474 3737.3483924313 3427.8948309634 3548.3253058971 3747.6763163223 3701.0582280922 3799.0055068565 3779.9902475915 3560.1729834778 3495.1410530866 3434.9011756989 3785.0771276424 3903.3674900934 3598.360830691 3798.776588689 4055.6157887125 3231.2805220016 3327.8906030123 3175.5172213897 3191.7318336374 3171.7237801048 3261.3028142421 3208.3666845963 3345.9757749402 3139.4078528689 3273.9088257815 3347.9218904375 3294.2372320561 3107.7985560528 3297.2582657646 3360.7825753218 3411.7651937548 3339.3323985126 3401.3851070655 3457.9435857554 3383.0818885021 3272.3219094633 3381.2710550127 3497.0636943848 3516.3866682101 3174.0741651686 3178.4252210911 3273.0727571459 3164.9134714044 3140.2936061225 3302.2862709668 3179.3377011793 3132.2511366936 2714.3555945047 2754.3464529171 2176.4184325055 2290.0780740905 2455.6736969043 2389.2764211397 2516.3762971012 2427.2419553054 2464.1410222445 2399.7285572447 2347.3739357516 2297.2736606503 2488.8569259384 2426.6834941786 2394.2937372406 2477.18789532 2453.0594285368 2700.7957754058 2514.9537695998 2542.9488934737 2661.159301745 2701.49423147 2670.2816272759 2598.6062392999 2621.3316938786 2689.0190267813 3117.5700979638 3093.900222586 3276.8195987165 3081.6003551904 3015.3367750523 3116.6642509223 3183.3758486211 3219.3470794923 3217.4817635357 3217.541559888 3350.8876239349 3222.758144336 3155.8643798999 2959.5362669984 3026.4538068302 5440.1215123516 5310.8887069355 5195.1840975017 5113.9489639748 5386.2908647779 5349.2417718386 4143.3140259827 4135.2533935892 5062.4021072438 5008.2947493285 5123.2155709217 5167.7763355411 4600.8882997375 4536.4306026936 4603.3244491068 4526.2784917316 3955.5960487344 3892.7025643409 3838.5310627056 3945.0076154376 4020.6931246463 4265.6475777503 3997.1898840147 4084.1281592374 4166.7760440923 4208.7939943965 4739.6362984001 4872.5824675537 4858.1986772325 4954.5667698982 4859.7124565228 4788.8539789967 4749.4565754804 4828.6286311004 4878.0068137119 4687.7172443562 4872.9010543929 4663.104185064 4685.4396362864 5001.1236895597 4923.9655501777 5163.3339860031 4921.0777062694 5129.7895145799 5096.7437643386 5161.3024666364 5083.0503678534 5054.5079673368 5061.4682157485 5038.6779956166 5052.4277258991 5023.6851508309 5041.7685104761 5053.0320176313 5032.3421972358 5057.8942204249 5046.6510111899 4981.9252918048 5045.6421773851 5039.968917991 5016.3608332038 5031.627854203 4933.6544559767 4964.7178620278 4844.492820731 4719.2254870979 4897.9910311405 4872.8493547938 4995.7670851545 4996.3896339017 4975.8552045592 5039.7177742726 5019.3994158635 5107.1021835818 5039.5784040616 5408.4389822249 5351.3971437796 4995.0032012866 5059.7863588968 4941.9655351791 4963.0684998026 4926.8243919848 4576.9158915666 4855.3975119048 5002.484629689 4744.1882435262 4667.8436787277 4890.4004666981 4931.4042807103 4920.6683286487 5047.5890986903 4719.1563222764 4379.0477144868 4715.7667296385 4807.4550743072 4668.5777745929 4660.7560607659 4864.9324516781 4823.342344775 4598.3983628844 4513.0975901222 4891.4177678095 4907.2231724358 4646.147561997 4594.5589049151 4745.249082944 4418.1425602327 4545.030143754 4634.9389909303 4911.19860039 4825.5107610836 4978.0331768293 4860.593286361 4887.0139504454 4672.1763922763 4968.6443931953 4920.7612733043 5047.028784323 4740.9552866085 4974.438933735 4849.3634611884 4503.3587176667 4408.4266219807 4850.2076170826 4451.0071529688 4920.039313743 4782.8605438624 4554.9812419902 4482.5134923975 4651.9282728701 4754.1958874203 4404.978980946 4539.1242577145 4817.6704530088 4723.8504315739 4473.1926629255 4433.0790841224 4335.3262931586 4378.430736496 4502.1105504426 4449.022241688 4780.4647414878 4579.8512343919 4818.2613784305 4866.7237670596 4361.1222742168 4793.5211817002 4607.2107054038 4535.6515683554 4615.5598732908 4583.8871730266 4378.8669249562 4442.8100266351 4290.3572400908 4814.4298704962 4843.3483447856 4896.3804471522 4854.4106867189 5232.0179577036 5159.2530879037 5154.8730722554 5235.0948298646 4228.3784638488 4358.3286940457 4508.0503311164 4551.938602706 5062.9285156414 5172.3862382749 3907.5059756482 4001.9249617566 3763.6126536472 3639.9724749194 3742.1817392618 3819.7899138555 3833.8539494704 3798.3892680168 4425.5338244065 4482.062668091 4308.6324279369 4273.8775837026 4167.3045655728 4151.4191915402 4255.8454099812 4328.998702911 4524.0020992041 4344.6618190804 4300.9326071998 4312.2358214679 4326.5912173044 4370.3965170919 4410.8226062129 4489.7090863527 3739.6560487071 4310.6488067028 3708.1677667724 3780.7639703948 3495.2263679493 3558.1259721075 3668.3893225739 3623.0419396052 3702.7842324124 3719.0111078365 3527.6864066668 3572.3615665367 3468.6383238419 3398.1790651091 3654.2210986638 3809.4130746515 3762.6026626402 3870.0560914673 3919.3331852802 3987.7403857913 3729.8753035117 3935.6345349907 4139.7458891724 3668.5324999218 3759.8203815357 3592.3704539275 3602.6050700944 3482.860480407 3540.7320642814 3550.5586360468 3574.7893281704 3504.6567961959 3532.4220726916 3477.9576349993 3463.3582221153 3872.8198185356 3515.4789922293 3480.8739012602 3404.9045103285 3421.9537583604 3451.8201591064 3301.4335004321 3381.5842576264 3738.3984461557 3491.3051151997 3507.4197203923 3717.2413951237 3230.500369126 3225.3989930964 3412.9238919882 3380.1582646244 3064.2215135186 3157.1870399064 3052.3279551096 3119.479267412 3048.4517226933 2994.708677118 3026.6161128139 3110.2878784091 2995.7524874541 2927.5399872162 2221.1430579966 2232.5020583131 2219.7252815464 2090.4129100263 2113.8700448926 2255.1298349041 2095.9623412973 2258.2264985028 2160.902652208 2028.5911496742 2012.616115312 1985.5868624032 2040.081955562 2764.2116917496 2901.8400138627 3249.9751156113 3367.4066475226 3433.4253230734 3333.7916072293 3303.9181192331 3344.1429609939 3226.1148222713 3291.0240322338 3209.1145572352 3247.1096643341 3302.3735262489 3361.3259419015 3127.1138496179 3162.6580877871 3262.361987062 3311.7486929887 3368.5468750065 3406.3466173231 3282.4826596214 3337.9082125269 3043.604245222 3170.7107070103 3373.8304252939 3429.4292669256 3250.6170609724 3276.6548598244 4424.6005519567 4331.1270808028 4176.3725865016 4358.316618106 4437.3417721495 4493.6825925029 4721.790768819 4655.8248797764 4611.085827996 4548.7830899056 4596.1429014025 4686.5032092196 4667.8720455905 4817.0425087389 4573.7134774484 4637.2728119706 4519.7121741423 4657.4268681749 4493.9515054094 4530.5328644671 4622.4340125281 4549.0667149165 4516.362919574 4463.1464888761 4600.409757456 4695.5984413842 4565.6167780686 4631.353100537 4804.1675359513 4897.2223936728 4835.4952002546 4894.6911505265 4822.0028388547 4355.0466522518 4298.1791864287 4472.240632301 4372.5387116067 4423.5301948024 4487.3497059871 4392.6137488447 4522.8759592041 4281.6367453924 4395.9099097604 4443.7583563169 4344.340711167 4401.5542045157 4189.9752480899 4399.4476163543 4414.8835310255 4448.6515422811 4483.3392303055 4243.244697184 4608.2612068635 4366.3324015747 4358.063806536 4168.5711449154 4394.6909597256 4339.7088359917 4427.9284037706 4358.2022197042 4267.8390811884 4312.4123529774 4035.3130818757 4251.8470672498 4280.5761922261 4214.8280393429 4250.8923130765 4225.1346751344 4149.334234312 4217.0487672431 4166.8266402087 4198.6599517609 4104.2420831501 4096.1359305999 4292.1546802108 4019.9808051467 4111.8026609765 4145.4645280877 4287.3862264495 4253.5975043419 4322.708816568 4229.4076139072 4167.8884154482 4105.4106467323 4139.8622371649 4080.9514072472 4063.8807350849 4193.1310293624 4155.9626313829 4067.9735244535 4065.0386139277 4111.822888475 4153.5827987183 4067.9433753441 4160.1073718181 4242.5890279881 3999.2317631348 3915.1880493755 4074.9643722945 4106.9840825419 4090.2232882116 4018.1196111275 3903.225065689 3880.054829229 4019.5692959281 3844.7605783485 3944.9024318974 4038.0640326446 4026.2011037726 3976.685376401 3916.656043978 3849.4226895243 3978.6972913378 3832.0077182396 4019.6702856486 3963.3694078327 4000.8523775549 3919.4453193011 3902.8393289167 3831.2669899656 3899.458398773 3871.5624955318 3933.5969122555 3789.0139040526 3835.9271208307 3775.7779930572 3800.4434781727 3708.684298637 3728.4051209155 3875.6539177773 3931.6762823313 3641.5508599807 3662.5792158004 3689.9813820428 4947.0308000036 4986.4384024622 5000.6500462046 4971.7809370815 5181.2753349671 5151.8828693474 5204.9207769976 5231.712463038 5055.7275931519 5077.2492850678 5117.4785526577 5129.7126070444 5101.9286613228 5074.5668542047 5018.9487931545 5036.1964847407 4985.505641715 4926.157785325 4960.3711516087 4947.872611644 4942.4393428205 4943.5147659941 4934.7526168904 4971.4753384257 4901.4377282821 4872.6096935054 4815.4110516651 4845.5314222553 4866.7975154836 4896.8440291788 4791.5781116098 4822.3866580506 4620.7974124404 4756.3296652888 5025.077671497 5055.335784832 4880.6334138515 4839.5303260934 4273.7553328676 4272.5885109259 4256.1193366535 4366.9581057715 4406.5487032256 4495.809544707 4677.0844739943 4656.0837724128 4726.2679006032 4646.2717097908 4483.648695282 4573.6069110067 4540.2531676879 4334.3684541012 4308.6018282038 4452.6314873869 4424.1180313842 4446.797503369 4336.4709807977 4469.6408845558 4393.2036485354 4308.8159935825 4405.9727595959 4202.561169673 4293.8954117016 4177.9203310845 4220.1174307863 4256.6148801627 4336.78026039 4215.7373822438 4294.2191272541 3997.7532419995 4010.1485783322 3962.7320441835 3879.9383856095 3820.9519735592 3855.3721302205 3769.2340817862 3818.9238877545 2130.1550337161 2192.8481602111 2798.5022729168 2846.4904253905 2907.5576905651 2794.5731528884 2921.1526701242 2862.9867644347 2833.4038115004 2961.3426165785 2957.6269026262 2955.156337607 2932.9013131774 2893.0236487601 2926.0331351994 2877.7714328155 3002.9256978579 2985.01000274 2937.7464541888 2974.8396801442 2981.8448434039 2944.5289784364 3001.0708774053 3049.0005265033 3018.545812353 3065.5343154807 2989.3048505307 3011.1797952196 3067.9465164823 3146.6285861841 3043.3420069346 3022.213206528 3072.8779741143 3104.1211358827 3002.7310738516 3044.5299106116 3029.9020202169 2993.9029759307 3065.2540403962 3101.1060410898 3100.6024955578 3086.5817810933 3072.4000872085 3082.9340501234 3115.8585332452 3159.1022014706 3142.2783205465 3083.0150919075 3087.8861722676 3097.7773204961 3155.5022104924 3109.2426169838 3122.1912217594 3122.4469839756 3124.4336984973 3182.2770085856 3176.8523324843 3166.1365477546 3107.0487287921 3265.4936976048 3145.1589449253 3203.1102035339 3233.7862424038 3190.2990194701 3158.8051694514 3091.8240237669 3255.169080376 3254.3517046068 3213.0167450955 3105.8200171757 3068.8339561915 3141.4653377595 3053.2527410919 3094.5433404809 3085.4296104358 3141.7921328538 3025.5975479471 3081.7804894585 3012.3986012505 3058.863068404 3086.2228826779 3125.1073257829 3142.4815171863 3232.2966253739 3144.7549769381 3061.7555053377 3127.7833081392 3047.0466235859 3070.8687474172 3081.0600821116 3091.4347110987 3123.2021932068 3107.2199006189 3125.4614091827 3145.9906199559 3154.4291547466 3340.9421543333 3162.6247549233 3137.5016544908 3171.0761595129 3142.4552373284 3152.8892000912 3203.5794701713 3427.9771929284 3137.1493903904 3412.4619344603 3155.0322437443 3158.5608478419 3360.5696662356 3451.1340977458 3270.8440834152 3186.7745317323 3475.8285263498 3376.5538363496 3343.1902871582 3380.00122483 3390.3522034857 3470.1816419999 3461.5227043692 3430.1727610637 3410.5141987537 3267.6459034044 3187.1407036081 3450.4447682852 3460.8143986008 3433.3673302424 3500.3151978913 3528.4804413148 3516.9923734172 4136.0840774231 4188.2078192764 4098.4798317647 4146.7896816202 4865.3924179311 4727.8235133322 4725.095528812 4762.6568788474 4761.9223913315 4793.7989357987 4797.3563645193 4290.0905105504 3925.9762900167 3887.8870679318 3643.4552532123 3614.1246194026 3479.1626951388 3510.8014148422 3459.6528483894 3461.6370793428 3448.2055585399 3359.1345680989 3413.3142342156 3468.1475301356 3404.6847239499 3342.1564750794 3419.1676102372 3354.5066671394 3359.6348940892 3334.1610283298 3308.5264130333 3288.806351279 3394.7227532621 3394.2610528965 3382.567601198 3168.5799074406 3171.8619606761 3319.7003171689 3188.2819599342 3435.7516453211 3426.9770363851 3168.0552168648 3197.8278424836 3192.2399239474 3190.9408378515 3252.9581249444 3216.6268353925 3359.1987028895 3290.333227857 3246.6029862534 3291.7042390462 3235.9970406372 3239.3521318581 4989.8796081826 3481.4682087945 5025.5361892275 4788.9912610954 4768.7021274784 4746.9233523882 4786.5588453378 4769.6193375979 4874.52783582 4819.7334972172 4427.1007272888 4414.7735286265 4545.6661576476 4511.9893798616 4601.0988717058 4676.0476954259 4745.087101885 4662.097707029 3020.7765578013 2990.760431875 3282.7847976089 3266.8096097059 3224.5738620313 3237.8740345278 3190.8814354892 3173.2077905773 3209.2188756146 3217.9855675095 3185.0201162551 3195.2231884441 3232.6059473398 3249.9268305449 3210.6805116003 3172.0075860876 3214.5814966542 3200.1410701936 3195.0051435658 3199.4818519071 3236.0764340635 3252.2316301006 3229.328091699 3271.0402781564 3230.2304875342 3323.1365782576 3212.8251549743 3248.9397233294 3209.2636447802 3217.3953578305 3258.0663102054 3323.9813863905 3177.0524879295 3261.8134831749 3252.3282757898 3339.6231306675 3273.3674053753 3288.8988025169 3195.4338560927 3266.7913845034 3237.5711703827 3273.6187531217 3204.5073365321 3241.9777554333 3303.2516020428 3304.9345948136 3286.2032360739 3279.075113581 3356.5375031748 3269.4941410556 3335.6133160694 3319.1932100493 3315.359012919 3200.7081545734 3212.1993849252 3197.350482248 3191.8682003492 3181.6063446147 3218.4512475901 3194.9262537572 3194.4006374782 3186.6414584767 3212.1016623585 3282.3465635498 3181.7749339365 3292.0090905509 3201.7226349974 3219.2201508368 3181.381256546 3165.851216502 3157.854669396 3161.4583011469 3220.7422749984 3252.4951407268 3230.6039567123 3260.0194553009 3201.0702764895 3249.3813581814 3202.1666718249 3236.2943886428 3229.4976451537 3214.121428686 3203.6799373434 3209.9724987056 3225.3739169839 3232.0727744158 3204.2355532504 3207.6518325378 3199.0952586082 3200.1813406281 3142.5702476756 3123.5518805987 3155.0413254739 3181.829449328 3357.8413881361 3370.5095462746 3314.8342205004 3333.5753206109 4355.40242723 4305.2839611782 3669.1649463197 4195.3149325045 3628.8979819594 3703.6618242993 3738.2552573661 3610.3089080898 3559.7693058681 3525.8515373349 3543.6849896436 3581.5152707822 3649.7552057778 3612.6355930238 3620.7864484613 3459.3933732157 3412.0039532816 3359.3505374314 3375.3378282511 3174.0600872599 3175.5311185963 3328.5359473152 3307.0021208853 3495.4016890725 3515.3554496782 4753.0634632674 4719.8610021145 3204.4803256545 3180.1771334038 3160.5537810163 3175.3594189362 3322.1189821795 3331.5016215944 3685.5037263582 3722.1349111898 3480.4592838897 3453.730244336 3160.1355522372 3177.7572861108 1114.4310189718 1232.1732424872 2134.7983304437 2253.7127870862 3526.8165027092 3816.7937772996 2105.8640386503 1950.0775256957 1353.3177580756 1365.7551717921 4363.2663143073 4473.1221820939 4128.1038675219 4210.5806772843 3301.2415763577 3397.8767022293 2643.9465333555 2668.8310635371 5024.5681373092 5009.3377012238 3429.4234701923 3337.4995681123 3474.1758372383 3508.0337903983 5522.4501074965 5409.8683576997 5040.802643094 5030.0134764872 
POINT_DATA 3967
